-- phpMyAdmin SQL Dump
-- version 4.1.14
-- http://www.phpmyadmin.net
--
-- Client :  127.0.0.1
-- Généré le :  Mar 08 Septembre 2015 à 21:08
-- Version du serveur :  5.6.17
-- Version de PHP :  5.5.12

SET SQL_MODE = "NO_AUTO_VALUE_ON_ZERO";
SET time_zone = "+00:00";


/*!40101 SET @OLD_CHARACTER_SET_CLIENT=@@CHARACTER_SET_CLIENT */;
/*!40101 SET @OLD_CHARACTER_SET_RESULTS=@@CHARACTER_SET_RESULTS */;
/*!40101 SET @OLD_COLLATION_CONNECTION=@@COLLATION_CONNECTION */;
/*!40101 SET NAMES utf8 */;

--
-- Base de données :  `revivre`
--

-- --------------------------------------------------------

--
-- Structure de la table `acheter`
--

CREATE TABLE IF NOT EXISTS `acheter` (
  `CHA_NumDevis` int(11) NOT NULL,
  `ACH_Date` date NOT NULL,
  `ACH_NumAchat` int(11) NOT NULL AUTO_INCREMENT,
  `ACH_Montant` double NOT NULL,
  `FOU_NumFournisseur` int(11) NOT NULL,
  `TAC_Id` int(11) NOT NULL,
  PRIMARY KEY (`ACH_NumAchat`,`CHA_NumDevis`,`FOU_NumFournisseur`),
  KEY `fk_Chantiers_has_Fournisseurs_Chantiers1_idx` (`CHA_NumDevis`),
  KEY `fk_Acheter_Fournisseurs1_idx` (`FOU_NumFournisseur`),
  KEY `fk_Acheter_TypeAchat1_idx` (`TAC_Id`)
) ENGINE=InnoDB  DEFAULT CHARSET=utf8 AUTO_INCREMENT=498 ;

--
-- Contenu de la table `acheter`
--

INSERT INTO `acheter` (`CHA_NumDevis`, `ACH_Date`, `ACH_NumAchat`, `ACH_Montant`, `FOU_NumFournisseur`, `TAC_Id`) VALUES
(2, '2014-11-19', 1, 77.4, 13, 2),
(2, '2014-11-18', 2, 12.96, 13, 3),
(2, '2014-11-19', 3, 219.28, 13, 2),
(3, '2014-11-25', 4, 219.42, 13, 2),
(3, '2014-11-25', 5, 96.8, 13, 2),
(6, '2014-12-04', 6, 191.55, 13, 2),
(56, '2015-01-19', 7, 45.92, 13, 2),
(57, '2015-01-06', 8, 474.4, 13, 2),
(57, '2015-01-06', 9, 5.78, 13, 3),
(57, '2015-01-13', 10, 85.55, 13, 3),
(57, '2015-01-12', 11, 104.5, 18, 2),
(57, '2015-01-08', 12, 54.54, 13, 2),
(57, '2015-01-08', 13, 88.15, 13, 3),
(57, '2015-01-13', 14, 45.92, 13, 2),
(60, '2015-01-08', 15, 10, 38, 10),
(65, '2015-01-13', 16, 10, 38, 10),
(67, '2015-01-14', 17, 4, 38, 10),
(68, '2015-01-15', 18, 5, 38, 10),
(69, '2015-01-15', 19, 5, 38, 10),
(70, '2015-01-16', 20, 5, 38, 10),
(71, '2015-01-19', 21, 5, 38, 10),
(17, '2015-01-13', 27, 63.08, 38, 10),
(75, '2015-01-22', 28, 2, 38, 10),
(77, '2015-01-22', 29, 4, 38, 10),
(58, '2015-01-21', 30, 158.02, 13, 2),
(56, '2015-01-19', 31, 525.15, 13, 2),
(78, '2015-01-29', 32, 5, 38, 10),
(59, '2015-01-26', 33, 235.49, 13, 2),
(59, '2015-01-28', 34, 45.92, 13, 2),
(62, '2015-01-07', 35, 170.38, 10, 5),
(61, '2015-01-12', 36, 3.8, 10, 3),
(61, '2015-01-12', 37, 6.84, 54, 3),
(61, '2015-01-12', 38, 26.04, 54, 3),
(61, '2015-01-12', 39, 14, 54, 1),
(61, '2015-01-12', 40, 19.96, 54, 1),
(81, '2015-02-03', 41, 5, 38, 10),
(82, '2015-02-04', 42, 4, 38, 10),
(76, '2015-02-04', 43, 112.59, 13, 2),
(76, '2015-02-04', 44, 21.2, 13, 2),
(61, '2015-01-12', 45, 19.29, 54, 3),
(61, '2015-01-12', 46, 17.16, 54, 2),
(61, '2015-01-12', 47, 13, 54, 2),
(61, '2015-01-12', 48, 9.29, 54, 2),
(61, '2015-01-12', 49, 12.36, 54, 3),
(61, '2015-01-12', 50, 21.85, 54, 3),
(61, '2015-01-12', 51, 9.22, 54, 3),
(61, '2015-01-12', 52, 20.52, 54, 3),
(61, '2015-01-12', 53, 15.2, 54, 3),
(61, '2015-01-12', 54, 10.45, 54, 3),
(61, '2015-01-12', 55, 21.09, 54, 3),
(61, '2015-01-14', 56, 285.07, 54, 2),
(61, '2015-01-15', 57, 173.42, 54, 2),
(61, '2015-01-19', 58, 21.57, 54, 3),
(61, '2015-01-19', 59, 574.26, 54, 2),
(61, '2015-01-21', 60, 239.27, 54, 2),
(61, '2015-01-23', 61, 8.06, 54, 2),
(61, '2015-01-23', 62, 9.37, 54, 2),
(61, '2015-01-23', 63, 8.68, 54, 2),
(61, '2015-01-23', 64, 18.91, 54, 1),
(61, '2015-01-15', 65, 1116.81, 54, 2),
(61, '2015-01-21', 66, 1982.2, 54, 2),
(61, '2015-01-30', 67, 2612.09, 54, 2),
(61, '2015-02-04', 68, 321.96, 54, 2),
(76, '2015-02-05', 69, 3.93, 16, 3),
(61, '2015-01-14', 70, 53.4, 28, 1),
(62, '2015-01-07', 71, 170.38, 10, 2),
(85, '2015-02-06', 72, 5, 38, 10),
(86, '2015-02-09', 73, 2, 38, 10),
(76, '2015-02-03', 74, 62.3, 28, 1),
(76, '2015-02-05', 75, 5.56, 13, 2),
(89, '2015-02-09', 76, 7.56, 13, 3),
(89, '2015-02-09', 77, 124.94, 13, 2),
(89, '2015-02-09', 78, 48.98, 13, 2),
(89, '2015-02-09', 79, 32.34, 13, 2),
(90, '2015-02-09', 80, 8.35, 13, 3),
(90, '2015-02-09', 81, 144.94, 13, 2),
(90, '2015-02-09', 82, 32.34, 13, 2),
(61, '2015-02-11', 83, 7.4, 54, 2),
(92, '2015-02-12', 84, 2.5, 38, 10),
(89, '2015-02-11', 85, 340.07, 13, 2),
(89, '2015-02-11', 86, 31.2, 13, 2),
(90, '2015-02-11', 87, 566.78, 13, 2),
(90, '2015-02-11', 88, 31.2, 13, 2),
(90, '2015-02-11', 89, 13.77, 13, 3),
(90, '2015-02-11', 90, 13.92, 54, 2),
(61, '2015-02-06', 91, 128.28, 54, 2),
(61, '2015-02-06', 92, 13.3, 54, 3),
(61, '2015-02-06', 93, 5.46, 54, 3),
(61, '2015-02-06', 94, 4.96, 54, 3),
(61, '2015-02-06', 95, 26.75, 54, 2),
(61, '2015-02-06', 96, 17.7, 54, 2),
(76, '2015-02-10', 97, 84, 13, 2),
(76, '2015-02-10', 98, 32.34, 13, 2),
(94, '2015-02-11', 99, 2, 38, 10),
(92, '2015-02-12', 100, 2.5, 38, 10),
(90, '2015-02-05', 101, 48.97, 13, 2),
(93, '2015-02-13', 102, 6.35, 54, 2),
(93, '2015-02-13', 103, 6.75, 54, 2),
(93, '2015-02-13', 104, 5.86, 54, 2),
(97, '2015-02-20', 105, 7.38, 13, 3),
(97, '2015-02-20', 106, 35.48, 13, 2),
(97, '2015-02-19', 107, 97.95, 13, 2),
(97, '2015-02-19', 108, 47.7, 13, 2),
(97, '2015-02-19', 109, 84, 13, 2),
(83, '2015-02-02', 110, 168.62, 15, 4),
(98, '2015-02-24', 111, 139.58, 13, 2),
(98, '2015-02-24', 112, 104.69, 13, 2),
(98, '2015-02-24', 113, 3.57, 13, 2),
(98, '2015-02-20', 114, 39.97, 13, 2),
(98, '2015-02-24', 115, 850.18, 13, 2),
(100, '2015-02-25', 116, 5, 38, 10),
(101, '2015-02-27', 117, 5, 38, 10),
(102, '2015-02-26', 118, 5, 38, 10),
(98, '2015-02-27', 119, 3.73, 54, 2),
(84, '2015-02-03', 120, 539.88, 75, 11),
(84, '2015-02-04', 121, 33.3, 53, 1),
(84, '2015-02-04', 124, 106, 77, 2),
(76, '2015-02-10', 125, 97.95, 13, 2),
(98, '2015-02-25', 126, 2, 53, 8),
(98, '2015-02-26', 127, 2, 53, 8),
(98, '2015-02-27', 128, 2, 53, 8),
(103, '2015-03-04', 129, 0, 53, 10),
(79, '2015-01-30', 130, 0, 53, 10),
(64, '2015-01-23', 131, 0, 53, 10),
(105, '2015-02-20', 132, 5, 38, 10),
(107, '2015-03-11', 133, 2, 38, 10),
(108, '2015-03-10', 134, 2, 38, 10),
(106, '2015-03-11', 135, 17.34, 13, 2),
(109, '2015-03-24', 136, 12.76, 13, 2),
(61, '2015-02-13', 137, -582.92, 54, 2),
(61, '2015-02-24', 138, -80.8, 54, 2),
(110, '2015-03-12', 139, 5, 38, 10),
(61, '2015-02-24', 140, -55.17, 54, 2),
(61, '2015-02-25', 141, -66.17, 54, 2),
(61, '2015-02-25', 142, -41.47, 54, 2),
(61, '2015-02-27', 143, -64.67, 54, 2),
(61, '2015-02-27', 144, -64.67, 54, 2),
(61, '2015-02-28', 146, 14.28, 32, 3),
(61, '2015-02-13', 147, 12.7, 54, 2),
(61, '2015-02-13', 148, 8.5, 54, 2),
(61, '2015-02-13', 149, 18.38, 54, 2),
(61, '2015-02-13', 150, 107.82, 54, 2),
(61, '2015-02-17', 151, 37.57, 54, 3),
(61, '2015-02-24', 152, 109.77, 54, 2),
(61, '2015-02-27', 153, 57.4, 54, 2),
(61, '2015-03-03', 154, 2.46, 54, 3),
(61, '2015-03-03', 155, 4.62, 54, 3),
(61, '2015-03-03', 156, 20.52, 54, 3),
(61, '2015-03-03', 157, 9.4, 54, 3),
(61, '2015-03-03', 158, 9.4, 54, 3),
(61, '2015-03-03', 159, 3.44, 54, 3),
(61, '2015-03-03', 160, 8.57, 54, 3),
(61, '2015-03-03', 161, 24.06, 54, 3),
(61, '2015-03-03', 162, 10.91, 54, 2),
(61, '2015-03-03', 163, 8.23, 54, 2),
(61, '2015-03-10', 164, 62.5, 54, 3),
(61, '2015-03-13', 165, 11.66, 13, 3),
(106, '2015-03-09', 166, 97.95, 13, 2),
(106, '2015-03-09', 167, 42.4, 13, 2),
(106, '2015-03-09', 168, 47.7, 13, 2),
(106, '2015-03-12', 169, 392.06, 13, 2),
(106, '2015-03-12', 170, 72.11, 13, 2),
(113, '2015-03-10', 171, 277.8, 13, 2),
(113, '2015-03-10', 172, 97.95, 13, 2),
(113, '2015-03-10', 173, 84, 13, 2),
(61, '2015-03-16', 175, 3.23, 54, 1),
(61, '2015-03-16', 176, 20.51, 54, 1),
(61, '2015-03-16', 177, 3.36, 54, 3),
(61, '2015-03-16', 178, 14.42, 54, 3),
(61, '2015-03-16', 179, 17.83, 54, 3),
(61, '2015-03-16', 180, 18.15, 54, 3),
(61, '2015-03-16', 181, 7.99, 13, 3),
(113, '2015-03-18', 182, 339.36, 13, 2),
(109, '2015-03-19', 183, 79.94, 13, 2),
(115, '2015-03-18', 184, 8.23, 54, 2),
(115, '2015-03-18', 185, 30.55, 12, 5),
(115, '2015-03-18', 186, 11, 73, 1),
(115, '2015-03-18', 187, 4.9, 73, 3),
(115, '2015-03-18', 188, 157.5, 73, 4),
(109, '2015-03-20', 189, 763.56, 13, 2),
(113, '2015-03-18', 190, 252.85, 13, 2),
(61, '2015-03-18', 191, -16.04, 54, 2),
(113, '2015-03-23', 192, 3.75, 54, 2),
(61, '2015-03-18', 193, 2.95, 54, 2),
(61, '2015-03-18', 194, 20.41, 54, 2),
(61, '2015-03-19', 195, 4.21, 13, 3),
(61, '2015-03-19', 196, 65.96, 13, 3),
(124, '2015-03-25', 197, 5, 38, 10),
(125, '2015-03-25', 198, 3, 38, 10),
(61, '2015-03-23', 199, 47.7, 13, 2),
(61, '2015-03-25', 200, 47.7, 13, 2),
(61, '2015-03-25', 201, 97.95, 13, 2),
(61, '2015-03-25', 202, 16.85, 54, 2),
(61, '2015-03-25', 203, 47.89, 54, 3),
(61, '2015-03-25', 204, 45.92, 13, 2),
(61, '2015-03-25', 205, 24.29, 13, 3),
(127, '2015-03-27', 206, 5, 38, 10),
(128, '2015-03-30', 207, 3, 38, 10),
(129, '2015-03-30', 208, 3, 38, 10),
(134, '2015-03-31', 209, 5, 38, 10),
(61, '2015-03-31', 210, 97.95, 13, 2),
(130, '2015-03-24', 211, 37.2, 13, 2),
(130, '2015-03-18', 212, 380.11, 13, 2),
(61, '2015-03-31', 213, 97.95, 13, 2),
(135, '2015-04-01', 214, 10, 38, 10),
(136, '2015-03-12', 215, 89.71, 13, 2),
(132, '2015-04-01', 216, 16.18, 13, 3),
(132, '2015-03-31', 217, 46.75, 13, 2),
(132, '2015-03-18', 218, 898.75, 13, 2),
(132, '2015-04-02', 219, 186.67, 26, 2),
(132, '2015-04-03', 220, 613.33, 78, 2),
(131, '2015-04-14', 221, 124.59, 13, 2),
(140, '2015-04-02', 222, 15, 38, 10),
(141, '2015-04-09', 223, 5, 38, 10),
(142, '2015-04-03', 224, 10, 38, 10),
(143, '2015-04-13', 225, 10, 38, 10),
(144, '2015-04-13', 226, 5, 38, 10),
(150, '2015-04-14', 227, 5, 38, 10),
(131, '2015-04-02', 228, 670.83, 13, 2),
(151, '2015-04-14', 229, 0, 53, 11),
(152, '2015-04-15', 230, 5, 38, 10),
(84, '2015-02-02', 231, 143, 76, 2),
(148, '2015-04-13', 232, 400.79, 13, 2),
(148, '2015-04-13', 233, 32.34, 13, 2),
(148, '2015-04-13', 234, 39.97, 13, 2),
(148, '2015-04-13', 235, 0, 13, 2),
(149, '2015-04-13', 236, 21.2, 13, 2),
(149, '2015-04-13', 237, 79.94, 53, 2),
(149, '2015-04-13', 238, 32.34, 13, 2),
(149, '2015-04-13', 239, 534.4, 13, 2),
(117, '2015-04-10', 240, 82.5, 13, 3),
(154, '2015-04-16', 241, 10, 38, 10),
(149, '2015-04-13', 242, 62.4, 13, 2),
(148, '2015-04-20', 243, 16.87, 13, 2),
(131, '2015-04-03', 244, 197.06, 13, 2),
(131, '2015-04-10', 245, 79.94, 13, 2),
(131, '2015-04-14', 246, 331.97, 11, 2),
(132, '2015-04-10', 247, 7.12, 13, 3),
(132, '2015-04-09', 248, 11.21, 13, 3),
(132, '2015-04-09', 249, 12.24, 13, 2),
(132, '2015-04-09', 250, 9.9, 16, 3),
(165, '2015-04-22', 251, 5, 38, 10),
(132, '2015-03-25', 252, 58.51, 13, 3),
(156, '2015-04-22', 254, 18.3, 79, 2),
(156, '2015-04-22', 255, 21.7, 53, 2),
(166, '2015-04-23', 256, 5, 38, 10),
(155, '2015-04-22', 257, 14.6, 79, 2),
(155, '2015-04-21', 258, 19.93, 65, 3),
(167, '2015-04-27', 259, 5, 38, 10),
(131, '2015-04-24', 260, 3.57, 13, 2),
(131, '2015-04-24', 261, 74.2, 13, 3),
(131, '2015-04-13', 262, 16.34, 13, 3),
(155, '2015-04-21', 263, 111.39, 79, 2),
(132, '2015-04-24', 264, 8.3, 13, 2),
(132, '2015-04-24', 265, 6.84, 13, 3),
(155, '2015-04-24', 266, 3.9, 79, 3),
(168, '2015-04-28', 267, 5, 38, 10),
(173, '2015-04-30', 268, 10, 38, 10),
(131, '2015-05-04', 269, 172.8, 13, 3),
(175, '2015-05-06', 270, 5, 38, 10),
(172, '2015-04-28', 271, 86.88, 79, 3),
(172, '2015-05-05', 272, 148.9, 79, 2),
(172, '2015-05-05', 273, 72, 79, 2),
(24, '2015-05-04', 274, 235.23, 38, 10),
(172, '2015-05-07', 275, 70.87, 54, 2),
(170, '2015-05-06', 276, 29.27, 22, 2),
(170, '2015-05-11', 277, 5.1, 13, 2),
(170, '2015-04-27', 278, 95.11, 13, 3),
(170, '2015-04-27', 279, 31.47, 13, 2),
(179, '2015-05-13', 280, 9.89, 54, 1),
(179, '2015-05-13', 281, 35.16, 54, 2),
(172, '2015-05-13', 282, 135.62, 54, 3),
(24, '2015-05-05', 283, 0, 38, 10),
(179, '2015-05-18', 284, 38.02, 54, 2),
(180, '2015-05-18', 285, 5, 38, 10),
(185, '2015-05-19', 286, 5, 38, 10),
(186, '2015-05-20', 287, 10, 38, 10),
(187, '2015-05-20', 288, 5, 38, 10),
(160, '2015-05-07', 289, 65.93, 15, 15),
(159, '2015-05-05', 290, 65.93, 15, 15),
(189, '2015-05-21', 291, 5, 38, 10),
(190, '2015-05-21', 292, 5, 38, 10),
(178, '2015-05-11', 293, 84, 13, 2),
(178, '2015-05-11', 294, 97.95, 13, 2),
(178, '2015-05-11', 295, 6.53, 13, 2),
(178, '2015-05-21', 296, 11.56, 16, 2),
(178, '2015-05-15', 297, 30.63, 13, 2),
(178, '2015-05-11', 298, 247.38, 13, 2),
(178, '2015-05-11', 299, 52.45, 13, 3),
(178, '2015-05-13', 300, 46.9, 54, 2),
(178, '2015-05-13', 301, 25.93, 35, 3),
(157, '2015-05-05', 302, 65.93, 15, 15),
(158, '2015-05-06', 303, 65.93, 15, 15),
(196, '2015-05-26', 304, 25.6, 13, 2),
(198, '2015-05-28', 305, 5, 38, 10),
(191, '2015-06-26', 306, 19.42, 26, 2),
(191, '2015-06-19', 307, 34.96, 16, 2),
(191, '2015-06-20', 308, 41.08, 16, 2),
(192, '2015-05-18', 309, 19.88, 81, 3),
(192, '2015-05-22', 310, 22.04, 54, 1),
(192, '2015-05-22', 311, 13.24, 54, 1),
(192, '2015-05-22', 312, 19.78, 54, 1),
(192, '2015-05-22', 313, 14.1, 54, 2),
(192, '2015-05-22', 314, 55.95, 54, 3),
(192, '2015-05-22', 315, 50.84, 79, 11),
(192, '2015-06-15', 316, 67.29, 25, 2),
(192, '2015-05-26', 317, 14.19, 10, 2),
(192, '2015-05-26', 318, 6.84, 10, 3),
(192, '2015-05-26', 319, 3.84, 10, 3),
(192, '2015-05-26', 320, 7.84, 79, 2),
(192, '2015-05-27', 321, 74.72, 54, 2),
(192, '2015-05-27', 322, 14.21, 79, 2),
(194, '2015-05-22', 323, 633.56, 13, 2),
(194, '2015-06-03', 324, 303.25, 13, 2),
(194, '2015-06-02', 325, 15.24, 54, 2),
(194, '2015-06-01', 326, 101.24, 13, 2),
(192, '2015-05-29', 327, 87.94, 79, 2),
(192, '2015-06-01', 328, 16.95, 79, 2),
(192, '2015-06-01', 330, 9.5, 15, 3),
(192, '2015-06-02', 331, 30.68, 54, 2),
(192, '2015-06-02', 332, 33.38, 54, 1),
(192, '2015-06-02', 333, 28.48, 54, 3),
(192, '2015-06-03', 334, 14.7, 9, 2),
(194, '2015-06-04', 335, 39.97, 13, 2),
(197, '2015-06-15', 336, 25.4, 8, 9),
(193, '2015-06-01', 337, 75.07, 15, 4),
(192, '2015-05-22', 338, 54.91, 15, 4),
(192, '2015-06-04', 339, 122.04, 15, 4),
(196, '2015-06-04', 340, 20.32, 13, 3),
(196, '2015-06-08', 341, 132.45, 13, 2),
(199, '2015-06-09', 342, 10, 38, 10),
(200, '2015-06-01', 343, 5, 38, 10),
(201, '2015-06-02', 344, 5, 38, 10),
(202, '2015-06-03', 345, 10, 38, 10),
(203, '2015-06-04', 346, 5, 38, 10),
(192, '2015-06-01', 347, 12.41, 12, 3),
(206, '2015-06-15', 348, 5, 38, 10),
(196, '2015-06-15', 349, 23, 39, 2),
(196, '2015-06-04', 350, 283.19, 13, 2),
(208, '2015-06-10', 351, 5, 38, 10),
(196, '2015-06-10', 352, 6.77, 22, 2),
(196, '2015-06-10', 353, 13.18, 22, 2),
(204, '2015-06-15', 354, 97.95, 13, 2),
(204, '2015-06-15', 355, 9.8, 13, 3),
(209, '2015-06-11', 356, 80.94, 22, 3),
(209, '2015-06-11', 357, 40.9, 16, 3),
(205, '2015-06-17', 358, 241.57, 11, 2),
(211, '2015-06-17', 359, 241.57, 11, 2),
(192, '2015-06-10', 360, 9.59, 54, 2),
(192, '2015-06-10', 361, 14.91, 54, 3),
(192, '2015-06-12', 362, 41.43, 54, 2),
(192, '2015-06-12', 363, 19.9, 54, 3),
(192, '2015-06-11', 364, 42.45, 54, 2),
(192, '2015-06-08', 365, 48.28, 10, 2),
(217, '2015-06-17', 366, 10, 38, 10),
(193, '2015-06-03', 367, 40.2, 10, 3),
(193, '2015-06-09', 370, 31.73, 25, 2),
(193, '2015-06-03', 371, 20.92, 10, 3),
(193, '2015-06-03', 372, 12.54, 10, 3),
(193, '2015-06-03', 373, 3.42, 10, 3),
(193, '2015-06-03', 374, 3.32, 10, 3),
(193, '2015-06-03', 375, 9.91, 10, 2),
(193, '2015-06-03', 376, 14.12, 10, 2),
(193, '2015-06-03', 377, 14.19, 10, 2),
(193, '2015-06-03', 378, 32.4, 10, 2),
(212, '2015-06-22', 379, 342.72, 13, 2),
(192, '2015-06-05', 380, 51.34, 54, 3),
(192, '2015-06-05', 381, 36.71, 53, 2),
(192, '2015-06-05', 382, 16.5, 54, 3),
(192, '2015-06-05', 383, 9.3, 54, 1),
(212, '2015-06-22', 384, 398.22, 13, 2),
(212, '2015-06-24', 385, 65.12, 13, 3),
(192, '2015-05-20', 386, 71.26, 54, 3),
(212, '2015-06-22', 387, 318.8, 13, 2),
(192, '2015-06-04', 388, 136.4, 54, 3),
(192, '2015-06-04', 389, 14.1, 54, 2),
(193, '2015-05-20', 390, 138.5, 54, 2),
(212, '2015-06-25', 391, 251.52, 13, 2),
(212, '2015-06-25', 392, 50.1, 54, 3),
(210, '2015-06-12', 393, 32.44, 54, 1),
(210, '2015-06-12', 394, 39.66, 54, 3),
(214, '2015-06-23', 395, 3.6, 54, 2),
(214, '2015-06-19', 396, 61.5, 25, 2),
(212, '2015-07-01', 397, 66, 13, 2),
(212, '2015-07-01', 398, 14.89, 13, 3),
(222, '2015-06-24', 399, 1991.91, 11, 2),
(222, '2015-06-25', 400, 4.43, 54, 1),
(222, '2015-06-25', 401, 154.85, 54, 3),
(222, '2015-06-29', 403, 7.65, 54, 2),
(222, '2015-06-29', 404, 14.63, 54, 1),
(222, '2015-06-29', 405, 21.62, 16, 3),
(222, '2015-07-02', 406, 8.86, 54, 1),
(222, '2015-07-02', 407, 20.63, 54, 3),
(222, '2015-07-02', 408, 23.04, 11, 2),
(215, '2015-07-03', 409, 220.22, 13, 2),
(215, '2015-07-07', 410, 124.8, 13, 2),
(215, '2015-07-07', 411, 2021.76, 13, 2),
(215, '2015-07-07', 412, 14.76, 13, 3),
(225, '2015-07-07', 413, 5, 38, 10),
(226, '2015-07-08', 414, 5, 38, 10),
(215, '2015-07-08', 415, 128.97, 18, 2),
(215, '2015-07-08', 416, 133.58, 13, 2),
(213, '2015-06-19', 417, 43.38, 54, 3),
(213, '2015-06-19', 418, 44.45, 54, 2),
(213, '2015-06-22', 419, 14.16, 54, 1),
(213, '2015-06-22', 420, 85.1, 54, 2),
(213, '2015-06-19', 421, 106.97, 54, 2),
(213, '2015-06-22', 422, 120.16, 54, 2),
(215, '2015-07-09', 423, 35.38, 54, 3),
(215, '2015-07-09', 424, 113.17, 18, 3),
(215, '2015-07-09', 425, 54.13, 13, 2),
(215, '2015-07-09', 426, 115.32, 13, 3),
(215, '2015-07-09', 427, 3.83, 18, 2),
(228, '2015-07-07', 428, 19.76, 14, 2),
(228, '2015-07-09', 429, 296.42, 83, 2),
(228, '2015-07-06', 430, 113.54, 10, 2),
(228, '2015-07-09', 431, 38.27, 16, 2),
(228, '2015-07-09', 432, 42.45, 54, 2),
(215, '2015-07-08', 433, 329.48, 13, 2),
(215, '2015-07-08', 434, 35.96, 13, 3),
(248, '2015-07-13', 435, 5, 38, 10),
(251, '2015-07-09', 436, 10, 38, 10),
(220, '2015-07-10', 437, 428.65, 13, 2),
(220, '2015-07-13', 438, 41.03, 13, 3),
(227, '2015-07-13', 439, 252.73, 13, 2),
(227, '2015-07-10', 440, 133.87, 13, 2),
(252, '2015-07-15', 441, 5, 38, 10),
(227, '2015-07-16', 442, 240.19, 13, 2),
(227, '2015-07-16', 443, 38.56, 54, 2),
(227, '2015-07-16', 444, 74.74, 13, 2),
(253, '2015-07-16', 445, 5, 38, 10),
(220, '2015-07-16', 446, 14.86, 54, 2),
(210, '2015-06-30', 447, 561.4, 80, 4),
(228, '2015-07-17', 448, 11.61, 54, 2),
(227, '2015-07-17', 449, 79.63, 13, 2),
(227, '2015-07-17', 450, 5.35, 13, 3),
(227, '2015-07-17', 451, 169.65, 13, 2),
(227, '2015-07-20', 452, 76.3, 54, 2),
(228, '2015-07-15', 453, 9.72, 54, 1),
(228, '2015-07-15', 454, 95.72, 54, 3),
(259, '2015-07-20', 455, 5, 38, 10),
(220, '2015-07-20', 456, -15.15, 13, 2),
(228, '2015-07-08', 457, 3.49, 54, 11),
(261, '2015-07-22', 459, 5, 38, 10),
(228, '2015-07-22', 460, 10.81, 16, 3),
(228, '2015-07-22', 461, 10.81, 16, 3),
(232, '2015-04-30', 462, 69.8, 25, 3),
(260, '2015-07-20', 463, 50.18, 13, 2),
(260, '2015-07-20', 464, 0, 13, 3),
(265, '2015-07-24', 465, 5, 38, 10),
(228, '2015-07-24', 466, 64.54, 54, 3),
(26, '2015-07-09', 467, 277.83, 38, 10),
(260, '2015-07-27', 468, 419.32, 13, 2),
(228, '2015-07-17', 469, 27, 29, 3),
(228, '2015-07-24', 470, 39.8, 54, 3),
(267, '2015-07-24', 471, 4.6, 54, 2),
(267, '2015-07-24', 472, 23.84, 54, 2),
(267, '2015-07-24', 473, 7.96, 54, 3),
(267, '2015-07-24', 474, 6.99, 54, 2),
(260, '2015-07-29', 475, 79.63, 13, 2),
(260, '2015-07-29', 476, 84.31, 13, 3),
(260, '2015-07-29', 477, 50.28, 18, 2),
(230, '2015-07-29', 478, 17.74, 9, 2),
(266, '2015-07-28', 479, 131.87, 25, 3),
(266, '2015-07-28', 480, 261.68, 15, 4),
(270, '2015-07-30', 481, 5, 38, 10),
(27, '2015-08-03', 482, 63.25, 38, 10),
(267, '2015-07-24', 483, 20.25, 25, 2),
(267, '2015-07-24', 484, 81, 25, 2),
(188, '2015-07-30', 485, 142.43, 54, 2),
(188, '2015-07-30', 486, 60.42, 79, 2),
(271, '2015-07-31', 487, 5, 38, 10),
(272, '2015-08-03', 488, 5, 38, 10),
(273, '2015-08-04', 489, 5, 38, 10),
(274, '2015-08-05', 490, 5, 38, 10),
(275, '2015-08-05', 491, 2, 38, 10),
(278, '2015-08-11', 492, 5, 38, 10),
(279, '2015-08-12', 493, 10, 38, 10),
(26, '2015-07-14', 494, 230.64, 84, 6),
(27, '2015-08-14', 495, 307.52, 84, 6),
(280, '2015-08-18', 496, 5, 38, 10),
(281, '2015-08-21', 497, 10, 38, 10);

-- --------------------------------------------------------

--
-- Structure de la table `carburant`
--

CREATE TABLE IF NOT EXISTS `carburant` (
  `SAL_NumSalarie` int(5) NOT NULL,
  `VEH_Immatriculation` varchar(7) NOT NULL,
  `CAR_Date` datetime NOT NULL,
  `CAR_Montant` float DEFAULT NULL,
  `CAR_CarbuAvant` float DEFAULT NULL,
  `CAR_CarbuApres` float DEFAULT NULL,
  PRIMARY KEY (`SAL_NumSalarie`,`VEH_Immatriculation`,`CAR_Date`),
  KEY `fk_Salaries_has_Vehicules_Vehicules1_idx` (`VEH_Immatriculation`),
  KEY `fk_Salaries_has_Vehicules_Salaries1_idx` (`SAL_NumSalarie`)
) ENGINE=InnoDB DEFAULT CHARSET=utf8;

-- --------------------------------------------------------

--
-- Doublure de structure pour la vue `chantierachat`
--
CREATE TABLE IF NOT EXISTS `chantierachat` (
`CHA_NumDevis` int(11)
,`CHA_AchatsPrev` double
,`AchatTot` double
,`EcartAch` double(19,2)
);
-- --------------------------------------------------------

--
-- Doublure de structure pour la vue `chantierclient`
--
CREATE TABLE IF NOT EXISTS `chantierclient` (
`CNumDevis` int(11)
,`Client` varchar(45)
,`ClientP` varchar(4)
,`ClientTel` varchar(15)
,`ClientEmail` varchar(45)
,`ClientAd` varchar(45)
,`ClienV` varchar(45)
,`ClientCP` int(11)
,`NumClient` int(11)
,`Structure` varchar(9)
);
-- --------------------------------------------------------

--
-- Doublure de structure pour la vue `chantieretat`
--
CREATE TABLE IF NOT EXISTS `chantieretat` (
`NumDevis` int(11)
,`Etat` varchar(45)
,`Id` int(11)
);
-- --------------------------------------------------------

--
-- Doublure de structure pour la vue `chantierheure`
--
CREATE TABLE IF NOT EXISTS `chantierheure` (
`CHA_NumDevis` int(11)
,`CHA_HeuresPrev` int(11)
,`HeureTot` varchar(10)
,`EcartHeure` varchar(10)
,`NbSalarie` bigint(21)
,`ProgHeure` decimal(38,4)
);
-- --------------------------------------------------------

--
-- Doublure de structure pour la vue `chantiermax`
--
CREATE TABLE IF NOT EXISTS `chantiermax` (
`CHA_NumDevis` int(11)
,`CHA_DateDebut` date
,`CHA_Intitule` varchar(200)
,`CHA_Echeance` date
,`CHA_DateFinReel` date
,`CHA_MontantPrev` double
,`CHA_AchatsPrev` double
,`CHA_HeuresPrev` int(11)
,`CHA_Adresse` varchar(150)
,`CHA_TVA` double
,`CHA_TxHoraire` double
,`CNumDevis` int(11)
,`Client` varchar(45)
,`ClientP` varchar(4)
,`ClientTel` varchar(15)
,`ClientEmail` varchar(45)
,`ClientAd` varchar(45)
,`ClienV` varchar(45)
,`ClientCP` int(11)
,`NumClient` int(11)
,`Structure` varchar(9)
,`Resp` varchar(20)
,`RespP` varchar(20)
,`IdMax` int(11)
);
-- --------------------------------------------------------

--
-- Doublure de structure pour la vue `chantierresp`
--
CREATE TABLE IF NOT EXISTS `chantierresp` (
`RNumDevis` int(11)
,`Resp` varchar(20)
,`RespP` varchar(20)
,`NumSal` int(5)
);
-- --------------------------------------------------------

--
-- Structure de la table `chantiers`
--

CREATE TABLE IF NOT EXISTS `chantiers` (
  `CHA_NumDevis` int(11) NOT NULL AUTO_INCREMENT,
  `CHA_DateDebut` date NOT NULL,
  `CHA_Intitule` varchar(200) NOT NULL,
  `CHA_Echeance` date NOT NULL,
  `CHA_DateFinReel` date DEFAULT NULL,
  `CHA_MontantPrev` double NOT NULL,
  `CHA_AchatsPrev` double NOT NULL,
  `CHA_HeuresPrev` int(11) NOT NULL,
  `CHA_Adresse` varchar(150) DEFAULT NULL,
  `CHA_TVA` double DEFAULT NULL,
  `CHA_TxHoraire` double DEFAULT NULL,
  PRIMARY KEY (`CHA_NumDevis`)
) ENGINE=InnoDB  DEFAULT CHARSET=utf8 AUTO_INCREMENT=282 ;

--
-- Contenu de la table `chantiers`
--

INSERT INTO `chantiers` (`CHA_NumDevis`, `CHA_DateDebut`, `CHA_Intitule`, `CHA_Echeance`, `CHA_DateFinReel`, `CHA_MontantPrev`, `CHA_AchatsPrev`, `CHA_HeuresPrev`, `CHA_Adresse`, `CHA_TVA`, `CHA_TxHoraire`) VALUES
(2, '2014-11-17', 'Réfection Peinture De La Classe 211', '2014-12-05', '2014-11-21', 1494.29, 314.05, 96, '143 Rue De Bayeux', 20, 11.35),
(3, '2014-11-24', 'Réfection Peinture De La Classe 210', '2014-11-28', '2014-11-28', 1517.55, 319.64, 97, '143 Rue De Bayeux', 20, 11.35),
(4, '2014-12-01', 'Mise En Peinture Des Murs Circulation Cave', '2014-12-10', NULL, 2237.39, 299.7, 162, 'Cité Liberé', 10, 11.35),
(5, '2014-12-10', 'Numérotation Des Portes De Caves', '2014-11-11', NULL, 430.32, 186.2, 17, 'Cité Libéré', 10, 11.35),
(6, '2014-12-01', 'Réfection Peinture De La Classe 209', '2014-12-05', '2014-12-04', 1494.29, 318.62, 96, '143 Rue De Bayeux', 20, 11.35),
(7, '2014-12-01', 'Aménagement D\\''Un Local Poubelle Au Tremplin', '2014-12-03', NULL, 1460.52, 515.92, 70, '45 Avenue Du Calvados', 20, 11.35),
(8, '2014-12-04', 'Pose De 2 Range Scooter', '2014-12-09', NULL, 495.25, 250, 15, '45 Avenue Du Calvados', 20, 11.35),
(9, '2015-01-01', 'Tremplin Trimestre 1-2015 Propreté', '2015-03-31', '2015-03-31', 9405, 188.1, 990, '45 Avenue Du Calvados', 20, 9.5),
(10, '2015-01-01', 'Cao Trimestre 1- 2015 Propreté', '2015-03-31', '2015-03-31', 513, 10.26, 54, '4 Rue Guilbert Bp 3087', 20, 9.5),
(11, '2015-01-01', 'Sse Trimestre 1- 2015 Propreté', '2015-03-31', '2015-03-31', 114, 22.8, 12, '31 Rue St Ouen', 20, 9.5),
(12, '2015-01-01', 'Maison Relaie1 Trimestre 1-2015 Propreté', '2015-03-31', '2015-03-31', 741, 14.82, 78, 'Chemin De Mondeville', 20, 9.5),
(13, '2015-01-01', 'Maison Relaie2 Trimestre 1-2015 Propreté', '2015-03-31', '2015-03-31', 256.5, 5.13, 27, 'Chemin De Mondeville', 20, 9.5),
(14, '2015-01-01', 'Cap Trimestre 1- 2015 Propreté', '2015-03-31', '2015-03-31', 1425, 28.5, 150, 'Chemin De Mondeville', 20, 9.5),
(15, '2015-01-01', 'Siege Trimestre 1- 2015 Propreté', '2015-03-31', '2015-03-31', 570, 11.4, 60, 'Chemin De Mondeville', 20, 9.5),
(16, '2015-01-01', 'Résidence Guy Cateau Trimestre 1- Propreté', '2015-03-31', '2015-03-31', 190, 3.8, 20, '45 Avenue Du Calvados', 20, 9.5),
(17, '2015-01-01', 'Libera Janvier 2015 Propreté', '2015-01-31', '2015-01-31', 0, 0, 0, '42 Rue Nelson Mandela 14460 Colombelles', 20, 5.7),
(18, '2015-01-01', 'Tremplin 2015 Entretien Des Espaces Verts', '2015-12-31', '2015-06-30', 1800, 100, 88, '45 Avenue Du Calvados', 0, 19.5),
(19, '2015-01-01', 'Maison Relaie1 2015 Entretien Des Espaces Verts', '2015-12-31', '2015-06-30', 1650, 66, 88, 'Chemin De Mondeville 14460 Colombelles', 0, 18),
(20, '2015-01-01', 'Cap 2015 Entretien Des Espaces Verts', '2015-12-31', NULL, 0, 0, 0, 'Chemin De Mondeville', 0, 0),
(21, '2015-02-01', 'Libera Fevrier 2015 Propreté', '2015-02-28', '2015-02-28', 2817.78, 0, 177, '42 Rue Nelson Mandela 14460 Colombelles', 20, 5.7),
(22, '2015-03-01', 'Libera Mars 2015 Propreté', '2015-03-31', '2015-03-31', 2604.9, 63, 0, '42 Rue Nelson Mandela 14460 Colombelles', 20, 5.7),
(23, '2015-04-01', 'Libera Avril 2015 Propreté', '2015-04-30', '2015-04-30', 3516.9, 0, 0, '42 Rue Nelson Mandela 14460 Colombelles', 20, 5.7),
(24, '2015-05-01', 'Libera Mai 2015 Propreté', '2015-05-31', '2015-05-31', 4770.9, 235.23, 646, '42 Rue Nelson Mandela 14460 Colombelles', 20, 5.7),
(25, '2015-06-01', 'Libera Juin 2015 Propreté', '2015-06-30', '2015-06-30', 4735.8, 0, 0, '42 Rue Nelson Mandela 14460 Colombelles', 20, 5.7),
(26, '2015-07-01', 'Libera Juillet 2015 Propreté', '2015-07-31', '2015-07-31', 0, 277.83, 0, '42 Rue Nelson Mandela 14460 Colombelles', 20, 5.7),
(27, '2015-08-01', 'Libera Aout 2015 Propreté', '2015-08-31', NULL, 0, 63.25, 0, '42 Rue Nelson Mandela 14460 Colombelles', 20, 5.7),
(28, '2015-09-01', 'Libera Septembre 2015 Propreté', '2015-09-30', NULL, 0, 0, 0, '42 Rue Nelson Mandela 14460 Colombelles', 20, 5.7),
(29, '2015-10-01', 'Libera Octobre 2015 Propreté', '2015-10-31', NULL, 0, 0, 0, '42 Rue Nelson Mandela 14460 Colombelles', 20, 5.7),
(30, '2015-11-01', 'Libera Novembre 2015 Propreté', '2015-11-30', NULL, 0, 0, 0, '42 Rue Nelson Mandela 14460 Colombelles', 20, 5.7),
(31, '2015-12-01', 'Libera Decembre 2015 Propreté', '2015-12-31', NULL, 0, 0, 0, '42 Rue Nelson Mandela 14460 Colombelles', 20, 5.7),
(32, '2015-04-01', 'Tremplin Tremestre 2-2015 Propreté', '2015-06-30', '2015-06-30', 9405, 188.1, 990, '45 Avenue Du Calvados', 20, 9.5),
(33, '2015-07-01', 'Tremplin Trimestre 3-2015 Propreté', '2015-09-30', NULL, 9405, 188.1, 990, '45 Avenue Du Calvados', 20, 9.5),
(34, '2015-10-01', 'Tremplin Trimestre 4-2015 Propreté', '2015-12-31', NULL, 9405, 188.1, 990, '45 Avenue Du Calvados', 20, 9.5),
(35, '2015-04-01', 'Cao Trimestre 2-2015 Propreté', '2015-06-30', '2015-06-30', 513, 10.26, 54, '4 Rue Guilbert Bp 3087', 20, 9.5),
(36, '2015-07-01', 'Cao Trimestre 3-2015 Propreté', '2015-09-30', NULL, 513, 10.26, 54, '4 Rue Guilbert Bp 3087', 20, 9.5),
(37, '2015-10-01', 'Cao Trimestre 4-2015 Propreté', '2016-01-31', NULL, 513, 10.26, 54, '4 Rue Guilbert Bp 3087', 20, 9.5),
(38, '2015-04-01', 'Sse Trimestre 2-2015 Propreté', '2015-06-30', '2015-06-30', 114, 2.28, 12, '31 Rue St Ouen', 20, 9.5),
(39, '2015-07-01', 'Sse Trimestre 3-2015 Propreté', '2015-09-30', NULL, 114, 2.8, 12, '31 Rue St Ouen', 20, 9.5),
(40, '2015-10-01', 'Sse Trimestre 4-2015 Propreté', '2015-12-31', NULL, 114, 2.28, 12, '31 Rue St Ouen', 20, 9.5),
(41, '2015-04-01', 'Maison Relaie 1 Trimestre 2-2015 Propreté', '2015-06-30', '2015-06-30', 741, 14.82, 27, 'Chemin De Mondeville', 20, 9.5),
(42, '2015-07-01', 'Maison Relaie1 Trimestre 3-2015 Propreté', '2015-09-30', NULL, 741, 14.82, 78, 'Chemin De Mondeville', 20, 9.5),
(43, '2015-10-01', 'Maison Relaie1 Trimestre 4-2015 Propreté', '2015-12-31', NULL, 741, 14.82, 78, 'Chemin De Mondeville', 30, 9.5),
(44, '2015-04-01', 'Maison Relaie2 Trimestre 2-2015 Propreté', '2015-06-30', '2015-06-30', 243, 4.86, 27, 'Chemin De Mondeville', 20, 9.5),
(45, '2015-07-01', 'Maison Relaie2 Trimestre 3-2015 Propreté', '2015-09-30', NULL, 243, 4.86, 27, 'Chemin De Mondeville', 20, 9.5),
(46, '2015-10-01', 'Maison Relaie2 Trimestre 4-2015 Propreté', '2015-12-31', NULL, 243, 4.86, 27, 'Chemin De Mondeville', 20, 9.5),
(47, '2015-04-01', 'Cap Trimestre 2-2015 Propreté', '2015-06-30', '2015-06-30', 1425, 28.5, 150, 'Chemin De Mondeville', 20, 9.5),
(48, '2015-07-01', 'Cap Trimestre 3-2015 Propreté', '2015-08-31', NULL, 1425, 28.5, 150, 'Chemin De Mondeville', 20, 9.5),
(49, '2015-10-01', 'Cap Trimestre 4-2015 Propreté', '2015-12-31', NULL, 1425, 28.5, 150, 'Chemin De Mondeville', 20, 9.5),
(50, '2015-04-01', 'Siege Trimestre 2-2015 Propreté', '2015-05-31', '2015-06-30', 570, 11.34, 60, 'Chemin De Mondeville', 20, 9.5),
(51, '2015-07-01', 'Siege Trimestre 3-2015 Propreté', '2015-09-30', NULL, 570, 11.4, 60, 'Chemin De Mondeville', 20, 9.5),
(52, '2015-10-01', 'Siege Trimestre 4-2015 Propreté', '2015-12-31', NULL, 570, 11.4, 60, 'Chemin De Mondeville', 20, 9.5),
(53, '2015-04-01', 'Résidence Guy Cateau Trimestre 2-2015 Propreté', '2015-06-30', '2015-06-30', 190, 3.8, 20, '45 Avenue Du Calvados', 20, 9.5),
(54, '2015-07-01', 'Residence Guy Cateau Trimestre 3-2015 Propreté', '2015-09-30', NULL, 190, 3.8, 20, '45 Avenue Du Calvados', 20, 9.5),
(55, '2015-10-01', 'Residence Guy Cateau Trimestre 4-2015', '2015-12-31', NULL, 190, 3.8, 20, '45 Avenue Du Calvados', 20, 9.5),
(56, '2015-01-05', 'Réfection Lgt 33 Au 70 Rue De La Guérinière', '2015-01-12', '2015-01-29', 2450.46, 617.65, 145, '70 Rue De La Guérinère', 10, 11.35),
(57, '2015-01-26', 'Réfection Du Lgt 7 Au 9 Rue Jean Jaurés', '2015-02-03', '2015-01-13', 3422.63, 914.67, 197, '9 Rue Jean Jaurès', 10, 11.35),
(58, '2015-01-26', 'Réfection Du Lgt 41 Au 171 Rued\\''Auge', '2014-12-26', '2015-01-23', 1183.6, 158.64, 86, '171 Rue D\\''Auge', 10, 11.35),
(59, '2015-02-03', 'Réfection Du Lgt 2 Allée Des Tourterelles (2Eme Tranche)', '2015-02-09', '2015-01-29', 1832.16, 299.17, 127, '2 Allée Des Tourterelles', 10, 11.35),
(60, '2015-01-08', '21 Rue Elsa Triolet Logt 1Colombelles 14460', '2015-01-08', '2015-01-08', 69.12, 10, 6, '21 Rue Elsa Triolet Logt 1 Colombelles 14460', 20, 11.52),
(61, '2015-01-13', 'Aménagement Des Combles', '2015-02-28', '2015-06-01', 17231.71, 7932.94, 609, '8 Impasse Des Blés Cagny', 10, 11.35),
(62, '2014-12-01', 'Formation Equipe Gob', '2015-12-31', '2015-01-07', 0, 0, 0, 'Chemin De Giberville Colombelles', 20, 11.35),
(63, '2014-11-01', 'Formation Equipe Sob', '2015-12-31', NULL, 0, 0, 0, 'Chemin De Giberville Colombelles', 20, 11.35),
(64, '2015-01-01', 'Formation Auto Laveuse Equipe Propreté', '2015-12-31', '2015-01-23', 0, 0, 0, 'Chemin De Giberville', 20, 9.5),
(65, '2015-01-13', '902 Quartier Du Bois', '2015-01-14', '2015-01-13', 161.28, 10, 14, '142000 Herouville St Clair', 20, 11.52),
(66, '2015-01-09', 'Maison Relais Logt N 8', '2015-01-09', '2015-01-09', 19, 2, 2, 'Résidence Du Plateau Chemin De Mondeville', 20, 9.5),
(67, '2015-01-14', '21 Rue Elsa Triolet Logt 2Colombelles 14460', '2015-01-14', '2015-01-14', 92.16, 4, 8, '14460 Colombelles', 20, 11.52),
(68, '2015-01-15', '6 Rue De L Eglise', '2015-01-15', '2015-01-15', 92.16, 5, 8, '14460 Colombelles', 20, 11.52),
(69, '2015-01-15', '2 Allee Annie Girardot Logt 5', '2015-01-15', '2015-01-15', 80.64, 5, 7, '14460 Colombelles', 20, 11.52),
(70, '2015-01-16', '18 Rue Thomas Masaryk Logt 5', '2015-01-16', '2015-01-16', 103.68, 5, 9, 'Colombelles 14460', 20, 11.52),
(71, '2015-01-19', '27 Rue D Ifs Logt 14', '2015-01-19', '2015-01-19', 92.16, 5, 8, 'Fleury Sur Orne 14123', 20, 11.52),
(72, '2015-01-16', 'Remplacement M Agustina N° 1', '2015-01-16', '2015-01-16', 19.04, 0, 2, 'Foyer Le Tremplin 14000 Caen', 20, 9.52),
(73, '2015-01-20', 'Remplacement M Agustina N° 2', '2015-01-21', '2015-01-21', 95.2, 0, 10, 'Foyer Le Tremplin 14000 Caen', 20, 9.52),
(74, '2015-01-26', 'Remplacement M Agustina N° 3', '2015-01-26', '2015-01-26', 47.6, 0, 5, 'Foyer Le Tremplin 14000 Caen', 20, 9.52),
(75, '2015-01-22', 'Lgt 7 Au 6 Rue De La Cité Libérée', '2015-01-22', '2015-01-22', 28.8, 2, 3, '6 Rue De La Cité Libérée 1460 Colombelles', 20, 11.52),
(76, '2015-02-03', 'Lgt 29 Rue Léon Blum', '2015-02-20', '2015-03-25', 2734.68, 402.77, 198, '29 Rue Léon Blum 14460 Colombelles', 10, 11.35),
(77, '2015-01-22', 'Appt A Papa', '2015-01-22', '2015-01-22', 38.08, 4, 4, 'La Folie Couvrechef Herouville 14000', 20, 9.52),
(78, '2015-01-29', 'Logt 22 Potigny', '2015-01-29', '2015-01-29', 115.2, 5, 10, '52 Rue Du G Leclerc Potigny 14420', 20, 11.52),
(79, '2015-01-30', 'Formation Fauteuil Tissu Equipe Propreté', '2015-12-31', '2015-01-30', 0, 0, 2, 'Chemine De Mondeville 14460 Colompbelles', 20, 9.5),
(80, '2015-01-05', 'Atelier Occupationnel Capvert', '2015-12-31', NULL, 0, 0, 0, 'Chemin De Giberville', 20, 0),
(81, '2015-02-03', 'Logt 36 Rue Du Chemin Vert', '2015-02-03', '2015-02-03', 95.2, 5, 10, '36 Rue Du Chemin Vert', 20, 9.52),
(82, '2015-02-04', 'Chrs Logt 57', '2015-02-04', '2015-02-04', 66.64, 4, 7, '1003 Herouville St Clair', 20, 9.52),
(83, '2015-02-02', 'Préparation Du Terrain Pour Plantation De Végétaux', '2015-02-02', '2015-02-02', 534.09, 183, 26, 'Plateau De Colombelles', 20, 11.35),
(84, '2015-02-03', 'Fourniture Et Plantation De Végétaux', '2015-03-31', '2015-02-27', 1984.8, 568.44, 64, 'Plateau De Colombelles', 20, 11.35),
(85, '2015-02-06', 'Logt 16', '2015-02-06', '2015-02-06', 126.72, 5, 11, '52 Rue Du G Leclerc Potigny 14420', 20, 11.52),
(86, '2015-02-09', 'Logt 3', '2015-02-09', '2015-02-09', 69.16, 2, 6, '9 Rue Francois Mourier Colombelles', 20, 11.52),
(87, '2015-02-05', 'Remplacement M Agustina N4', '2015-02-05', '2015-02-05', 47.6, 0, 5, 'Foyer Le Tremplin 14000 Caen', 20, 9.52),
(88, '2015-02-09', 'Remplacement M Agustina N5', '2015-02-21', '2015-02-20', 476, 0, 50, 'Foyer Le Tremplin 14000 Caen', 20, 9.5),
(89, '2015-02-09', 'Refection Salle Des Professeurs', '2015-02-20', '2015-02-16', 1989.53, 686.42, 97, '3 Rue Nicolas Oresme', 20, 11.35),
(90, '2015-02-09', 'Réfection Du Secrétériat', '2015-02-09', '2015-02-16', 2408.93, 861.92, 113, '3 Rue Nicolas Oresme', 20, 11.35),
(91, '2015-02-09', 'Manutention Du Mobilier Salle Des Professeurs Et Secrétériat', '2015-02-20', '2015-02-23', 158.9, 0, 14, '3 Rue Nicolas Oresme', 20, 11.35),
(92, '2015-02-12', 'Logt Foyer Normand', '2015-02-12', '2015-02-12', 115.2, 5, 10, '12 Rue Des Charmilles Giberville 14730', 20, 11.52),
(93, '2015-02-16', 'Pose D\\''Un Panneau De Chantier', '2015-02-16', '2015-02-16', 251.6, 70, 16, 'Rue De Suresne', 20, 11.35),
(94, '2015-02-11', 'Lgt 8 Maison Relaie', '2015-02-11', '2015-02-11', 19, 2, 2, 'Chemin De Mondeville', 20, 9.5),
(95, '2015-02-17', 'Formation Sante Securite', '2015-02-17', '2015-02-17', 0, 0, 14, 'Chemin De Mondeville Colombelles 14460', 0, 0),
(96, '2015-02-18', 'Formation Gestes Et Postures', '2015-02-18', '2015-02-18', 0, 0, 12, 'Le Cap Chemin De Mondeville Colombelles 14460', 0, 0),
(97, '2015-02-19', 'Réfection Du Lgt N° 9', '2015-02-27', '2015-02-28', 2062.17, 335.2, 143, 'Chemin De Mondevile', 10, 11.35),
(98, '2015-02-23', 'Réfection Sol Lgt 39 Rue St Martin', '2015-02-27', '2015-02-28', 1747.5, 989.71, 41, '39 Rue St Martin', 10, 11.35),
(99, '2015-02-24', 'Formation Restauration', '2015-02-24', '2015-02-24', 0, 0, 0, 'Chemin De Mondeville Colombelles 14460', 0, 0),
(100, '2015-02-25', 'Appt A Papa', '2015-02-25', '2015-02-25', 47.5, 5, 5, 'Rue Du Devon Herouville St Clair', 20, 9.5),
(101, '2015-02-27', 'Appt Foyer Normand', '2015-02-27', '2015-02-27', 115.2, 5, 10, '27 Rue Leon Blum', 20, 11.52),
(102, '2015-02-26', 'Appt Foyer Normand', '2015-02-26', '2015-02-26', 115.2, 5, 10, '6 Rue De La Cite Liberee Colombelles 14460', 20, 11.52),
(103, '2015-03-04', 'Formation Lavage De Vitre A L\\''Américaine', '2015-03-04', '2015-03-04', 0, 0, 8, 'Chemin De Mondeville', 20, 9.5),
(104, '2015-03-05', 'Hotel Libéra Mars Lavage De Vitrerie Restaurant', '2015-03-05', '2015-03-05', 19, 0, 2, '42 Rue Nelson Mandela 14460 Colombelles', 20, 9.5),
(105, '2015-02-20', 'Appt Foyer Normand', '2015-02-20', '2015-02-20', 115, 5, 10, '419 Bis Avenue Des 10 Acres 14112 Bieville Beuville', 20, 11.5),
(106, '2015-03-09', 'Réfection Peinture', '2015-03-20', '2015-03-31', 2976.62, 686.51, 184, '13 Rue Haute Rue', 10, 11.35),
(107, '2015-03-11', 'Res Armor Logt 403', '2015-03-11', '2015-03-11', 19, 2, 2, 'Rue De La Gare 14000 Caen', 20, 9.5),
(108, '2015-03-10', 'Logt N 16', '2015-03-10', '2015-03-10', 19, 2, 2, 'Foyer Le Tremplin Rue Du Cavados 14000 Caen', 20, 9.5),
(109, '2015-03-09', 'Lgt 12 Au 7 Rue Salvator Allende', '2015-03-31', '2015-03-31', 2295.84, 1026.07, 85, '7 Rue Salvator Allende', 10, 11.35),
(110, '2015-03-12', 'Maison Troarn', '2015-03-12', '2015-03-12', 115, 5, 10, '3 Bis Rue De Bavent Troarn', 20, 11.5),
(111, '2015-01-05', 'Reliquat Heure Chantier Citélibéré Mustiere', '2015-03-31', '2015-03-31', 0, 0, 0, 'Divers', 10, 11.35),
(112, '2015-03-12', 'Archive Sncf Mars 2015', '2015-03-12', '2015-03-12', 265.17, 50, 12, '53 Rue De La Gare', 20, 11.35),
(113, '2015-03-09', 'Lgt 4 Au 1 Rue Salvator Allende', '2015-03-30', '2015-03-31', 2496.41, 586.84, 153, '1 Rue Salvator Allende', 10, 11.35),
(114, '2015-03-11', 'Formation Sante Csecurite', '2015-03-11', '2015-03-11', 0, 0, 4, 'Chemin De Mondeville Caen', 0, 0),
(115, '2015-03-17', 'Démolition Cloison Poste De Colombelles', '2015-03-18', '2015-04-30', 707.72, 192.25, 42, 'Ancienne Poste De Colombelles', 20, 11.35),
(116, '2015-03-17', 'Démolition Cloison Poste De Colombelles', '2015-03-18', NULL, 707.72, 192.25, 42, 'Ancienne Poste De Colombelles', 20, 11.35),
(117, '2015-03-31', 'Démoussage Façade', '2015-04-30', '2015-04-15', 1560.52, 84.76, 128, '8 Rue Du Petit Clos St Marc', 20, 11.35),
(118, '2015-03-16', 'Formation Gestes Et Postures', '2015-03-16', '2015-03-16', 0, 0, 12, 'Chemin De Mondeville Colombelles', 0, 0),
(119, '2015-03-17', 'Formation Entretien Cage Escalier', '2015-03-17', '2015-03-17', 0, 0, 0, 'Chemin De Mondeville 14460 Colombelles', 0, 0),
(120, '2015-03-18', 'Formation Autolaveuse Scrubtec', '2015-03-18', '2015-03-18', 0, 0, 0, 'Chemin De Mondeville 14460 Colombelles', 0, 0),
(121, '2015-03-19', 'Formation Decapage Humide Monobrosse', '2015-03-19', '2015-03-19', 0, 0, 0, 'Lecap Chemin De Mondeville Colombelles', 0, 0),
(122, '2015-03-24', 'Formation Nettoyage Mobiler Et Sol', '2015-03-24', '2015-03-24', 0, 0, 0, 'Le Cap Giberville', 0, 0),
(123, '2015-03-25', 'Formation Gestes Et Postures', '2015-03-25', '2015-03-25', 0, 0, 0, 'Le Cap Colombelles', 0, 0),
(124, '2015-03-25', 'Appt Colombelles', '2015-03-25', '2015-03-25', 126.72, 5, 10, '1 Rue Salvador Allende Logt 4 Colombelles', 20, 11.5),
(125, '2015-03-25', 'Appt Colombelles', '2015-03-25', '2015-03-25', 103.5, 3, 9, '6 Rue De La Revolution Des Oeillets Colombelles', 20, 11.5),
(126, '2015-03-26', 'Formation Monobrosse Methode Spray', '2015-03-26', '2015-03-26', 0, 0, 0, 'Le Cap Colombelles', 0, 0),
(127, '2015-03-30', 'Appt Colombelles', '2015-03-30', '2015-03-27', 115, 5, 10, '47 Rue Maurice Fouques Logt 5 Colombelles', 20, 11.5),
(128, '2015-03-30', 'Ap0Prt Colombelles', '2015-03-30', '2015-03-30', 69, 3, 6, '4 Allee Annie Girardot Colombelles Logt 2', 20, 11.5),
(129, '2015-03-30', 'Appt Colombelles', '2015-03-30', '2015-03-30', 69, 3, 6, '18 Rue De La Revolution Des Oeillets Colombelles', 20, 11.5),
(130, '2015-03-25', 'Sol Résidence Pierre Aubaudan', '2015-03-26', '2015-03-27', 776.28, 408.1, 26, '3 Rue Nicolas Oresme', 20, 11.35),
(131, '2015-03-27', 'Finition Peinture Maison Dioceaine', '2015-04-06', '2015-04-30', 4962.7, 1805.65, 247, '3 Rue Nicolas Oresme', 20, 11.35),
(132, '2015-03-26', 'Revetement De Sol Et Menuiserie Intérieur', '2015-03-31', '2015-06-01', 3442.37, 2014.86, 90, '8 Impasse Des Blés Cagny', 10, 11.35),
(133, '2015-03-23', 'Prestation Espace Vert Alaperrine', '2015-03-31', '2015-03-31', 143.2, 14, 5, '12 Rue Des Primeveres', 20, 22),
(134, '2015-03-31', 'Appt Troarn', '2015-03-31', '2015-03-31', 138, 5, 12, '90 Rue De Rouen Logt 3 Troarn', 20, 11.5),
(135, '2015-04-01', 'Appt De M Thaudait', '2015-04-01', '2015-04-01', 171, 10, 18, '97 C Rue D Herouville Caen', 20, 9.5),
(136, '2015-03-02', 'Avenant Réfection Des Escaliers', '2015-03-31', '2015-03-31', 297.68, 116.23, 16, '13 Rue Haute-Rue', 10, 11.35),
(137, '2015-03-01', 'N° 1 Libera Tonte +Nettoyage Massif Et Suivi Arrosage Plantation', '2015-03-30', '2015-03-24', 168.15, 32, 11, 'Hotel Libera', 20, 22),
(138, '2015-02-02', 'Garantie Devis Fourniture Plantation Hotel Libera', '2015-12-31', NULL, 0, 0, 0, 'Hotel Libera', 20, 22),
(139, '2015-04-03', 'Lgt 10 Au 8 Raymond Cosson', '2015-04-03', '2015-04-03', 35.07, 5.47, 0, '8 Raymond Cosson', 10, 11.35),
(140, '2015-04-02', 'Appt Colombelles', '2015-04-03', '2015-04-03', 230, 15, 15, '7 Allee Annie Girardot Colombelles', 20, 11.5),
(141, '2015-04-09', 'Appt Colombelles', '2015-04-09', '2015-04-09', 115, 5, 10, '7 Rue Salvador Allende Logt 12 Colombelles 14460', 20, 11.5),
(142, '2015-04-03', 'Bungalow', '2015-04-03', '2015-04-03', 114, 10, 12, '57 Cours Cafarelli Caen 14000', 20, 9.5),
(143, '2015-04-13', 'Appt Colombelles F N', '2015-04-13', '2015-04-13', 138, 10, 12, '1 Rue Salvador Allende Logt 7 Colombelles 14460', 20, 11.5),
(144, '2015-04-13', 'Appt Spip', '2015-04-13', '2015-04-13', 114, 5, 12, '1003 Appt 58 Herouville St Clair14000', 20, 9.5),
(145, '2015-04-09', 'Erdf Manutention', '2015-04-09', '2015-04-09', 227, 0, 16, 'Divers', 20, 11.35),
(146, '2015-03-02', 'Manutention Bureau (4 Personnes)', '2015-03-04', '2015-04-15', 1589, 0, 140, 'Bd Vanier', 20, 11.35),
(147, '2015-03-31', 'Manutention Bureau(2 Personnes)', '2015-04-15', '2015-04-15', 528.7, 0, 63, 'Bd Vanier', 20, 11.35),
(148, '2015-04-13', 'Réfection De La Salle Photocopieur', '2015-04-17', '2015-04-24', 1787.09, 584.15, 91, '3 Rue Nicolas Oresme', 20, 11.35),
(149, '2015-04-20', 'Réfection De L\\''Accueil', '2015-04-24', '2015-04-24', 2436.17, 888.45, 113, '3 Rue Nicolas Oresme', 20, 11.35),
(150, '2015-04-14', 'Appt Relais', '2015-04-14', '2015-04-14', 76, 5, 8, '1009 Logt 123 Herouville St Clair', 20, 9.5),
(151, '2015-04-14', 'Déménagement Mr Hornoy', '2015-04-14', '2015-04-14', 316.1, 44.1, 32, 'Au Foyer Logement A Colombelles', 20, 8.5),
(152, '2015-04-15', 'Appt Colombelles', '2015-04-15', '2015-04-15', 92, 5, 8, '13 Rue Rouget De Lisle Colombelles Logt 8', 20, 11.5),
(153, '2015-04-15', 'Dépose Placard La Poste Colombelles', '2015-04-15', '2015-04-15', 102.27, 17.55, 7, 'Ancienne Poste Colombelles', 20, 11.35),
(154, '2015-04-16', 'Appt', '2015-04-17', '2015-04-16', 138, 10, 12, '1 Rue Salvador Allende Logt 11 Colombelles', 20, 11.5),
(155, '2015-04-20', 'Ctp Réparation Des Marches Coté Cours', '2015-04-24', '2015-04-24', 1425.05, 362.18, 87, '3 Rue Nicolas Oresme', 20, 11.35),
(156, '2015-04-20', 'Réparation Des Marches Coté Parking', '2015-04-25', '2015-04-24', 231.6, 50, 16, '3 Rue Nicolas Oresme', 20, 11.35),
(157, '2015-04-20', 'Reprise Entretien Tonte N° 0 Annie Girardot', '2015-12-31', '2015-06-01', 175.32, 50, 8, '24 Annie Girardot', 20, 22),
(158, '2015-04-20', 'Reprise Entretien Tonte N° 0 Rose Blanche', '2015-12-31', '2015-06-01', 196, 50, 8, '22 Rue Rose Blanche', 20, 22),
(159, '2015-04-20', 'Reprise Entretien Tonte N° 0 Michel Farré', '2015-12-31', '2015-06-01', 325.36, 50, 8, 'Rue Michel Farré', 20, 22),
(160, '2015-04-20', 'Reprise Entretien Tonte N° 0 Raymond Cosson', '2015-12-31', '2015-06-01', 226.45, 50, 8, '810 Rue Raymond Cosson', 20, 22),
(161, '2015-04-17', 'Formation Sol Methode Spray', '2015-04-17', '2015-04-17', 0, 0, 8, 'Appt Foyer Normand Colombelles', 0, 0),
(162, '2015-04-20', 'Formation Nettoyage Fauteuil Tissu', '2015-04-20', '2015-04-20', 0, 0, 16, 'Le Cap Colombelles', 0, 0),
(163, '2015-04-21', 'Formation Nettoyage De Vitres A La Perche', '2015-04-21', '2015-04-21', 0, 0, 16, 'Le Cap Colombelles', 0, 0),
(164, '2015-04-22', 'Refection Sdb Lgt 8 Maison Relaie 1', '2015-04-22', '2015-06-18', 890.67, 290.93, 45, 'Chemin De Mondeville', 20, 11.35),
(165, '2015-04-22', 'Appt Colombelles', '2015-04-22', '2015-04-22', 92.16, 5, 8, '38 Rue Maurice Fouques Logt 2 Colombelles', 20, 11.5),
(166, '2015-04-23', 'Appt Colombelles', '2015-04-23', '2015-04-23', 92, 5, 8, '13 Rue Rougets De Lisle Appt 4', 20, 11.5),
(167, '2015-04-27', '4 Rue De L Egalite Le Theatre Des Cerisiers Logt 5', '2015-04-27', '2015-04-27', 115, 5, 10, 'Colombelles 14460', 20, 11.5),
(168, '2015-04-28', 'Appt Giberville', '2015-04-28', '2015-04-28', 92, 5, 8, '5 Rue De La Fraternite Logt 14 Giberville', 20, 11.5),
(169, '2015-04-28', 'Formation Sante Securite', '2015-04-28', '2015-04-28', 0, 0, 14, 'Le Cap Colombelles', 20, 0),
(170, '2015-04-27', 'Lgt 2 Au 7 Rue Salvateur Allende', '2015-05-08', '2015-07-31', 3098, 784.14, 209, '7 Rue Salvator Allende', 10, 11.35),
(171, '2015-04-10', 'Prestation Manutention De Mobilier Accueil Et Photocopieur', '2015-04-27', '2015-04-27', 136.2, 0, 12, '3 Rue Nicolas Oresme', 20, 11.35),
(172, '2015-04-27', 'Réfection Du Mur Mitoyen Coté Lotissement', '2015-05-15', '2015-05-13', 2652.49, 682.18, 168, '3 Rue Nicolas Oresme', 20, 11.35),
(173, '2015-04-30', 'Appt Colombelles', '2015-04-30', '2015-04-30', 69, 10, 6, '10 Rue Raymond Cosson Logt 7Colombelles', 20, 11.5),
(174, '2015-05-04', 'Restaurant Tremplin', '2015-05-07', '2015-05-07', 190, 0, 20, 'Rue Du Cavados Caen', 20, 9.5),
(175, '2015-05-06', 'Appt Colombelles', '2015-05-06', '2015-05-06', 69.12, 5, 6, '38 Rue Maurice Fouqueslogt 7 Colombelles 14460', 20, 11.52),
(176, '2015-05-04', 'Evacuation Des Armoires Adoma', '2015-05-04', '2015-05-04', 544.8, 0, 48, 'Rue Robillard', 20, 11.35),
(177, '2015-04-27', 'Prestation Du 28-04-2015', '2015-04-30', '2015-05-12', 405.44, 0, 28, '10 Bd General Vanier', 20, 11.35),
(178, '2015-05-11', 'Réfection Du Lgt 12 Au 1 Salvador Allende', '2015-06-10', '2015-07-31', 2345.02, 834.36, 133, '1 Rue Salvator Allende', 10, 11.35),
(179, '2015-05-18', 'Réparation Du Mur Extérieur Maison Diocésaine', '2015-05-20', '2015-05-18', 470.9, 190.27, 22, '3 Rue Nicolas Oresme', 20, 11.35),
(180, '2015-05-18', 'Appt', '2015-05-18', '2015-05-18', 92.16, 5, 8, '90 Route De Rouen Logt 6 Troarnh 14670', 20, 11.52),
(181, '2015-05-18', 'Tonte N° 1 Annie Girardot', '2015-05-31', '2015-06-01', 76.2, 0, 8, 'Colombelles', 20, 22),
(182, '2015-05-18', 'Tonte N° 1 Rose Blanche', '2015-05-31', '2015-06-01', 96, 0, 8, 'Colombelles', 20, 22),
(183, '2015-05-18', 'Tonte N° 1 Michel Farré', '2015-05-31', '2015-06-01', 212.2, 0, 8, 'Colombelles', 20, 22),
(184, '2015-05-18', 'Tonte N° 1 Raymond Cosson', '2015-05-31', '2015-06-01', 125, 0, 8, 'Colombelles', 20, 22),
(185, '2015-05-19', 'Appt', '2015-05-19', '2015-05-19', 115.2, 5, 10, '57 Rue Louis Aragon 14460 Colombelles', 20, 11.52),
(186, '2015-05-20', 'Appt M Lebreton', '2015-05-20', '2015-05-20', 76, 10, 8, '35 Rt De Paris 1 Et Droite Caen', 20, 9.5),
(187, '2015-05-20', 'Appt M Roussel', '2015-05-20', '2015-05-20', 38, 5, 4, 'Res Catteau Caen', 20, 9.5),
(188, '2015-01-01', 'Sans Activité', '2015-12-31', NULL, 0, 0, 0, 'Le Cap', 20, 11.35),
(189, '2015-05-21', 'Appt', '2015-05-21', '2015-05-21', 92.16, 5, 8, '34 Rue De La Republique Colombelles', 20, 11.52),
(190, '2015-05-21', 'Apprt', '2015-05-21', '2015-05-21', 57.6, 5, 5, '12 Rue De La Revolution Des Oeillets Colombelles', 20, 11.52),
(191, '2015-05-11', 'Fourniture Et Pose De Béquilles', '2015-05-31', '2015-06-01', 176.48, 109.14, 4, '8 Impasse Des Blés', 20, 11.35),
(192, '2015-05-21', 'Réfection Du Trottoire Coté Cour', '2015-06-30', '2015-06-24', 4522.45, 1849.67, 210, '3 Rue Nicolas Oresme', 20, 11.35),
(193, '2015-05-21', 'Réparation De L\\''Enrobé Maison Diocésaine', '2015-06-30', '2015-06-24', 1580.27, 847.13, 57, '3 Rue Nicolas Oresme', 20, 11.35),
(194, '2015-06-01', 'Réfection Du Bureau Des Pelerinages', '2015-06-30', '2015-06-08', 2763.49, 983, 139, '3 Rue Nicolas Oresme', 20, 11.35),
(195, '2015-05-26', 'Appt Maison Relais', '2015-05-26', '2015-05-26', 114.24, 0, 12, 'Chemain De Mondeville Appt 21 Colobelles', 20, 9.5),
(196, '2015-05-26', 'Refection Du Lgt 170 Rue D\\''Auge', '2015-07-31', '2015-07-01', 2994.72, 794.58, 173, '170 Rue D\\''Auge', 10, 11.35),
(197, '2015-05-26', 'Refection Du Lgt 170 Rue D\\''Auge 2', '2015-07-31', '2015-07-01', 1028.5, 277.38, 58, '170 Rue D\\''Auge', 10, 11.35),
(198, '2015-05-28', 'Appt', '2015-05-28', '2015-05-28', 103.68, 5, 9, '7 Rue Salvador Allende Colombelles', 20, 11.52),
(199, '2015-06-09', 'Appt', '2015-06-09', '2015-06-09', 114.24, 10, 12, '30 Rue Du Bengale Logt 2Caen', 20, 9.52),
(200, '2015-06-01', 'Appt', '2015-06-01', '2015-06-01', 115.2, 5, 10, '38 Rue Maurices Fouques Logt 4 14460 Colombelles', 20, 11.52),
(201, '2015-06-02', 'Appt', '2015-06-02', '2015-06-02', 92.16, 5, 8, '9 Rue Michel Farre Colombelles', 20, 11.52),
(202, '2015-06-03', 'Appt 180 Rue De Falaise Caen', '2015-06-03', '2015-06-03', 238.72, 10, 20, 'L Escal Cean', 20, 11.52),
(203, '2015-06-04', 'Appt Chrs', '2015-06-04', '2015-06-04', 57.12, 5, 6, '1009 Logt 123 Belles Portes Herouville', 20, 9.52),
(204, '2015-06-08', 'Refection Du Lgt 2 Maison Relai 1', '2015-06-20', '2015-06-19', 2028.44, 329.23, 141, 'Chemin De Mondeville', 10, 11.35),
(205, '2015-06-15', 'Fourniture De Dalle Plafond', '2015-06-22', '2015-07-08', 283.02, 241, 0, '3 Rue Nicolas Oresme', 20, 11.35),
(206, '2015-06-15', 'Apprt', '2015-06-15', '2015-06-15', 92.16, 5, 8, '1 Rue Allende Salvador Logt 12 Colombelles', 20, 11.52),
(207, '2015-06-15', 'Remplacement Personnel Restauration', '2015-06-24', '2015-06-24', 380.8, 0, 40, 'Le Tremplin Rue Du Calvados Caen 14000', 20, 9.52),
(208, '2015-06-10', 'Appt Rue Rene Cassin Caen', '2015-06-10', '2015-06-10', 95.2, 5, 10, '25 Rue Rene Cassin Res Neptune Logt 1 La Folie Couvrechef', 20, 9.52),
(209, '2015-06-11', 'Appt', '2015-06-11', '2015-06-11', 237.08, 121.84, 25, '15 Rue Chamoine Xavier St Paul', 20, 9.52),
(210, '2015-06-15', 'Evacuation Des Encombrants Pour Fermeture Du Batiment', '2015-06-19', '2015-07-31', 2435.65, 1385.25, 96, 'Hérouville', 20, 11.35),
(211, '2015-06-17', 'Fourniture De Dalle Plafond', '2015-06-18', '2015-06-18', 283.02, 241.57, 0, '3 Rue Nicolas Oresme', 20, 11.35),
(212, '2015-06-22', 'Réfection Du Lgt 605 Belles Portes', '2015-07-03', '2015-07-01', 5285.43, 1579.6, 330, 'Hérouville', 10, 11.35),
(213, '2015-06-18', 'Dalle Parking Residence Guy Catteau', '2015-06-24', '2015-07-31', 1231.42, 414.22, 72, '45 Avenue Du Calvados', 20, 11.35),
(214, '2015-06-19', 'Mise En Sécurité Du Mur Extérieur', '2015-06-26', '2015-07-31', 246.7, 65.1, 16, '45 Avenue Du Calvados', 20, 11.35),
(215, '2015-07-06', 'Refection De La Salle Laboratoire', '2015-07-17', '2015-07-16', 7715.05, 4098.55, 328, '8 Rue Du Petit Clos St Marc', 20, 11.35),
(216, '2015-08-31', 'Refection Du Lgt 80 Au N° Rue De Bourgogne', '2015-09-11', NULL, 5431.26, 1218.7, 320, '7 Rue De Bourgogne', 10, 11.35),
(217, '2015-06-17', 'Appt', '2015-06-17', '2015-06-17', 76.16, 10, 8, 'Res De La Maison Relais', 20, 9.52),
(218, '2015-06-01', 'Stockage Heure Etagere Archive Pour Revivre', '2015-06-30', NULL, 0, 0, 0, 'Herouville', 20, 11.35),
(219, '2015-06-24', 'Evacuation Encombrant Entrepot De Bretteville Sur Odon', '2015-06-24', '2015-06-24', 181.6, 0, 16, 'Rue Du Long Douet', 20, 11.35),
(220, '2015-07-20', 'Eglise St Claire Refection Lasure Des Piliers', '2015-07-31', '2015-07-20', 1314.62, 540.34, 70, 'Eglise Couvrechef', 20, 11.35),
(221, '2015-06-29', 'Formation Autolaveuse', '2015-06-29', '2015-06-29', 0, 0, 6, 'Le Cap Colombelles', 0, 0),
(222, '2015-06-01', 'Plafond Suspendu Ancienne Poste De Colombelles', '2015-07-31', NULL, 3849.12, 1980.35, 165, 'Colombelles', 20, 11.35),
(223, '2015-06-30', 'Formation Monobrossemethode Spray', '2015-06-30', '2015-06-30', 0, 0, 6, 'Le Cap Colombelles', 0, 0),
(224, '2015-07-01', 'Remplacement Personnel Cafeteria', '2015-07-01', '2015-07-01', 47.6, 0, 5, 'Lre Tremplin Caen', 20, 9.52),
(225, '2015-07-07', 'Appt', '2015-07-07', '2015-07-07', 57.6, 5, 5, '1 Rue De La Fraternite Logt 2', 20, 11.52),
(226, '2015-07-08', 'Appt', '2015-07-08', '2015-07-08', 92.16, 5, 8, '10 Rue Raymond Cosson Logt 8 Colombelles', 20, 11.52),
(227, '2015-07-01', 'Refection De La Salle Motricité', '2015-07-31', '2015-07-31', 4174.41, 1334.37, 257, 'Rue De Bayeux', 20, 11.35),
(228, '2015-07-01', 'Evacuation Ep Et Coure Anglaise', '2015-07-31', '2015-07-30', 2245.19, 1127.16, 101, '3 Rue Nicolas Oresme', 20, 11.35),
(229, '2015-07-01', 'Emménagement Du Mobilier Maison Relaie', '2015-07-31', '2015-07-31', 892.1, 76, 70, 'La Charité', 20, 11.35),
(230, '2015-07-01', 'Réfection D\\''Un Mur Du Séjour Eglise St Claire', '2015-07-31', '2015-07-30', 284.17, 78.16, 20, 'Couvrechef', 10, 11.35),
(231, '2015-07-09', 'Reprise Entrée Lgt 2 Au 7 Rue Salvateur Allende', '2015-07-31', '2015-07-24', 34.05, 0, 2, '7 Rue Salvator Allende', 20, 11.35),
(232, '2015-01-05', 'Fourniture Et Pose De Gason', '2015-07-31', '2015-04-29', 395.03, 120.52, 21, 'Rue Des Primevers', 20, 22),
(233, '2015-01-05', 'Tonte N° 2', '2015-07-31', NULL, 168, 32, 11, 'Colombelles', 20, 22),
(234, '2015-01-01', 'Tonte N° 3', '2015-07-31', NULL, 168.15, 32, 11, 'Colombelles', 20, 22),
(235, '2015-01-05', 'Tonte N° 4', '2015-07-31', NULL, 168.15, 32, 11, 'Colombelles', 20, 22),
(236, '2015-01-05', 'Tonte N° 5', '2015-07-31', NULL, 168.15, 32, 11, 'Colombelles', 20, 22),
(237, '2015-01-05', 'Annie Girardot Tone N° 2', '2015-07-31', '2015-06-08', 76.3, 0, 8, 'Colombelles', 20, 22),
(238, '2015-01-05', 'Annie Girardot Tonte N° 3', '2015-07-31', '2015-07-28', 76.3, 0, 8, 'Colombelles', 20, 22),
(239, '2015-01-05', 'Annie Girardot Tonte N° 4', '2015-07-31', NULL, 76.3, 0, 8, 'Colombelles', 20, 22),
(240, '2015-01-05', '22 Rue Des Roses Blanches N° 2', '2015-07-31', '2015-06-09', 96, 0, 8, 'Colombelles', 20, 22),
(241, '2015-01-05', '22 Rue Des Roses Blanches N° 3', '2015-07-31', '2015-07-07', 96, 0, 8, 'Colombelles', 20, 22),
(242, '2015-01-05', '22 Rue Des Roses Blanches N° 4', '2015-07-31', '2015-07-27', 96, 0, 8, 'Colombelles', 20, 22),
(243, '2015-01-05', 'Rue René Cosson N° 2', '2015-07-31', '2015-06-15', 219.2, 0, 8, 'Colombelles', 20, 22),
(244, '2015-01-05', 'Rue Raymond Cosson Tonte N° 3', '2015-07-31', '2015-07-16', 219.2, 0, 8, 'Colombelles', 20, 22),
(245, '2015-01-05', 'Rue Michel Farré Tonte N° 4', '2015-07-31', '2015-07-27', 219.2, 0, 8, 'Colombelles', 20, 22),
(246, '2015-01-05', 'Rue Michel Farré Tonte N° 2', '2015-07-31', '2015-06-09', 125, 0, 8, 'Colombelles', 20, 22),
(247, '2015-01-05', 'Rue Michel Farré Tonte N° 3', '2015-07-31', '2015-07-06', 125, 0, 8, 'Colombelles', 20, 22),
(248, '2015-07-13', 'Maison', '2015-07-13', '2015-07-13', 103.68, 5, 9, '4 Impasse Des Sangles St Sylvain 14000', 20, 11.52),
(249, '2015-01-05', 'Rue Raymond Cosson N° 4', '2015-07-31', NULL, 125, 0, 8, 'Colombelles', 20, 22),
(250, '2015-06-01', 'Siège Foyer Normand Tonte N° 1', '2015-07-31', '2015-06-10', 256, 16, 30, '5 Rue Freres Wikin', 20, 22),
(251, '2015-07-09', 'Maison', '2015-07-09', '2015-07-09', 126.72, 10, 11, '7 Impasse Des Sangles St Sylvain 14000', 20, 11.52),
(252, '2015-07-15', 'Apprt', '2015-07-15', '2015-07-15', 92.16, 5, 8, '52 Rue Du Gen Leclcerc Logt 17 Potigny', 20, 11.52),
(253, '2015-07-16', 'Apprt', '2015-07-16', '2015-07-16', 92.16, 5, 8, '8 Rue Raymond Cosson Colombelles Logt 2', 20, 11.52),
(254, '2015-07-19', 'Prestation Déménagement 20 Rue Montaigu', '2015-07-31', '2015-07-20', 113.5, 0, 10, '20 Rue Montaigu', 20, 11.35),
(255, '2015-07-16', 'Manutention Lgt Des Soeurs', '2015-07-16', '2015-07-16', 102.15, 0, 8, '3 Rue Nicolas Oresme', 20, 11.35),
(256, '2015-07-23', 'Manutention Lgt Sur Douvres La Délivrande', '2015-07-23', '2015-07-27', 147.55, 0, 11, 'Eglise Douvres La Délivrande', 20, 11.35),
(257, '2015-07-23', 'Manutention Lgt Sur Douvres La Délivrande', '2015-07-23', NULL, 0, 0, 0, 'Eglise Douvres La Délivrande', 20, 11.35),
(258, '2015-06-01', 'Déménagement Archive De La Préfecture', '2015-07-31', '2015-06-25', 423.28, 70, 32, 'Bd Vanier', 20, 11.35),
(259, '2015-07-20', 'Apprt', '2015-07-20', '2015-07-20', 115.2, 5, 10, '8 Rue Raymond Cosson Logt 10 Colombelles', 20, 11.52),
(260, '2015-07-01', 'Refection Du Lgt 30 Rue Du Bengale', '2015-07-31', '2015-07-31', 3983.66, 1236, 277, '30 Rue Du Bengale', 10, 11.35),
(261, '2015-07-22', 'Maison', '2015-07-22', '2015-07-22', 115.2, 5, 10, '41 Rt De Paris Moult 14370', 20, 11.52),
(262, '2015-07-01', 'Nettoyage Cour', '2015-07-31', '2015-07-31', 110, 0, 12, '38 Rue Basse', 20, 22),
(263, '2015-07-23', 'Archive Du 23072015', '2015-07-23', '2015-07-23', 181.6, 0, 12, '53 Rue De La Gare', 20, 11.35),
(264, '2015-05-01', 'Evacuation Encombrant Et Meuble', '2015-07-31', '2015-06-22', 50, 0, 0, '85 Rue Du Chemin Vert', 20, 11.35),
(265, '2015-07-24', 'Maison', '2015-07-24', '2015-07-24', 46.08, 5, 4, '34 Rue De Kla Republique Colombelles', 20, 11.52),
(266, '2015-07-27', 'Débroussaillage Du Cimetiere De Grentheville', '2015-07-31', '2015-07-29', 1743.37, 781.87, 90, 'Grentheville', 20, 11.35),
(267, '2015-07-17', 'Pose De 3 Par Pare-Vue Sur Terrasse Restaurant', '2015-07-31', '2015-07-30', 377.45, 173.15, 18, 'Colombelles', 20, 11.35),
(268, '2015-07-28', 'Apprt De M Mainzerel Benoit', '2015-07-28', '2015-07-28', 114.24, 0, 12, 'Maison Relais Logt 32 Colombelles', 20, 9.52),
(269, '2015-07-27', 'Evacuation Du Mobilier 23 Rue Du Père Samson', '2015-07-29', '2015-07-29', 317.8, 0, 28, '23 Rue Du Père Samson', 20, 11.35),
(270, '2015-07-30', 'Apprt Foyer Normand', '2015-07-30', '2015-07-30', 69.16, 5, 6, '22 Cours De La Rose Blanche Bat A Logt 1', 20, 11.52),
(271, '2015-07-31', 'Apprt', '2015-07-31', '2015-07-31', 115.2, 5, 10, '6 Rue De La Cite Liberee Apprt 15 Colombelles', 20, 11.52),
(272, '2015-08-03', 'Apprt', '2015-08-03', '2015-08-03', 69.12, 5, 6, '2 Rue Frzncois Mourrier Logt 7 Colombelles', 20, 11.52),
(273, '2015-08-04', 'Appart', '2015-08-04', '2015-08-04', 92.16, 5, 8, '10 Rue Raymond Cosson Logt 2 Colombelles', 20, 11.52),
(274, '2015-08-05', 'Appart', '2015-08-05', '2015-08-05', 69.12, 5, 6, '27 Rue D Ifs Logt 16 Fleury Sur Orne 14123', 20, 11.52),
(275, '2015-08-05', 'Apprt Robillard', '2015-08-05', '2015-08-05', 19.04, 2, 2, '56 Rue Louis Robillard Caen', 20, 9.52),
(276, '2015-08-07', 'Sortie Et Nettoyage Locaux Et Wagonnets', '2015-08-28', NULL, 152.32, 0, 16, 'Le Tremplin 45 Rue Du Calvados Caen', 20, 9.52),
(277, '2015-08-17', 'Remplacement Personnel Cafeteria', '2015-09-11', NULL, 904.4, 0, 95, 'Le Tremplin 45 Rue Du Calvados Caen', 20, 9.52),
(278, '2015-08-11', 'Apprt', '2015-08-11', '2015-08-11', 38.08, 5, 4, '7 Rue Du Clos Caillet Caen', 20, 9.52),
(279, '2015-08-12', 'Apprt', '2015-08-12', '2015-08-12', 152.32, 10, 16, '1013Logt258Herouville St Clair', 20, 9.52),
(280, '2015-08-18', 'Appart', '2015-08-18', '2015-08-18', 103.68, 5, 9, '25 Rue De L Egalite Giberville', 20, 11.52),
(281, '2015-08-21', 'Apprt', '2015-08-21', '2015-08-21', 85.68, 10, 9, '19 Rue Du Devon Apprt 4 Caen', 20, 9.52);

-- --------------------------------------------------------

--
-- Structure de la table `clients`
--

CREATE TABLE IF NOT EXISTS `clients` (
  `CLI_NumClient` int(11) NOT NULL AUTO_INCREMENT,
  `CLI_Nom` varchar(45) DEFAULT NULL,
  `CLI_Adresse` varchar(45) DEFAULT NULL,
  `CLI_CodePostal` int(11) DEFAULT NULL,
  `CLI_Ville` varchar(45) DEFAULT NULL,
  `CLI_Telephone` varchar(15) DEFAULT NULL,
  `CLI_Portable` varchar(15) DEFAULT NULL,
  `CLI_Fax` varchar(15) DEFAULT NULL,
  `CLI_Email` varchar(45) DEFAULT NULL,
  PRIMARY KEY (`CLI_NumClient`)
) ENGINE=InnoDB  DEFAULT CHARSET=utf8 AUTO_INCREMENT=243 ;

--
-- Contenu de la table `clients`
--

INSERT INTO `clients` (`CLI_NumClient`, `CLI_Nom`, `CLI_Adresse`, `CLI_CodePostal`, `CLI_Ville`, `CLI_Telephone`, `CLI_Portable`, `CLI_Fax`, `CLI_Email`) VALUES
(86, 'ITINERAIRE CADA', '211 Rue D''auge', 14000, 'CAEN', '', '', '', ''),
(87, NULL, NULL, NULL, NULL, NULL, NULL, NULL, NULL),
(88, NULL, NULL, NULL, NULL, NULL, NULL, NULL, NULL),
(89, NULL, NULL, NULL, NULL, NULL, NULL, NULL, NULL),
(90, 'DIOCESE', '3 Rue Nicolas Oresme', 14000, 'CAEN', '', '', '', ''),
(91, NULL, NULL, NULL, NULL, NULL, NULL, NULL, NULL),
(92, 'TANDEM', '', 14000, 'CAEN MALADRERIE', '', '', '', ''),
(93, 'NORMANDIE AMENA', '1 Avenue De Caen\r\nBp 04', 14460, 'COLOMBELLES', '', '', '', ''),
(94, 'UDAF CAEN', 'Place De La Résistance', 14000, 'CAEN', '', '', '', ''),
(95, 'ACSEA - SAP', '8 Rue Du Champs De Foire', 14123, 'CORMELLES LE ROYAL', '02 31 34 30 31', '', '', 'vengeons@laposte.net'),
(96, 'ST BERNADETTE', '84 Rue De Bayeux', 14000, 'CAEN', '02 31 86 27 86', '', '', ''),
(97, 'DREAL', '10 Bd Vanier', 14000, 'CAEN', '02 50 01 82 43', '', '', ''),
(99, 'UDAF', '', 0, '', '02 31 85 82 29', '', '', ''),
(100, 'ADOMA ARMOR', '18 Rue De La Gare', 14000, 'CAEN', '02 31 84 59 93', '', '02 31 84 09 14', ''),
(101, 'ASSOCIATION ST', '142 Rue De Bayeux', 14000, 'CAEN', '', '', '', ''),
(102, 'ATC', 'Chemin Au Boeufs', 14000, 'BRETTEVILLE SUR ODON', '02 31 29 43 43', '', '', ''),
(103, 'CMP CAEN PLAINE', '5 Rue De La Defense Passive', 14000, 'CAEN', '02 31 94 64 70', '', '', ''),
(105, 'ACSEA', '88/96 Bd Lyautey', 14000, 'CAEN', '02 31 83 23 44', '', '', 'dominique.bordet@acsea.asso.fr'),
(106, 'ADOMA', '56 Rue Louis Robillard', 14000, 'CAEN', '01 70 08 67 22', '06 26 95 09 57', '', 'virginie.adonel@adoma.fr'),
(107, 'SAFEN', '2 Rue Longdouet', 14760, 'BRETTEVILLE SUR ODON', '02 31 73 37 37', '', '', ''),
(108, 'LOGI PAYS', '', 0, '', '', '', '', ''),
(109, 'CADA SONACOTRA', '56 Rue Louis Robillard', 14000, 'CAEN', '', '', '', ''),
(110, 'CAEN HABITAT', '1 Place Jean Nouzille', 14000, 'CAEN', '02 31 27 50 00', '', '', ''),
(111, 'CCAS- CAEN', 'Rue Bernières', 14000, 'CAEN', '02 31 15 38 38', '', '02 31 85 53 15', ''),
(112, 'EPI VERT', '17 Résidence Des Pinsons\n\r\n17 Rue Pierre Corn', 14000, 'CAEN', '02 31 26 01 28', '', '', ''),
(114, 'ENVIE', '102 Avenue De Rouen', 14000, 'CAEN', '', '', '', ''),
(115, 'FJT ROBERT REME', '68 Rue Eustache Restout', 14000, 'CAEN', '', '', '', ''),
(116, 'ST URSULE', '26 R Miséricorde', 14000, 'CAEN', '02 31 34 94 49', '06 66 78 55 76', '', 'b.a.leygnat@gmail.com'),
(117, 'ST ANGELE', '146 R Bayeux', 14000, 'CAEN', '02 31 38 71 00', '', '', ''),
(118, 'INFREP CAEN', '14 Avenue De Garbsen', 14200, 'HEROUVILLE', '', '', '', ''),
(119, 'MAISON BLEU', '', 0, '', '', '', '', ''),
(120, 'ADOMA ROBILLARD', '56 Rue Louis Robillard', 14000, 'CAEN', '02 31 84 59 93', '06 22 77 75 93', '', 'lucien.durel@adoma.fr'),
(121, 'MAIRIE - MONDEV', '', 14120, 'MONDEVILLE', '', '', '', ''),
(122, 'SNCF CENTRE DE', 'Sncf', 0, '', '02 31 34 13 98', '', '', ''),
(123, 'MODLING CUMULE', '', 0, '', '', '', '', ''),
(124, 'ARTIFETES', 'Za De La Mesnilliere\r\n11 Rue Des Quatre Vents', 14790, 'VERSON', '02 31 75 21 21', '', '02 31 73 04 71', ''),
(125, 'HABITAT HUMANISME', '18 Rue De La Girafe', 14000, 'CAEN', '', '06 76 67 62 63', '', ''),
(126, 'SDEC', '', 0, '', '02 31 06 61 63', '', '', ''),
(127, 'MAIRIE DE MONDE', '', 0, '', '02 31 35 52 36', '06 78 86 14 60', '', ''),
(128, 'REVIVRE', '', 0, '', '', '06 86 40 61 14', '', ''),
(129, 'AISCAL', '18 Rue De La Girafe', 14000, 'CAEN', '02 31 93 69 43', '06 68 77 24 10', '02 31 93 30 95', 'aiscal@orange,fr'),
(130, 'PAROISSE ST EXU', '2 Rue De Bayeux', 14170, 'TREVIERE', '02 31 21 72 93', '', '', ''),
(131, 'AEROVEN CAEN', '4 Av Du Parc Saint Andre', 14200, 'HEROUVILLE SAINT CLAIR', '', '', '', ''),
(132, 'MAIRIE  IFS', 'Esplanade François Mitterrand', 14123, 'IFS', '', '', '', ''),
(133, 'MAIRIE DE VAUDE', '', 14170, 'VAUDELOGE', '', '06 41 60 53 82', '', ''),
(134, 'SPIP', '13 Rue Jb Colbert', 14000, 'CAEN', '', '', '', ''),
(135, 'ADOMA COTONNIER', '13 Rue De La Cotonniere', 14000, 'CAEN', '', '', '', ''),
(136, 'PICART', '32 Rue Pasteur', 14790, 'VERSON', '', '', '', ''),
(138, 'REVIVRE MAISON RELAIS 1', 'Chemin De Mondeville A Giberville', 14460, 'COLOMBELLES', '', '06 77 82 81 80', '', ''),
(139, 'LE FOYER NORMAND', '5 Rue Des Frères Wilkin Bp 6', 14460, 'COLOMBELLES', '02 31 72 99 75', '06 08 94 05 65', '', ''),
(141, 'REVIVRE SIEGE', 'Chemin De Mondeville', 14460, 'COLOMBELLES', '', '', '', ''),
(142, 'REVIVRE TREMPLI', '48 Avenue Du Calvados', 14000, 'CAEN', '02 31 94 34 80', '06 77 82 81 80', '', 'tlarcher@revivre-asso.org'),
(144, 'LA CHIFFO', '7 Route De Tourville', 14000, 'CAEN', '02 31 34 49 52', '', '', 'itineraires.cjulien@orange,fr'),
(146, 'LAISCAL', '18 Rue De La Girafe', 14000, 'CAEN', '02 31 93 69 43', '06 68 77 44 10', '', ''),
(147, 'SCI LA CAENNAIS', '66 Avenue De Thies', 14000, 'CAEN', '02 31 46 82 22', '', '', ''),
(148, 'VIS-A -VIS', '6 Rue Edouard Banly', 14123, 'IFS', '02 31 84 74 00', '06 10 13 02 69', '', ''),
(149, 'CABINET AUMOND', '58 Rue St Jean', 14000, 'CEAN CEDEX 1', '02 31 15 60 30', '', '02 31 15 60 40', ''),
(150, 'REVIVRE RESIDENCE GUY CATEAU', '45 Avenue Du Calvados', 14000, 'CAEN', '02 31 50 01 21', '', '02 31 38 73 10', ''),
(152, 'MAISON DIOCESAINE', '3 Rue Nicolas Oresme', 14000, 'CAEN', '', '', '', ''),
(153, 'CARPIQUET PALET', '15 Rue Des Monts Panneaux', 14650, 'CARPIQUE', '02 31 71 03 02', '06 03 65 42 06', '02 31 71 04 03', ''),
(154, 'UNICA', '', 0, '', '02 31 54 70 11', '', '02 31 44 12 39', 'claire,lechevalier@urssaf,fr'),
(155, 'UDOGEC CENTRE S', '3 Rue Nicolas Oresme', 14000, 'CAEN', '', '06 76 32 32 63', '', ''),
(156, 'CMS GUERINIERE', '3 Rue Jean Le Hyr', 14000, 'CAEN', '02 31 35 41 80', '', '', ''),
(157, 'AEFCDB CNTRE ST', 'Centre St Paul 3 Rue Nicolas Oresme Cs 75215', 14000, 'CAEN', '', '06 07 79 39 58', '', ''),
(158, 'REVIVRE CAP', 'Chemin De Mondeville', 14460, 'COLOMBELLES', '02 31 35 05 10', '', '', ''),
(159, 'LE FOYER NORMAND', '5 Rue Des Frères Wilkin', 14460, 'COLOMBELLES', '02 31 72 41 52', '', '02 31 72 99 70', 'n.lafosse@lfnds.fr'),
(160, 'PLAINE NORMANDE', '503 Quartier Du Val', 14000, 'HEROUVILLE', '08 10 00 10 14', '', '02 31 44 33 49', ''),
(161, 'COUR DES COMPTE', '', 14000, 'DEMOUVILLE', '02 31 46 86 86', '', '', ''),
(163, 'VIRIA', '', 0, '', '02 31 70 71 71', '', '', ''),
(164, 'AUCUN', '20 Rue Du Fresney', 14000, 'CORMELLES LEROYAL', '', '', '', ''),
(165, 'POLE EMPLOI', '', 0, '', '', '', '', 'm.molina-sanchez@pole-emploi.fr'),
(166, 'SIREC', 'De La Mer', 14550, 'BLAINVILLE SUR ORNE', '', '', '', ''),
(169, 'ELBA', 'Zac Du Clos Neuf', 14840, 'DEMOUVILLE', '', '', '', ''),
(171, 'LEGALLAIS BOUCH', '', 0, '', '', '', '', 'g.anfroy@legallais.com'),
(172, 'INFREP', '', 0, '', '', '', '', 'ldutac@infrep.org'),
(173, 'ESAT HORS LES M', '17 Quai De La Londe', 14000, 'CAEN', '', '', '', 'stephane.typhaigne@acsea.asso.fr'),
(174, 'VEOLIA HABITAT', '', 0, '', '', '', '', ''),
(175, 'BANQUE ALIMENTA', '', 0, '', '', '', '', ''),
(176, 'DDCS', '2 Place Jean Nouzille \r\nQuartier Guérinière-C', 14052, 'CAEN CEDEX 4', '02 31 52 74 02', '', '', ''),
(177, 'ACSEA SI MAP', '38, Rue Basse', 14000, 'CAEN', '', '06 09 18 02 20', '', 'frederic.garnier@acsea.asso.fr'),
(178, 'AIRCOM', 'Avenue Du Tsukuba\r\n Le Pentacle  Le Citis\r\nLe', 14200, 'HEROUVILLE', '02 31 53 10 10', '', '', 'chuet@air-com.asso.fr'),
(179, 'DECLERC', 'Vilaine', 14000, 'ST SYLVAIN', '', '', '', ''),
(180, 'RESIDENCE PERE', '', 0, '', '02 31 93 16 62', '06 75 03 38 99', '', ''),
(181, 'POLE TES', 'Pôle De Compétitivités Tes\r\n2 Esplanade De An', 14460, 'COLOMBELLES', '', '', '', ''),
(182, 'REGION BASSE NO', 'Abbaye Aux Dames\r\nPlace Reine Mathilde \r\nCs 5', 14035, 'CAEN', '', '', '', ''),
(183, 'LEGALLAIS-BOUCH', 'Atsa 80,005', 14907, 'CAEN CEDEX 9', '02 31 53 38 78', '06 73 67 70 77', '', 'c.prodhomme@legallais.com'),
(184, 'FILT', '55 Rue Maréchal Galliéni\r\nBp 6126', 14064, 'CAEN CEDEX', '02 31 74 72 53', '', '02 31 74 29 99', ''),
(185, 'LE FOYER NORMAND', '5 Rue Des Frères Wilkin', 14460, 'COLOMBELLES', '', '', '', ''),
(186, 'SOCIETE MAILTEC', '85 Rue Avenir', 14790, 'VERSON', '', '', '', ''),
(187, 'OBJECTIF MAILIN', 'Campus Effiscience\r\n1 Rue Du Bocage', 14460, 'COLOMBELLES', '', '', '', ''),
(188, 'TODD', 'Avenue Des Anglais', 14730, 'GIBERVILLE', '', '', '', ''),
(189, 'PRN CARPIQUET', '2 Rue Du Poirier \r\nZi Ouest', 14650, 'CARPIQUET', '', '', '', ''),
(190, '3 L DIFFUSION', 'Z A Les Hautes Varendes', 14680, 'BRETTEVILLE/LAIZE', '', '', '', ''),
(191, 'EQUIPMEDICAL', '314 Avenue Des Digues', 14123, 'FLEURY SUR ORNE', '', '', '', ''),
(193, 'SENSETARCHITECT', '', 0, '', '', '06 81 06 38 07', '', ''),
(194, 'BUT', '', 0, '', '', '', '', ''),
(195, 'SNN', '', 0, '', '02 33 85 23 50', '', '02 33 85 23 59', ''),
(196, 'PARTELIOS', '', 0, '', '', '', '', ''),
(197, 'SENECAIL', '8 L Aunay\r\n8 L Aunay', 14000, 'CHAPELLE MONTIGEON', '', '06 30 02 46 73', '', ''),
(198, 'CHANTIER ECOLE', 'Place De L Europe', 14000, 'HEROUVILLE', '', '', '', ''),
(199, 'ITINERAIRE CHRS', 'Rue D''auge', 14000, 'CAEN', '', '06 82 65 21 20', '', ''),
(200, 'LIGNE ACHITECTU', '2Ème Etage 14 Rue Martin Luther King', 14280, 'ST CONTEST', '', '', '', ''),
(201, 'MAIRIE - CAEN', '', 0, '', '', '', '', ''),
(204, 'CCAS- MAIRIE GI', '15 Rue Pasteur', 14730, 'GIBERVILLE', '02 31 72 07 93', '', '', ''),
(205, 'CONSEIL GENERAL', 'Place Felix Eboue', 14000, 'CAEN', '02 31 57 14 14', '', '', ''),
(206, 'CMS MONDEVILLE', '18 Rue Pierre Curie', 14120, 'MONDEVILLE', '02 31 35 21 20', '', '', ''),
(207, 'AAJB', '', 0, '', '', '', '', ''),
(208, 'REVIVRE SSE', '31 Rue St Ouen', 14000, 'CAEN', '', '', '', ''),
(209, 'HOTEL LIBERA', '42 Rue Nelson Mandela', 14460, 'COLOMBELLES', '02 31 72 78 78', '', '', ''),
(210, 'EDF', '', 0, '', '', '', '', ''),
(211, 'ASSURANCE', '', 0, '', '02 31 82 35 79', '', '', ''),
(212, 'ASSISTANCE ARRE', '', 0, '', '01 49 93 73 83', '', '', ''),
(213, NULL, NULL, NULL, NULL, NULL, NULL, NULL, NULL),
(215, 'INSTITUTION SAINT PIERRE', '146 Rue De Bayeux', 14000, 'CAEN', '02.31.86.23.72', '', '02.31.86.37.74', ''),
(216, 'RESIDENCE GUY CATTEAU', '45 Avenue Du Calvados', 14000, 'CAEN', '0231862372', '0231862372', '', ''),
(217, 'REVIVRE MAISON RELAIE 2', '45 Avenue Du Calvados', 14000, 'CAEN', '0231862372', '0231862372', '', ''),
(218, 'REVIVRE CAO', '4 Rue Guilbert Bp 3087', 14000, 'CAEN', '', '', '', ''),
(219, 'ITINERAIRE FARES L\\''ABRI', '212 Rue D''auge', 14000, 'CAEN', '02 31 35 64 80', '', '', ''),
(221, 'ITINERAIRE', '171 Rue D''auge', 14000, 'CAEN', '', '0682652120', '', ''),
(222, NULL, NULL, NULL, NULL, NULL, NULL, NULL, NULL),
(223, 'CENTRE D\\''ETUDES THEOLOGIQUES DE CAEN', '3 Rue Nicolas Oresme', 14063, 'CAEN CEDEX 4', '0231732215', '', '', 'theologie.caen.ceth@gmail.com'),
(224, NULL, NULL, NULL, NULL, NULL, NULL, NULL, NULL),
(225, NULL, NULL, NULL, NULL, NULL, NULL, NULL, NULL),
(226, NULL, NULL, NULL, NULL, NULL, NULL, NULL, NULL),
(227, 'LE FOYER NORMAND', '5 Rue Des Frères Wilkin', 14460, 'COLOMBELLES', '02 31 72 41 52', '', '', ''),
(228, 'SNCF\\" LE CHALET\\"', '53 Rue De La Gare', 14000, 'CAEN', '0231341398', '', '', ''),
(229, 'LP ET LT NOTRE DAME FIDELITE', '8 Rue Du Petit Clos St Marc', 14000, 'CEAN', '02 31 46 76 86', '', '', ''),
(230, NULL, NULL, NULL, NULL, NULL, NULL, NULL, NULL),
(231, 'DEUX CHOSES L UNE', '57 Cours Cafarelli', 14000, 'CAEN', '0660326065', '', '', 'm.demontes@groupe-crps.fr'),
(232, 'VIT\\''ACTIF', '64 Avenue Capitaine Guynemer', 14000, 'CAEN', '02 31 83 95 88', '07 77 73 32 73', '', ''),
(233, 'SAFEN', '2 Rue Du Long Douet', 14760, 'BRETTEVILLE SUR ODON', '02 31 75 38 30', '', '', ''),
(234, NULL, NULL, NULL, NULL, NULL, NULL, NULL, NULL),
(235, 'L ESCAL CAEN', 'Caen', 14460, 'CAEN', '02.31936943', '', '', ''),
(236, 'M PAUL DEVOS', '15 Rue Chamoine Xavier St Pol Caen', 14000, 'CAEN', '0231477409', '0619513547', '', ''),
(237, NULL, NULL, NULL, NULL, NULL, NULL, NULL, NULL),
(238, NULL, NULL, NULL, NULL, NULL, NULL, NULL, NULL),
(239, 'CIMAP', '38 Rue Basse', 14000, 'CAEN', '', '', '', ''),
(240, 'PHARMACIE 2000', '85 Rue Du Chemin Vert', 14000, 'CAEN', '02 31 74 75 21', '', '', ''),
(241, 'TIXIER STEPHANE', '7 Rue Du Clos Caillet', 14000, 'CAEN', '', '', '', ''),
(242, NULL, NULL, NULL, NULL, NULL, NULL, NULL, NULL);

-- --------------------------------------------------------

--
-- Structure de la table `commanditer`
--

CREATE TABLE IF NOT EXISTS `commanditer` (
  `CHA_NumDevis` int(11) NOT NULL,
  `CLI_NumClient` int(11) NOT NULL,
  PRIMARY KEY (`CHA_NumDevis`,`CLI_NumClient`),
  KEY `fk_Chantiers_has_Clients_Clients1_idx` (`CLI_NumClient`),
  KEY `fk_Chantiers_has_Clients_Chantiers1_idx` (`CHA_NumDevis`)
) ENGINE=InnoDB DEFAULT CHARSET=utf8;

--
-- Contenu de la table `commanditer`
--

INSERT INTO `commanditer` (`CHA_NumDevis`, `CLI_NumClient`) VALUES
(216, 86),
(130, 90),
(131, 90),
(155, 90),
(156, 90),
(172, 90),
(179, 90),
(192, 90),
(193, 90),
(194, 90),
(205, 90),
(211, 90),
(212, 90),
(220, 90),
(228, 90),
(230, 90),
(254, 90),
(255, 90),
(256, 90),
(266, 90),
(61, 91),
(132, 91),
(191, 91),
(227, 96),
(146, 97),
(147, 97),
(177, 97),
(210, 97),
(258, 97),
(196, 103),
(197, 103),
(229, 125),
(12, 138),
(19, 138),
(41, 138),
(42, 138),
(43, 138),
(97, 138),
(144, 138),
(164, 138),
(204, 138),
(76, 139),
(78, 139),
(93, 139),
(157, 139),
(158, 139),
(159, 139),
(160, 139),
(181, 139),
(182, 139),
(183, 139),
(184, 139),
(237, 139),
(238, 139),
(239, 139),
(240, 139),
(241, 139),
(242, 139),
(243, 139),
(244, 139),
(245, 139),
(246, 139),
(247, 139),
(249, 139),
(250, 139),
(15, 141),
(50, 141),
(51, 141),
(52, 141),
(218, 141),
(260, 141),
(7, 142),
(9, 142),
(18, 142),
(32, 142),
(33, 142),
(34, 142),
(72, 142),
(73, 142),
(74, 142),
(77, 142),
(82, 142),
(87, 142),
(88, 142),
(100, 142),
(135, 142),
(150, 142),
(151, 142),
(174, 142),
(207, 142),
(213, 142),
(214, 142),
(224, 142),
(276, 142),
(277, 142),
(53, 150),
(54, 150),
(55, 150),
(14, 158),
(20, 158),
(47, 158),
(48, 158),
(49, 158),
(62, 158),
(63, 158),
(64, 158),
(79, 158),
(80, 158),
(95, 158),
(96, 158),
(99, 158),
(103, 158),
(111, 158),
(114, 158),
(118, 158),
(119, 158),
(120, 158),
(121, 158),
(122, 158),
(123, 158),
(126, 158),
(161, 158),
(162, 158),
(163, 158),
(169, 158),
(188, 158),
(221, 158),
(223, 158),
(4, 159),
(5, 159),
(65, 159),
(75, 159),
(92, 159),
(113, 159),
(128, 159),
(140, 159),
(141, 159),
(143, 159),
(154, 159),
(170, 159),
(175, 159),
(189, 159),
(198, 159),
(200, 159),
(231, 159),
(248, 159),
(251, 159),
(261, 159),
(270, 159),
(60, 185),
(67, 185),
(68, 185),
(69, 185),
(70, 185),
(71, 185),
(85, 185),
(86, 185),
(101, 185),
(102, 185),
(105, 185),
(127, 185),
(129, 185),
(134, 185),
(139, 185),
(173, 185),
(206, 185),
(253, 185),
(265, 185),
(280, 185),
(57, 199),
(11, 208),
(38, 208),
(39, 208),
(40, 208),
(98, 208),
(208, 208),
(17, 209),
(21, 209),
(22, 209),
(23, 209),
(24, 209),
(25, 209),
(26, 209),
(27, 209),
(28, 209),
(29, 209),
(30, 209),
(31, 209),
(83, 209),
(84, 209),
(104, 209),
(137, 209),
(138, 209),
(233, 209),
(234, 209),
(235, 209),
(236, 209),
(267, 209),
(2, 215),
(3, 215),
(6, 215),
(8, 216),
(16, 216),
(186, 216),
(187, 216),
(13, 217),
(44, 217),
(45, 217),
(46, 217),
(268, 217),
(10, 218),
(35, 218),
(36, 218),
(37, 218),
(107, 218),
(199, 218),
(203, 218),
(275, 218),
(279, 218),
(56, 219),
(58, 221),
(59, 221),
(66, 222),
(94, 222),
(89, 223),
(90, 223),
(91, 223),
(148, 223),
(149, 223),
(171, 223),
(81, 224),
(106, 225),
(136, 225),
(108, 226),
(109, 227),
(110, 227),
(115, 227),
(124, 227),
(125, 227),
(152, 227),
(153, 227),
(165, 227),
(166, 227),
(167, 227),
(168, 227),
(178, 227),
(180, 227),
(185, 227),
(190, 227),
(201, 227),
(222, 227),
(225, 227),
(226, 227),
(252, 227),
(259, 227),
(271, 227),
(272, 227),
(273, 227),
(274, 227),
(112, 228),
(263, 228),
(117, 229),
(215, 229),
(133, 230),
(232, 230),
(142, 231),
(145, 232),
(176, 233),
(219, 233),
(269, 233),
(195, 234),
(202, 235),
(209, 237),
(217, 238),
(262, 239),
(264, 240),
(278, 241),
(281, 242);

-- --------------------------------------------------------

--
-- Structure de la table `contrat`
--

CREATE TABLE IF NOT EXISTS `contrat` (
  `CNT_Id` int(11) NOT NULL,
  `CNT_Nom` varchar(45) DEFAULT NULL,
  PRIMARY KEY (`CNT_Id`)
) ENGINE=InnoDB DEFAULT CHARSET=utf8;

--
-- Contenu de la table `contrat`
--

INSERT INTO `contrat` (`CNT_Id`, `CNT_Nom`) VALUES
(1, 'AVA'),
(2, 'ACI'),
(3, 'CAP VERT');

-- --------------------------------------------------------

--
-- Structure de la table `controle`
--

CREATE TABLE IF NOT EXISTS `controle` (
  `CON_NumControle` int(11) NOT NULL AUTO_INCREMENT,
  `CON_Date` date DEFAULT NULL,
  `CHA_NumDevis` int(11) NOT NULL,
  `CON_Intitule` varchar(45) DEFAULT NULL,
  PRIMARY KEY (`CON_NumControle`,`CHA_NumDevis`),
  KEY `fk_Controle_Chantiers1_idx` (`CHA_NumDevis`)
) ENGINE=InnoDB DEFAULT CHARSET=utf8 AUTO_INCREMENT=1 ;

-- --------------------------------------------------------

--
-- Structure de la table `convention`
--

CREATE TABLE IF NOT EXISTS `convention` (
  `CNV_Id` int(11) NOT NULL,
  `CNV_Nom` varchar(45) DEFAULT NULL,
  `CNV_Couleur` varchar(7) NOT NULL,
  PRIMARY KEY (`CNV_Id`)
) ENGINE=InnoDB DEFAULT CHARSET=utf8;

--
-- Contenu de la table `convention`
--

INSERT INTO `convention` (`CNV_Id`, `CNV_Nom`, `CNV_Couleur`) VALUES
(1, 'CG', '#d7251c'),
(2, 'ASH', '#1e9b14'),
(3, 'ASSH', '#14479b'),
(4, 'CUCS', '#000000'),
(5, 'FAJ', '#e157ff');

-- --------------------------------------------------------

--
-- Structure de la table `employerclient`
--

CREATE TABLE IF NOT EXISTS `employerclient` (
  `CLI_NumClient` int(11) NOT NULL,
  `PER_Num` int(11) NOT NULL,
  `EMC_Fonction` varchar(45) DEFAULT NULL,
  PRIMARY KEY (`CLI_NumClient`,`PER_Num`),
  KEY `fk_Clients_has_Personnes_Personnes1_idx` (`PER_Num`),
  KEY `fk_Clients_has_Personnes_Clients1_idx` (`CLI_NumClient`)
) ENGINE=InnoDB DEFAULT CHARSET=utf8;

--
-- Contenu de la table `employerclient`
--

INSERT INTO `employerclient` (`CLI_NumClient`, `PER_Num`, `EMC_Fonction`) VALUES
(86, 60, ''),
(87, 63, NULL),
(88, 72, NULL),
(89, 73, NULL),
(91, 212, NULL),
(92, 219, ''),
(93, 214, ''),
(95, 216, ''),
(96, 217, ''),
(97, 218, ''),
(97, 295, ''),
(97, 446, 'Technicien'),
(99, 220, ''),
(99, 227, ''),
(100, 222, ''),
(101, 223, ''),
(102, 268, ''),
(102, 323, ''),
(103, 225, ''),
(105, 228, ''),
(106, 229, ''),
(106, 236, ''),
(106, 262, ''),
(106, 278, ''),
(106, 290, ''),
(107, 230, ''),
(108, 231, ''),
(109, 232, ''),
(112, 235, ''),
(115, 238, ''),
(116, 239, ''),
(117, 240, ''),
(119, 242, ''),
(120, 244, ''),
(122, 246, ''),
(122, 265, ''),
(124, 296, ''),
(125, 249, ''),
(126, 250, ''),
(127, 251, ''),
(128, 252, ''),
(129, 254, ''),
(130, 255, ''),
(131, 256, ''),
(132, 257, ''),
(133, 258, ''),
(134, 259, ''),
(135, 260, ''),
(136, 261, ''),
(138, 263, ''),
(139, 264, ''),
(139, 271, ''),
(141, 266, ''),
(141, 333, ''),
(142, 267, ''),
(142, 334, ''),
(144, 270, ''),
(146, 273, ''),
(147, 274, ''),
(148, 275, ''),
(149, 276, ''),
(150, 277, ''),
(152, 279, 'Directrice'),
(153, 280, ''),
(154, 281, ''),
(155, 282, ''),
(156, 283, ''),
(157, 284, ''),
(158, 285, ''),
(159, 286, ''),
(164, 292, ''),
(165, 293, ''),
(166, 294, ''),
(169, 297, ''),
(169, 298, ''),
(171, 299, ''),
(172, 300, ''),
(173, 301, ''),
(177, 306, ''),
(178, 307, ''),
(179, 308, ''),
(180, 309, ''),
(181, 310, ''),
(182, 311, ''),
(183, 313, ''),
(184, 314, ''),
(185, 315, ''),
(185, 426, 'Gestion'),
(186, 316, ''),
(188, 318, ''),
(189, 319, ''),
(190, 320, ''),
(191, 321, ''),
(193, 324, ''),
(196, 327, ''),
(197, 328, ''),
(198, 329, ''),
(199, 330, ''),
(200, 331, ''),
(201, 332, ''),
(205, 336, ''),
(207, 338, ''),
(208, 339, ''),
(209, 340, ''),
(211, 342, ''),
(212, 343, ''),
(213, 344, NULL),
(215, 346, ''),
(216, 347, ''),
(217, 347, ''),
(218, 353, ''),
(219, 356, ''),
(221, 358, ''),
(222, 366, NULL),
(223, 367, ''),
(224, 379, NULL),
(225, 425, NULL),
(226, 427, NULL),
(227, 428, 'Gestion'),
(228, 429, 'Chef De Service'),
(228, 430, 'Assistante'),
(229, 431, 'Directrice'),
(229, 459, 'Chef D\\''Etablissement'),
(230, 444, NULL),
(234, 452, NULL),
(237, 458, NULL),
(238, 461, NULL),
(239, 470, 'Directeur'),
(242, 471, NULL);

-- --------------------------------------------------------

--
-- Structure de la table `employerfourn`
--

CREATE TABLE IF NOT EXISTS `employerfourn` (
  `FOU_NumFournisseur` int(11) NOT NULL,
  `PER_Num` int(11) NOT NULL,
  `EMF_Fonction` varchar(45) DEFAULT NULL,
  PRIMARY KEY (`FOU_NumFournisseur`,`PER_Num`),
  KEY `fk_Fournisseurs_has_Personnes_Personnes1_idx` (`PER_Num`),
  KEY `fk_Fournisseurs_has_Personnes_Fournisseurs1_idx` (`FOU_NumFournisseur`)
) ENGINE=InnoDB DEFAULT CHARSET=utf8;

--
-- Contenu de la table `employerfourn`
--

INSERT INTO `employerfourn` (`FOU_NumFournisseur`, `PER_Num`, `EMF_Fonction`) VALUES
(10, 380, 'Technico Commercial'),
(11, 460, 'Commercial'),
(13, 409, 'Technico Commercial'),
(54, 421, 'Technicien Commercial'),
(54, 422, 'Attaché Commercial'),
(79, 448, 'Technicommercial');

-- --------------------------------------------------------

--
-- Structure de la table `encadrer`
--

CREATE TABLE IF NOT EXISTS `encadrer` (
  `CHA_NumDevis` int(11) NOT NULL,
  `SAL_NumSalarie` int(5) NOT NULL,
  PRIMARY KEY (`CHA_NumDevis`,`SAL_NumSalarie`),
  KEY `fk_Chantiers_has_Encadrant_Chantiers1_idx` (`CHA_NumDevis`),
  KEY `fk_Encadrer_Salaries1_idx` (`SAL_NumSalarie`)
) ENGINE=InnoDB DEFAULT CHARSET=utf8;

--
-- Contenu de la table `encadrer`
--

INSERT INTO `encadrer` (`CHA_NumDevis`, `SAL_NumSalarie`) VALUES
(2, 8),
(3, 8),
(4, 27),
(5, 27),
(6, 8),
(7, 27),
(8, 27),
(9, 2),
(10, 2),
(11, 2),
(12, 2),
(13, 2),
(14, 2),
(15, 2),
(16, 2),
(17, 2),
(18, 141),
(19, 141),
(20, 141),
(21, 2),
(22, 2),
(23, 2),
(24, 2),
(25, 2),
(26, 2),
(27, 2),
(28, 2),
(29, 2),
(30, 2),
(31, 2),
(32, 2),
(33, 2),
(34, 2),
(35, 2),
(36, 2),
(37, 2),
(38, 2),
(39, 2),
(40, 2),
(41, 2),
(42, 2),
(43, 2),
(44, 2),
(45, 2),
(46, 2),
(47, 2),
(48, 2),
(49, 2),
(50, 2),
(51, 2),
(52, 2),
(53, 2),
(54, 2),
(55, 2),
(56, 8),
(57, 8),
(58, 8),
(59, 8),
(60, 2),
(61, 27),
(62, 27),
(63, 8),
(64, 2),
(65, 2),
(66, 2),
(67, 2),
(68, 2),
(69, 2),
(70, 2),
(71, 2),
(72, 2),
(73, 2),
(74, 2),
(75, 2),
(76, 8),
(77, 2),
(78, 2),
(79, 2),
(80, 141),
(81, 2),
(82, 2),
(83, 27),
(84, 141),
(85, 2),
(86, 2),
(87, 2),
(88, 2),
(89, 8),
(90, 8),
(91, 28),
(92, 2),
(93, 27),
(94, 2),
(95, 2),
(96, 2),
(97, 8),
(98, 8),
(99, 2),
(100, 2),
(101, 2),
(102, 2),
(103, 2),
(104, 2),
(105, 2),
(106, 8),
(107, 2),
(108, 2),
(109, 8),
(110, 2),
(111, 27),
(112, 28),
(113, 8),
(114, 2),
(115, 27),
(117, 27),
(118, 2),
(119, 2),
(120, 2),
(121, 2),
(122, 2),
(123, 2),
(124, 2),
(125, 2),
(126, 2),
(127, 2),
(128, 2),
(129, 2),
(130, 8),
(131, 8),
(132, 27),
(133, 141),
(134, 2),
(135, 2),
(136, 8),
(137, 141),
(138, 141),
(139, 27),
(140, 2),
(141, 2),
(142, 2),
(143, 2),
(144, 2),
(145, 28),
(146, 28),
(147, 28),
(148, 8),
(149, 8),
(150, 2),
(151, 28),
(152, 2),
(153, 27),
(154, 2),
(155, 27),
(156, 27),
(157, 141),
(158, 141),
(159, 141),
(160, 141),
(161, 2),
(162, 2),
(163, 2),
(164, 8),
(165, 2),
(166, 2),
(167, 2),
(168, 2),
(169, 2),
(170, 8),
(171, 28),
(172, 27),
(173, 2),
(174, 2),
(175, 2),
(176, 8),
(177, 28),
(178, 8),
(179, 27),
(180, 2),
(181, 141),
(182, 141),
(183, 141),
(184, 141),
(185, 2),
(186, 2),
(187, 2),
(188, 27),
(189, 2),
(190, 2),
(191, 27),
(192, 27),
(193, 27),
(194, 8),
(195, 2),
(196, 8),
(197, 8),
(198, 2),
(199, 2),
(200, 2),
(201, 2),
(202, 2),
(203, 2),
(204, 8),
(205, 8),
(206, 2),
(207, 2),
(208, 2),
(209, 2),
(210, 27),
(211, 8),
(212, 8),
(213, 27),
(214, 27),
(215, 8),
(216, 8),
(217, 2),
(218, 27),
(219, 27),
(220, 27),
(221, 2),
(222, 27),
(223, 2),
(224, 2),
(225, 2),
(226, 2),
(227, 8),
(228, 27),
(229, 27),
(230, 8),
(231, 8),
(232, 141),
(233, 141),
(234, 141),
(235, 141),
(236, 141),
(237, 141),
(238, 141),
(239, 141),
(240, 141),
(241, 141),
(242, 141),
(243, 141),
(244, 141),
(245, 141),
(246, 141),
(247, 141),
(248, 2),
(249, 141),
(250, 141),
(251, 2),
(252, 2),
(253, 2),
(254, 28),
(255, 28),
(256, 28),
(258, 28),
(259, 2),
(260, 8),
(261, 2),
(262, 141),
(263, 28),
(264, 28),
(265, 2),
(266, 27),
(267, 27),
(268, 2),
(269, 28),
(270, 2),
(271, 2),
(272, 2),
(273, 2),
(274, 2),
(275, 2),
(276, 2),
(277, 2),
(278, 2),
(279, 2),
(280, 2),
(281, 2);

-- --------------------------------------------------------

--
-- Structure de la table `etat`
--

CREATE TABLE IF NOT EXISTS `etat` (
  `ETA_Date` datetime NOT NULL,
  `CHA_NumDevis` int(11) NOT NULL,
  `TYE_Id` int(11) NOT NULL,
  PRIMARY KEY (`ETA_Date`,`CHA_NumDevis`),
  KEY `fk_Etat_Chantiers1_idx` (`CHA_NumDevis`),
  KEY `fk_Etat_TypeEtat1_idx` (`TYE_Id`)
) ENGINE=InnoDB DEFAULT CHARSET=utf8;

--
-- Contenu de la table `etat`
--

INSERT INTO `etat` (`ETA_Date`, `CHA_NumDevis`, `TYE_Id`) VALUES
('2014-11-18 10:01:51', 2, 1),
('2014-11-24 11:15:47', 3, 1),
('2014-11-24 11:32:20', 4, 1),
('2014-11-24 11:57:14', 5, 1),
('2014-11-24 12:02:17', 6, 1),
('2014-11-26 13:22:07', 7, 1),
('2014-11-26 13:28:24', 8, 1),
('2014-12-09 10:50:07', 9, 1),
('2014-12-09 10:54:22', 10, 1),
('2014-12-09 10:58:05', 11, 1),
('2014-12-09 11:01:56', 12, 1),
('2014-12-09 11:04:02', 13, 1),
('2014-12-09 11:06:37', 14, 1),
('2014-12-09 11:08:28', 15, 1),
('2014-12-09 11:10:43', 16, 1),
('2014-12-09 11:17:43', 17, 1),
('2014-12-10 14:58:18', 18, 1),
('2014-12-10 15:12:19', 19, 1),
('2014-12-10 15:15:42', 20, 1),
('2014-12-10 15:58:15', 21, 1),
('2014-12-10 16:04:09', 22, 1),
('2014-12-10 16:05:25', 23, 1),
('2014-12-10 16:07:15', 24, 1),
('2014-12-10 16:08:41', 25, 1),
('2014-12-10 16:10:00', 26, 1),
('2014-12-10 16:11:29', 27, 1),
('2014-12-10 16:14:07', 28, 1),
('2014-12-10 16:15:16', 29, 1),
('2014-12-10 16:16:43', 30, 1),
('2014-12-10 16:18:28', 31, 1),
('2014-12-10 16:43:37', 32, 1),
('2014-12-10 16:47:13', 33, 1),
('2014-12-10 16:49:42', 34, 1),
('2014-12-10 16:53:58', 35, 1),
('2014-12-10 16:56:06', 36, 1),
('2014-12-10 16:57:57', 37, 1),
('2014-12-10 17:12:23', 38, 1),
('2014-12-10 17:15:09', 39, 1),
('2014-12-10 17:16:44', 40, 1),
('2014-12-11 09:28:42', 41, 1),
('2014-12-11 09:31:07', 42, 1),
('2014-12-11 09:33:28', 43, 1),
('2014-12-11 09:36:05', 44, 1),
('2014-12-11 09:38:13', 45, 1),
('2014-12-11 09:40:11', 46, 1),
('2014-12-11 09:43:59', 47, 1),
('2014-12-11 09:45:58', 48, 1),
('2014-12-11 09:48:06', 49, 1),
('2014-12-11 09:53:24', 50, 1),
('2014-12-11 09:54:58', 51, 1),
('2014-12-11 09:56:41', 52, 1),
('2014-12-11 10:00:13', 53, 1),
('2014-12-11 10:02:00', 54, 1),
('2014-12-11 10:03:39', 55, 1),
('2014-12-12 10:15:32', 56, 1),
('2014-12-12 10:21:15', 57, 1),
('2014-12-19 13:13:19', 58, 1),
('2014-12-19 14:08:32', 59, 1),
('2015-01-08 10:45:14', 60, 1),
('2015-01-12 13:37:17', 61, 1),
('2015-01-12 13:39:58', 62, 1),
('2015-01-12 13:41:48', 63, 1),
('2015-01-12 13:44:22', 64, 1),
('2015-01-13 13:31:36', 65, 1),
('2015-01-13 14:31:57', 66, 1),
('2015-01-14 11:49:19', 67, 1),
('2015-01-15 14:00:10', 68, 1),
('2015-01-15 14:06:58', 69, 1),
('2015-01-16 11:12:17', 70, 1),
('2015-01-19 14:23:46', 71, 1),
('2015-01-19 14:31:18', 72, 1),
('2015-01-21 12:01:47', 73, 1),
('2015-01-26 16:36:24', 74, 1),
('2015-01-27 10:23:45', 75, 1),
('2015-01-27 11:15:30', 76, 1),
('2015-01-27 16:33:06', 77, 1),
('2015-01-29 10:55:12', 78, 1),
('2015-02-02 16:15:15', 79, 1),
('2015-02-03 11:38:24', 80, 1),
('2015-02-03 14:30:22', 81, 1),
('2015-02-04 11:39:51', 82, 1),
('2015-02-05 13:30:29', 83, 1),
('2015-02-05 13:40:29', 84, 1),
('2015-02-09 15:13:06', 85, 1),
('2015-02-09 15:39:06', 86, 1),
('2015-02-09 15:54:02', 87, 1),
('2015-02-09 15:57:41', 88, 1),
('2015-02-09 17:14:54', 89, 1),
('2015-02-09 17:17:10', 90, 1),
('2015-02-11 11:50:47', 91, 1),
('2015-02-12 16:17:42', 92, 1),
('2015-02-13 13:16:37', 93, 1),
('2015-02-16 16:56:51', 94, 1),
('2015-02-17 14:08:27', 95, 1),
('2015-02-18 13:45:51', 96, 1),
('2015-02-19 10:08:38', 97, 1),
('2015-02-23 17:29:20', 98, 1),
('2015-02-24 16:56:42', 99, 1),
('2015-02-25 13:58:28', 100, 1),
('2015-02-27 11:24:45', 101, 1),
('2015-02-27 11:31:39', 102, 1),
('2015-03-05 09:44:03', 103, 1),
('2015-03-05 11:01:56', 104, 1),
('2015-03-11 08:03:27', 105, 1),
('2015-03-11 10:16:49', 106, 1),
('2015-03-11 11:10:47', 107, 1),
('2015-03-11 11:22:48', 108, 1),
('2015-03-11 13:04:03', 109, 1),
('2015-03-12 12:21:40', 110, 1),
('2015-03-12 16:03:03', 111, 1),
('2015-03-12 16:20:57', 112, 1),
('2015-03-12 16:29:49', 113, 1),
('2015-03-12 16:46:18', 114, 1),
('2015-03-13 15:18:31', 115, 1),
('2015-03-13 15:38:01', 117, 1),
('2015-03-16 15:34:23', 118, 1),
('2015-03-18 08:15:36', 119, 1),
('2015-03-18 11:23:28', 120, 1),
('2015-03-19 15:17:57', 121, 1),
('2015-03-24 17:12:12', 122, 1),
('2015-03-25 16:07:20', 123, 1),
('2015-03-25 16:16:28', 124, 1),
('2015-03-25 16:25:14', 125, 1),
('2015-03-26 15:02:23', 126, 1),
('2015-03-30 08:11:13', 127, 1),
('2015-03-30 11:52:16', 128, 1),
('2015-03-30 11:56:44', 129, 1),
('2015-03-30 17:10:20', 130, 1),
('2015-03-30 17:15:59', 131, 1),
('2015-03-30 17:21:52', 132, 1),
('2015-03-31 09:22:43', 133, 1),
('2015-03-31 12:20:28', 134, 1),
('2015-04-01 13:46:27', 135, 1),
('2015-04-01 14:39:41', 136, 1),
('2015-04-03 10:06:25', 137, 1),
('2015-04-03 14:18:05', 138, 1),
('2015-04-03 16:49:59', 139, 1),
('2015-04-07 15:56:49', 140, 1),
('2015-04-09 13:46:47', 141, 1),
('2015-04-09 14:37:53', 142, 1),
('2015-04-13 14:17:24', 143, 1),
('2015-04-13 14:23:12', 144, 1),
('2015-04-13 14:32:32', 145, 1),
('2015-04-13 14:47:01', 146, 1),
('2015-04-13 14:49:05', 147, 1),
('2015-04-13 17:20:49', 148, 1),
('2015-04-13 17:22:36', 149, 1),
('2015-04-14 11:09:57', 150, 1),
('2015-04-14 15:50:16', 151, 1),
('2015-04-15 15:38:11', 152, 1),
('2015-04-15 17:17:08', 153, 1),
('2015-04-16 16:50:21', 154, 1),
('2015-04-17 13:38:31', 155, 1),
('2015-04-17 13:41:04', 156, 1),
('2015-04-20 13:47:09', 157, 1),
('2015-04-20 14:01:47', 158, 1),
('2015-04-20 14:04:12', 159, 1),
('2015-04-20 14:06:04', 160, 1),
('2015-04-21 12:18:37', 161, 1),
('2015-04-21 12:21:30', 162, 1),
('2015-04-21 13:32:34', 163, 1),
('2015-04-22 09:46:58', 164, 1),
('2015-04-22 13:43:14', 165, 1),
('2015-04-23 13:29:01', 166, 1),
('2015-04-27 11:58:47', 167, 1),
('2015-04-28 14:06:30', 168, 1),
('2015-04-28 14:12:15', 169, 1),
('2015-04-29 13:02:08', 170, 1),
('2015-04-29 13:15:24', 171, 1),
('2015-04-29 17:24:53', 172, 1),
('2015-04-30 11:47:31', 173, 1),
('2015-05-04 14:57:26', 174, 1),
('2015-05-06 11:49:08', 175, 1),
('2015-05-11 15:31:12', 176, 1),
('2015-05-11 15:54:28', 177, 1),
('2015-05-13 09:22:17', 178, 1),
('2015-05-13 17:05:34', 179, 1),
('2015-05-18 13:36:28', 180, 1),
('2015-05-18 13:49:05', 181, 1),
('2015-05-18 13:52:09', 182, 1),
('2015-05-18 13:54:30', 183, 1),
('2015-05-18 13:56:20', 184, 1),
('2015-05-19 14:19:01', 185, 1),
('2015-05-20 14:15:25', 186, 1),
('2015-05-20 14:22:08', 187, 1),
('2015-05-20 16:55:17', 188, 1),
('2015-05-21 11:34:16', 189, 1),
('2015-05-21 13:26:44', 190, 1),
('2015-05-21 17:20:39', 191, 1),
('2015-05-21 17:23:22', 192, 1),
('2015-05-21 17:26:52', 193, 1),
('2015-05-22 11:03:48', 194, 1),
('2015-05-26 11:32:22', 195, 1),
('2015-05-26 17:09:34', 196, 1),
('2015-05-26 17:11:04', 197, 1),
('2015-05-28 16:25:48', 198, 1),
('2015-06-09 16:19:18', 199, 1),
('2015-06-09 16:25:27', 200, 1),
('2015-06-09 16:30:34', 201, 1),
('2015-06-09 16:39:50', 202, 1),
('2015-06-11 15:58:11', 203, 1),
('2015-06-15 11:14:30', 204, 1),
('2015-06-15 11:21:44', 205, 1),
('2015-06-15 13:42:31', 206, 1),
('2015-06-15 14:27:02', 207, 1),
('2015-06-15 15:57:42', 208, 1),
('2015-06-17 13:41:04', 209, 1),
('2015-06-17 15:36:02', 210, 1),
('2015-06-18 13:59:15', 211, 1),
('2015-06-19 10:38:14', 212, 1),
('2015-06-22 12:49:17', 213, 1),
('2015-06-22 12:51:03', 214, 1),
('2015-06-22 13:10:57', 215, 1),
('2015-06-22 13:15:39', 216, 1),
('2015-06-22 15:26:37', 217, 1),
('2015-06-23 14:29:08', 218, 1),
('2015-06-24 10:10:11', 219, 1),
('2015-06-25 10:31:17', 220, 1),
('2015-06-29 14:18:28', 221, 1),
('2015-06-30 12:02:55', 222, 1),
('2015-06-30 15:54:59', 223, 1),
('2015-07-01 16:20:34', 224, 1),
('2015-07-07 12:01:47', 225, 1),
('2015-07-08 11:16:24', 226, 1),
('2015-07-08 16:43:50', 227, 1),
('2015-07-08 16:48:08', 228, 1),
('2015-07-08 17:23:27', 229, 1),
('2015-07-08 17:26:49', 230, 1),
('2015-07-09 11:52:36', 231, 1),
('2015-07-13 14:03:39', 232, 1),
('2015-07-13 14:06:28', 233, 1),
('2015-07-13 14:08:54', 234, 1),
('2015-07-13 14:10:20', 235, 1),
('2015-07-13 14:12:09', 236, 1),
('2015-07-13 14:22:00', 237, 1),
('2015-07-13 14:23:25', 238, 1),
('2015-07-13 14:24:41', 239, 1),
('2015-07-13 14:26:35', 240, 1),
('2015-07-13 14:27:45', 241, 1),
('2015-07-13 14:29:04', 242, 1),
('2015-07-13 14:33:03', 243, 1),
('2015-07-13 14:36:53', 244, 1),
('2015-07-13 14:37:55', 245, 1),
('2015-07-13 14:39:24', 246, 1),
('2015-07-13 14:40:38', 247, 1),
('2015-07-13 14:41:48', 248, 1),
('2015-07-13 14:41:54', 249, 1),
('2015-07-13 14:44:56', 250, 1),
('2015-07-13 14:47:00', 251, 1),
('2015-07-15 14:57:50', 252, 1),
('2015-07-16 16:41:21', 253, 1),
('2015-07-20 10:42:27', 254, 1),
('2015-07-20 13:22:42', 255, 1),
('2015-07-20 13:24:45', 256, 1),
('2015-07-20 13:29:27', 258, 1),
('2015-07-20 13:35:45', 259, 1),
('2015-07-20 17:12:01', 260, 1),
('2015-07-22 12:12:15', 261, 1),
('2015-07-24 09:43:07', 262, 1),
('2015-07-24 10:14:05', 263, 1),
('2015-07-24 10:30:11', 264, 1),
('2015-07-24 11:54:47', 265, 1),
('2015-07-27 09:58:56', 266, 1),
('2015-07-27 11:21:16', 267, 1),
('2015-07-28 13:35:29', 268, 1),
('2015-07-29 17:12:59', 269, 1),
('2015-07-30 14:35:01', 270, 1),
('2015-08-03 08:07:52', 271, 1),
('2015-08-03 11:30:38', 272, 1),
('2015-08-04 11:51:38', 273, 1),
('2015-08-05 14:07:19', 274, 1),
('2015-08-05 14:14:01', 275, 1),
('2015-08-11 09:50:54', 276, 1),
('2015-08-11 09:54:20', 277, 1),
('2015-08-11 10:35:45', 278, 1),
('2015-08-12 12:19:22', 279, 1),
('2015-08-18 14:02:14', 280, 1),
('2015-08-21 11:07:25', 281, 1),
('2014-12-09 11:19:15', 17, 2),
('2015-01-27 16:34:48', 77, 2),
('2015-03-26 15:03:43', 126, 2),
('2015-07-01 16:16:33', 51, 2),
('2015-07-01 16:16:35', 51, 2),
('2015-07-27 10:01:18', 266, 2),
('2015-07-27 11:21:26', 267, 2),
('2014-11-18 11:32:54', 2, 3),
('2014-11-24 11:16:10', 3, 3),
('2014-11-24 11:32:32', 4, 3),
('2014-11-24 11:58:31', 5, 3),
('2014-11-24 12:02:28', 6, 3),
('2014-11-26 13:22:30', 7, 3),
('2014-11-26 13:28:33', 8, 3),
('2014-12-09 11:29:13', 17, 3),
('2014-12-09 11:29:30', 16, 3),
('2014-12-09 11:42:18', 14, 3),
('2014-12-09 11:42:47', 13, 3),
('2014-12-09 11:43:07', 12, 3),
('2014-12-09 11:43:25', 11, 3),
('2014-12-09 11:43:47', 10, 3),
('2014-12-09 11:44:02', 9, 3),
('2014-12-09 11:44:37', 15, 3),
('2015-01-06 13:43:55', 57, 3),
('2015-01-12 13:37:58', 61, 3),
('2015-01-12 13:42:14', 63, 3),
('2015-01-12 13:44:31', 64, 3),
('2015-01-12 13:53:13', 62, 3),
('2015-01-13 15:44:02', 20, 3),
('2015-01-19 16:19:03', 56, 3),
('2015-01-27 09:32:26', 58, 3),
('2015-01-27 09:33:13', 59, 3),
('2015-01-27 11:16:52', 76, 3),
('2015-01-29 12:26:22', 21, 3),
('2015-02-02 13:15:40', 18, 3),
('2015-02-02 13:16:05', 19, 3),
('2015-02-02 16:15:25', 79, 3),
('2015-02-03 11:38:40', 80, 3),
('2015-02-05 13:30:39', 83, 3),
('2015-02-05 13:40:38', 84, 3),
('2015-02-09 17:15:05', 89, 3),
('2015-02-09 17:17:21', 90, 3),
('2015-02-11 11:51:21', 91, 3),
('2015-02-13 10:09:07', 88, 3),
('2015-02-13 13:17:10', 93, 3),
('2015-02-19 10:08:48', 97, 3),
('2015-02-24 16:54:05', 98, 3),
('2015-03-05 09:44:24', 103, 3),
('2015-03-05 11:02:05', 104, 3),
('2015-03-09 11:44:29', 22, 3),
('2015-03-11 10:16:58', 106, 3),
('2015-03-11 13:04:21', 109, 3),
('2015-03-12 16:03:12', 111, 3),
('2015-03-12 16:21:10', 112, 3),
('2015-03-12 16:29:57', 113, 3),
('2015-03-13 15:19:17', 115, 3),
('2015-03-13 15:38:09', 117, 3),
('2015-03-30 17:10:36', 130, 3),
('2015-03-30 17:16:06', 131, 3),
('2015-03-30 17:22:01', 132, 3),
('2015-03-31 09:22:50', 133, 3),
('2015-04-01 14:39:51', 136, 3),
('2015-04-02 08:25:12', 47, 3),
('2015-04-03 10:07:09', 137, 3),
('2015-04-03 14:18:13', 138, 3),
('2015-04-03 16:50:07', 139, 3),
('2015-04-08 16:47:45', 23, 3),
('2015-04-10 11:23:21', 32, 3),
('2015-04-10 11:24:04', 50, 3),
('2015-04-10 11:26:31', 35, 3),
('2015-04-10 11:26:53', 38, 3),
('2015-04-10 11:27:17', 53, 3),
('2015-04-13 14:32:41', 145, 3),
('2015-04-13 14:47:09', 146, 3),
('2015-04-13 14:50:02', 147, 3),
('2015-04-13 17:20:55', 148, 3),
('2015-04-13 17:22:44', 149, 3),
('2015-04-14 15:50:23', 151, 3),
('2015-04-15 17:17:15', 153, 3),
('2015-04-17 13:38:43', 155, 3),
('2015-04-17 13:41:12', 156, 3),
('2015-04-20 14:02:33', 158, 3),
('2015-04-20 14:04:20', 159, 3),
('2015-04-20 14:06:11', 160, 3),
('2015-04-20 14:07:03', 157, 3),
('2015-04-22 09:47:18', 164, 3),
('2015-04-29 13:02:15', 170, 3),
('2015-04-29 13:15:32', 171, 3),
('2015-04-29 17:25:00', 172, 3),
('2015-05-04 13:46:43', 24, 3),
('2015-05-05 16:27:49', 46, 3),
('2015-05-05 16:33:46', 44, 3),
('2015-05-05 16:34:28', 41, 3),
('2015-05-06 11:40:04', 174, 3),
('2015-05-11 15:31:20', 176, 3),
('2015-05-11 15:54:35', 177, 3),
('2015-05-13 09:22:37', 178, 3),
('2015-05-13 17:05:42', 179, 3),
('2015-05-18 13:49:58', 181, 3),
('2015-05-18 13:52:18', 182, 3),
('2015-05-18 13:54:37', 183, 3),
('2015-05-18 13:56:30', 184, 3),
('2015-05-20 16:55:29', 188, 3),
('2015-05-21 17:20:46', 191, 3),
('2015-05-21 17:23:28', 192, 3),
('2015-05-21 17:27:00', 193, 3),
('2015-05-22 11:03:56', 194, 3),
('2015-05-26 17:09:42', 196, 3),
('2015-05-26 17:11:11', 197, 3),
('2015-06-15 11:14:42', 204, 3),
('2015-06-15 11:21:51', 205, 3),
('2015-06-15 11:36:59', 25, 3),
('2015-06-17 15:36:11', 210, 3),
('2015-06-18 13:59:23', 211, 3),
('2015-06-19 10:38:21', 212, 3),
('2015-06-22 12:49:31', 213, 3),
('2015-06-22 12:51:10', 214, 3),
('2015-06-22 13:11:04', 215, 3),
('2015-06-22 13:15:46', 216, 3),
('2015-06-23 14:29:16', 218, 3),
('2015-06-24 10:10:19', 219, 3),
('2015-06-25 10:31:28', 220, 3),
('2015-06-30 12:03:02', 222, 3),
('2015-07-01 15:57:46', 36, 3),
('2015-07-01 15:58:06', 26, 3),
('2015-07-01 16:01:52', 33, 3),
('2015-07-01 16:09:05', 48, 3),
('2015-07-01 16:11:31', 42, 3),
('2015-07-01 16:15:27', 39, 3),
('2015-07-01 16:15:57', 54, 3),
('2015-07-01 16:16:42', 51, 3),
('2015-07-01 16:21:18', 224, 3),
('2015-07-08 16:43:57', 227, 3),
('2015-07-08 16:48:17', 228, 3),
('2015-07-08 17:23:49', 229, 3),
('2015-07-08 17:26:56', 230, 3),
('2015-07-09 11:52:43', 231, 3),
('2015-07-13 14:03:50', 232, 3),
('2015-07-13 14:06:36', 233, 3),
('2015-07-13 14:09:00', 234, 3),
('2015-07-13 14:10:27', 235, 3),
('2015-07-13 14:12:30', 236, 3),
('2015-07-13 14:22:16', 237, 3),
('2015-07-13 14:23:37', 238, 3),
('2015-07-13 14:24:58', 239, 3),
('2015-07-13 14:26:42', 240, 3),
('2015-07-13 14:27:52', 241, 3),
('2015-07-13 14:29:16', 242, 3),
('2015-07-13 14:33:11', 243, 3),
('2015-07-13 14:37:00', 244, 3),
('2015-07-13 14:38:01', 245, 3),
('2015-07-13 14:39:31', 246, 3),
('2015-07-13 14:40:44', 247, 3),
('2015-07-13 14:42:01', 249, 3),
('2015-07-13 14:45:03', 250, 3),
('2015-07-13 15:51:59', 45, 3),
('2015-07-20 10:43:06', 254, 3),
('2015-07-20 13:22:49', 255, 3),
('2015-07-20 13:25:06', 256, 3),
('2015-07-20 13:29:35', 258, 3),
('2015-07-20 17:12:19', 260, 3),
('2015-07-24 10:14:22', 263, 3),
('2015-07-24 13:38:07', 264, 3),
('2015-07-28 10:19:51', 267, 3),
('2015-07-28 10:20:13', 266, 3),
('2015-07-29 17:13:07', 269, 3),
('2015-07-30 14:39:28', 27, 3),
('2015-08-19 11:03:19', 276, 3),
('2014-11-21 16:57:28', 2, 4),
('2014-12-03 10:02:21', 3, 4),
('2014-12-04 16:19:02', 6, 4),
('2015-01-08 10:50:07', 60, 4),
('2015-01-13 13:38:32', 65, 4),
('2015-01-13 14:33:56', 66, 4),
('2015-01-13 17:20:07', 57, 4),
('2015-01-14 11:52:26', 67, 4),
('2015-01-15 14:02:20', 68, 4),
('2015-01-15 14:08:09', 69, 4),
('2015-01-16 11:14:03', 70, 4),
('2015-01-19 14:27:06', 71, 4),
('2015-01-19 14:34:54', 72, 4),
('2015-01-21 12:04:23', 73, 4),
('2015-01-26 16:37:08', 74, 4),
('2015-01-27 10:38:51', 75, 4),
('2015-01-27 16:35:08', 77, 4),
('2015-01-28 15:50:14', 74, 4),
('2015-01-29 10:58:27', 78, 4),
('2015-01-29 13:59:41', 56, 4),
('2015-01-29 14:01:13', 58, 4),
('2015-01-29 14:03:03', 59, 4),
('2015-02-03 14:33:13', 81, 4),
('2015-02-04 11:44:35', 82, 4),
('2015-02-09 14:10:02', 17, 4),
('2015-02-09 15:31:43', 85, 4),
('2015-02-09 15:41:11', 86, 4),
('2015-02-09 15:54:44', 87, 4),
('2015-02-12 16:19:42', 92, 4),
('2015-02-16 16:52:26', 90, 4),
('2015-02-16 16:53:45', 89, 4),
('2015-02-16 17:02:26', 94, 4),
('2015-02-17 14:11:13', 95, 4),
('2015-02-23 14:03:10', 91, 4),
('2015-02-24 13:22:10', 83, 4),
('2015-02-25 14:00:08', 100, 4),
('2015-02-25 14:03:00', 88, 4),
('2015-02-27 09:47:40', 93, 4),
('2015-02-27 11:26:53', 101, 4),
('2015-02-27 11:33:32', 102, 4),
('2015-03-02 10:38:16', 98, 4),
('2015-03-02 10:45:00', 97, 4),
('2015-03-05 11:17:26', 62, 4),
('2015-03-09 11:00:47', 21, 4),
('2015-03-09 11:31:56', 103, 4),
('2015-03-09 11:33:02', 79, 4),
('2015-03-09 11:38:26', 64, 4),
('2015-03-11 08:07:26', 105, 4),
('2015-03-11 11:12:15', 107, 4),
('2015-03-11 11:24:28', 108, 4),
('2015-03-11 17:02:12', 104, 4),
('2015-03-12 12:23:27', 110, 4),
('2015-03-12 15:33:04', 76, 4),
('2015-03-12 16:47:48', 114, 4),
('2015-03-13 11:49:22', 112, 4),
('2015-03-18 08:17:41', 119, 4),
('2015-03-18 11:26:30', 120, 4),
('2015-03-19 15:20:10', 121, 4),
('2015-03-24 17:14:15', 122, 4),
('2015-03-25 16:10:09', 123, 4),
('2015-03-25 16:18:42', 124, 4),
('2015-03-25 16:28:50', 125, 4),
('2015-03-26 15:04:01', 126, 4),
('2015-03-30 08:13:20', 127, 4),
('2015-03-30 11:53:53', 128, 4),
('2015-03-30 11:58:43', 129, 4),
('2015-03-31 12:22:11', 134, 4),
('2015-03-31 17:19:20', 109, 4),
('2015-04-01 13:48:28', 135, 4),
('2015-04-01 14:56:56', 136, 4),
('2015-04-01 14:57:36', 106, 4),
('2015-04-01 17:13:01', 113, 4),
('2015-04-02 16:03:01', 22, 4),
('2015-04-03 14:13:50', 137, 4),
('2015-04-03 14:22:26', 133, 4),
('2015-04-07 15:58:21', 140, 4),
('2015-04-08 16:47:20', 96, 4),
('2015-04-09 13:48:49', 141, 4),
('2015-04-09 14:39:39', 142, 4),
('2015-04-13 14:19:11', 143, 4),
('2015-04-13 14:24:51', 144, 4),
('2015-04-13 14:57:14', 145, 4),
('2015-04-13 17:24:10', 130, 4),
('2015-04-14 11:11:49', 150, 4),
('2015-04-15 09:20:36', 139, 4),
('2015-04-15 10:10:03', 151, 4),
('2015-04-15 10:42:38', 146, 4),
('2015-04-15 11:27:52', 147, 4),
('2015-04-15 15:40:14', 152, 4),
('2015-04-15 16:16:40', 84, 4),
('2015-04-15 16:48:28', 115, 4),
('2015-04-15 17:20:13', 153, 4),
('2015-04-15 17:21:07', 117, 4),
('2015-04-16 16:52:34', 154, 4),
('2015-04-21 12:20:03', 161, 4),
('2015-04-21 12:23:54', 162, 4),
('2015-04-21 13:36:49', 163, 4),
('2015-04-21 14:15:32', 15, 4),
('2015-04-21 14:16:25', 16, 4),
('2015-04-21 14:17:15', 11, 4),
('2015-04-21 14:17:48', 14, 4),
('2015-04-21 14:18:36', 12, 4),
('2015-04-21 14:19:34', 13, 4),
('2015-04-21 14:20:18', 10, 4),
('2015-04-21 14:20:58', 9, 4),
('2015-04-22 13:45:35', 165, 4),
('2015-04-23 13:30:54', 166, 4),
('2015-04-27 12:03:07', 167, 4),
('2015-04-28 14:08:39', 168, 4),
('2015-04-28 14:14:49', 169, 4),
('2015-04-29 13:21:28', 148, 4),
('2015-04-29 13:22:11', 149, 4),
('2015-04-29 13:24:23', 156, 4),
('2015-04-29 13:25:00', 155, 4),
('2015-04-30 11:49:25', 173, 4),
('2015-04-30 15:05:58', 23, 4),
('2015-05-06 11:50:12', 175, 4),
('2015-05-11 14:53:01', 131, 4),
('2015-05-11 15:38:17', 174, 4),
('2015-05-12 11:50:41', 171, 4),
('2015-05-12 17:09:42', 177, 4),
('2015-05-13 09:18:57', 111, 4),
('2015-05-13 17:14:11', 176, 4),
('2015-05-13 17:19:50', 172, 4),
('2015-05-18 11:44:32', 179, 4),
('2015-05-18 13:37:39', 180, 4),
('2015-05-19 14:20:47', 185, 4),
('2015-05-20 14:16:42', 186, 4),
('2015-05-20 14:24:20', 187, 4),
('2015-05-21 11:38:24', 189, 4),
('2015-05-21 13:28:21', 190, 4),
('2015-05-26 11:33:40', 195, 4),
('2015-05-28 16:27:06', 198, 4),
('2015-06-01 16:23:57', 157, 4),
('2015-06-01 16:25:03', 158, 4),
('2015-06-01 16:25:38', 159, 4),
('2015-06-01 16:26:23', 160, 4),
('2015-06-01 16:29:58', 181, 4),
('2015-06-01 16:30:32', 184, 4),
('2015-06-01 16:31:12', 183, 4),
('2015-06-01 16:32:16', 182, 4),
('2015-06-01 17:26:35', 191, 4),
('2015-06-01 17:27:10', 132, 4),
('2015-06-01 17:27:52', 61, 4),
('2015-06-09 16:20:42', 199, 4),
('2015-06-09 16:27:17', 200, 4),
('2015-06-09 16:32:37', 201, 4),
('2015-06-09 16:42:15', 202, 4),
('2015-06-11 15:59:37', 203, 4),
('2015-06-11 16:03:17', 99, 4),
('2015-06-11 16:04:07', 118, 4),
('2015-06-15 11:09:18', 194, 4),
('2015-06-15 13:44:00', 206, 4),
('2015-06-15 14:10:31', 24, 4),
('2015-06-15 14:18:53', 24, 4),
('2015-06-15 16:00:57', 208, 4),
('2015-06-17 13:45:25', 209, 4),
('2015-06-18 11:45:05', 164, 4),
('2015-06-18 14:00:54', 211, 4),
('2015-06-19 11:29:24', 204, 4),
('2015-06-22 15:28:16', 217, 4),
('2015-06-24 17:09:35', 192, 4),
('2015-06-24 17:18:14', 193, 4),
('2015-06-25 15:53:30', 207, 4),
('2015-06-29 14:21:41', 221, 4),
('2015-06-30 15:56:30', 223, 4),
('2015-07-01 17:04:50', 212, 4),
('2015-07-01 17:05:29', 196, 4),
('2015-07-01 17:06:02', 197, 4),
('2015-07-02 15:01:17', 25, 4),
('2015-07-06 08:09:39', 224, 4),
('2015-07-07 12:02:37', 225, 4),
('2015-07-08 11:18:13', 226, 4),
('2015-07-08 14:25:49', 205, 4),
('2015-07-08 16:52:46', 219, 4),
('2015-07-08 17:07:04', 213, 4),
('2015-07-08 17:09:36', 214, 4),
('2015-07-13 14:43:28', 248, 4),
('2015-07-13 14:49:29', 251, 4),
('2015-07-13 15:14:54', 19, 4),
('2015-07-13 15:16:03', 18, 4),
('2015-07-13 15:19:30', 35, 4),
('2015-07-13 15:20:06', 50, 4),
('2015-07-13 15:22:24', 47, 4),
('2015-07-13 15:23:05', 53, 4),
('2015-07-13 15:24:48', 44, 4),
('2015-07-13 15:25:30', 32, 4),
('2015-07-13 15:26:29', 41, 4),
('2015-07-13 15:27:32', 38, 4),
('2015-07-15 15:00:26', 252, 4),
('2015-07-16 13:42:05', 215, 4),
('2015-07-16 16:43:03', 253, 4),
('2015-07-20 13:37:41', 259, 4),
('2015-07-21 08:19:05', 255, 4),
('2015-07-21 08:23:21', 254, 4),
('2015-07-21 11:56:56', 258, 4),
('2015-07-21 16:01:56', 210, 4),
('2015-07-22 12:13:18', 261, 4),
('2015-07-22 15:09:59', 170, 4),
('2015-07-24 09:24:44', 178, 4),
('2015-07-24 09:32:57', 227, 4),
('2015-07-24 09:45:44', 262, 4),
('2015-07-24 09:59:01', 232, 4),
('2015-07-24 11:56:43', 265, 4),
('2015-07-27 11:30:38', 231, 4),
('2015-07-28 10:21:18', 264, 4),
('2015-07-28 10:28:11', 263, 4),
('2015-07-28 10:31:26', 256, 4),
('2015-07-28 13:36:58', 268, 4),
('2015-07-30 14:08:34', 269, 4),
('2015-07-30 14:10:32', 266, 4),
('2015-07-30 14:36:44', 270, 4),
('2015-07-30 15:52:34', 220, 4),
('2015-07-30 16:08:48', 250, 4),
('2015-07-30 16:10:37', 243, 4),
('2015-07-30 16:11:20', 246, 4),
('2015-07-30 16:11:58', 247, 4),
('2015-07-30 16:12:56', 241, 4),
('2015-07-30 16:18:29', 244, 4),
('2015-07-30 16:19:15', 237, 4),
('2015-07-30 16:20:34', 238, 4),
('2015-07-30 16:21:24', 240, 4),
('2015-07-30 16:23:32', 242, 4),
('2015-07-30 16:24:16', 245, 4),
('2015-07-30 16:54:37', 230, 4),
('2015-07-30 16:59:23', 228, 4),
('2015-07-30 17:13:19', 267, 4),
('2015-07-31 11:42:41', 260, 4),
('2015-07-31 11:43:35', 229, 4),
('2015-08-03 08:10:23', 271, 4),
('2015-08-03 11:32:04', 272, 4),
('2015-08-04 11:53:32', 273, 4),
('2015-08-05 14:08:34', 274, 4),
('2015-08-05 14:15:04', 275, 4),
('2015-08-11 10:38:36', 278, 4),
('2015-08-12 12:21:33', 279, 4),
('2015-08-13 10:17:09', 26, 4),
('2015-08-18 14:03:25', 280, 4),
('2015-08-21 11:08:59', 281, 4),
('2014-12-03 09:56:44', 5, 5),
('2015-01-05 09:47:51', 7, 5),
('2015-01-05 09:48:24', 4, 5),
('2015-01-05 09:48:53', 8, 5),
('2015-04-15 10:44:30', 145, 5),
('2015-06-03 10:17:12', 177, 5),
('2015-07-21 08:24:15', 255, 5);

-- --------------------------------------------------------

--
-- Structure de la table `etatoutil`
--

CREATE TABLE IF NOT EXISTS `etatoutil` (
  `SAL_NumSalarie` int(5) NOT NULL,
  `OUT_NumOutil` int(11) NOT NULL,
  `ETA_Date` date NOT NULL,
  `ETA_Etat` varchar(45) DEFAULT NULL,
  PRIMARY KEY (`SAL_NumSalarie`,`OUT_NumOutil`,`ETA_Date`),
  KEY `fk_Salaries_has_Outil_Outil1_idx` (`OUT_NumOutil`),
  KEY `fk_Salaries_has_Outil_Salaries1_idx` (`SAL_NumSalarie`)
) ENGINE=InnoDB DEFAULT CHARSET=utf8;

-- --------------------------------------------------------

--
-- Structure de la table `facturer`
--

CREATE TABLE IF NOT EXISTS `facturer` (
  `REP_ID` int(11) NOT NULL,
  `SAL_NumSalarie` int(5) NOT NULL,
  `FAC_Date` datetime NOT NULL,
  `FAC_Montant` varchar(45) DEFAULT NULL,
  PRIMARY KEY (`REP_ID`,`SAL_NumSalarie`,`FAC_Date`),
  KEY `fk_Repas_has_Salaries_Salaries1_idx` (`SAL_NumSalarie`),
  KEY `fk_Repas_has_Salaries_Repas1_idx` (`REP_ID`)
) ENGINE=InnoDB DEFAULT CHARSET=utf8;

-- --------------------------------------------------------

--
-- Structure de la table `fonction`
--

CREATE TABLE IF NOT EXISTS `fonction` (
  `FCT_Id` int(11) NOT NULL,
  `FCT_Nom` varchar(45) DEFAULT NULL,
  PRIMARY KEY (`FCT_Id`)
) ENGINE=InnoDB DEFAULT CHARSET=utf8;

--
-- Contenu de la table `fonction`
--

INSERT INTO `fonction` (`FCT_Id`, `FCT_Nom`) VALUES
(0, 'Insertion'),
(1, 'Secrétaire'),
(2, 'Président'),
(3, 'Webmaster'),
(4, 'Encadrant'),
(5, 'Educateur'),
(6, 'Veilleur'),
(7, 'Chef de service'),
(8, 'Coordinatrice'),
(9, 'Coordinateur'),
(10, 'Directeur'),
(22, 'Bénévole'),
(23, 'SOPI'),
(24, 'Les Francas'),
(25, 'Aroeven'),
(26, 'Velisol'),
(27, 'Animatrice'),
(28, 'Comptable'),
(29, 'Aucune');

-- --------------------------------------------------------

--
-- Structure de la table `fournisseurs`
--

CREATE TABLE IF NOT EXISTS `fournisseurs` (
  `FOU_NumFournisseur` int(11) NOT NULL AUTO_INCREMENT,
  `FOU_Nom` varchar(45) DEFAULT NULL,
  `FOU_Adresse` varchar(45) DEFAULT NULL,
  `FOU_CodePostal` int(11) DEFAULT NULL,
  `FOU_Ville` varchar(45) DEFAULT NULL,
  `FOU_Telephone` varchar(15) DEFAULT NULL,
  `FOU_Portable` varchar(15) DEFAULT NULL,
  `FOU_Fax` varchar(15) DEFAULT NULL,
  `FOU_Email` varchar(45) DEFAULT NULL,
  PRIMARY KEY (`FOU_NumFournisseur`)
) ENGINE=InnoDB  DEFAULT CHARSET=utf8 AUTO_INCREMENT=85 ;

--
-- Contenu de la table `fournisseurs`
--

INSERT INTO `fournisseurs` (`FOU_NumFournisseur`, `FOU_Nom`, `FOU_Adresse`, `FOU_CodePostal`, `FOU_Ville`, `FOU_Telephone`, `FOU_Portable`, `FOU_Fax`, `FOU_Email`) VALUES
(8, 'A RAJOUTER', '0', 14000, 'CAEN', '', '', '', ''),
(9, 'PANOFRANCE', '1 Rue Jean Monnet', 14460, 'COLOMBELLES', '02 31 70 77 07', '', '', ''),
(10, 'POINT P GIBERVILLE', 'Avenue Martray', 14730, 'GIBERVILLE', '02 31 72 35 27', '', '02 31 72 71 16', ''),
(11, 'SFIC', 'Rue Des Monderaines', 14650, 'CARPIQUET', '02 31 26 06 06', '', '02 31 26 59 85', ''),
(12, 'STATION SERVICE', 'Place 1/2 Lune', 14000, 'CAEN', '', '', '', ''),
(13, 'TOLLENS', '50 Route De Paris', 14120, 'MONDEVILLE', '02 31 84 09 00', '06 08 17 40 99', '02 31 84 11 66', ''),
(14, 'CEF', 'Rue Des Monts Panneaux', 14650, 'CARPIQUET', '02 31 26 20 20', '', '02 31 26 07 07', 'carpiquet@cef-fr.com'),
(15, 'KILOUTOU', 'Zone Commerciale', 14120, 'MONDEVILLE', '02 31 82 80 80', '', '02 31 82 80 81', ''),
(16, 'LEGALLAIS BOUCHARD', '', 14000, 'MONDEVILLE', '08 21 36 26 16', '', '08 21 36 26 17', ''),
(17, 'LOISELET', '', 14000, 'HEROUVILLE', '', '', '', ''),
(18, 'MARCELOT', 'Zi Mont Coco', 14000, 'CAEN', '0231545065', '', '', ''),
(19, 'BONVOISIN ECHAFAUDAG', 'Zone Du Martray', 14730, 'GIBERVILLE', '02 31 50 39 42', '', '02 31 39 19 06', ''),
(20, 'CASTORAMA', 'Rue Des Siettes\r\nBp 68', 14200, 'HEROUVILLE SAINT CLAIR', '02 31 53 54 55', '', '', ''),
(21, 'BRICODEPOT', 'Rue Bellevue\r\nZi Est', 14650, 'CARPIQUET', '02 31 71 20 40', '', '', ''),
(22, 'CEDEO', '', 0, '', '02 31 72 82 00', '', '', ''),
(23, 'MIROITERIE SV', '', 0, '', '', '', '', ''),
(24, 'MONROCQ', '', 0, '', '', '', '', ''),
(25, 'POINTVERT', '', 0, '', '', '', '', ''),
(26, 'LEROY MERLIN', '', 0, '', '', '', '', ''),
(27, 'LITT', '8 Rue Amprer', 14120, 'MONDEVILLE', '02 31 35 84 84', '', '02 31 35 84 85', ''),
(28, 'HABI PRO', 'Zi  Du Centre Routier \r\n3 Rue Necephore Niepc', 14120, 'MONDEVILLE', '02 31 86 37 31', '', '02 31 38 22 77', 'contact@habipro,fr'),
(29, 'FAUCON MOTOCULTURE', '26 R Edmond Rostand', 14000, 'CAEN', '02 31 82 38 00', '', '', ''),
(30, 'ACROPOSE', '20 Cours Alexandre Borodine', 26761, 'VALENCE CEDEX', '04 75 78 28 60', '06 80 20 71 41', '', 'lja@acropose.com'),
(31, 'CYCLOGARD', '', 0, '', '', '', '', ''),
(32, 'NORMOFI', 'Zac Lazarro', 14460, 'COLOMBELLES', '02 31 72 06 08', '06 03 80 57 54', '', ''),
(33, 'NERESSY', '143, Avenue Georges Clémenceau', 14000, 'CEN', '02 31 93 14 42', '06 08 47 00 46', '02 31 93 11 86', 'caen@neressy.fr'),
(34, 'SITA SUEZ', 'Zi Caen Canal', 14550, 'BLAINVILLE SUR ORNE', '02 31 72 24 25', '', '02 31 72 24 22', ''),
(35, 'PRODUIT SOURIS', 'Rue Antione De Touche\r\nPar Rue  Pierre Audigu', 14000, 'CAEN', '02 31 29 50 10', '', '', ''),
(37, 'LAVAGE AUTO', '', 0, '', '', '06 03 01 58 02', '', ''),
(38, 'LEVOY', '', 0, '', '', '06 64 48 26 89', '', ''),
(39, 'DECHETTERIE COLOMBEL', '', 0, '', '', '', '', ''),
(40, 'NETTOYAGE LOGISTIQUE', '60 Rue De Branville', 14000, 'CAEN', '', '06 13 88 49 33', '', ''),
(41, 'QUADRAT', '25 Rue De La Metallurgie', 14000, 'COLOMBELLES', '02 31 52 87 51', '', '', ''),
(42, 'CANDELE', '14 Rue De La Résistance', 14540, 'SOLIERS', '02 31 23 10 73', '06 31 08 38 88', '', ''),
(43, 'SPENET', '', 0, '', '02 31 20 67 95', '', '02 31 20 54 64', 'info@spenet.fr'),
(44, 'RENAULT', '', 14000, 'HEROUVILLE', '', '', '', ''),
(45, 'LE FOYER NORMAND', 'Rue Des Freres Wikin', 14460, 'COLOMBELLES', '02 31 72 99 71', '', '', ''),
(46, 'ALTER BURO', '', 0, '', '02 31 95 14 00', '', '02 31 95 14 35', ''),
(47, 'TERMALOC', '', 0, '', '02 31 72 64 64', '', '', ''),
(48, 'DEFI ELAN', 'Cideme', 14200, 'HEROUVILLE', '02 31 06 11 33', '', '', ''),
(49, 'LOGISTA', 'Zac Objectif Sud Bd Charles Cros', 14000, 'IFS', '02 31 78 95 25', '', '', ''),
(50, 'SAVELYS', 'Rue Vignes', 14650, 'CARPIQUET', '02 31 71 18 17', '', '02 31 71 18 17', ''),
(51, 'JARDIN SERVICE FOURN', '', 14000, 'GAVRAY', '02 33 91 00 01', '', '', ''),
(52, 'PHOENIX', '', 0, '', '', '06 82 70 92 56', '', ''),
(53, '0 ACHAT', '0', 14000, 'CAEN', '', '', '', ''),
(54, 'POINT P CAEN', 'Cours Montalivet', 14000, 'CAEN', '02 31 77 35 14', '', '', ''),
(55, 'POULAIN SEPI', '', 0, '', '02 31 31 01 96', '', '', ''),
(56, 'RESTAURANT', '', 0, '', '', '', '', ''),
(57, 'ARMSTRONG', 'Zi Laprade', 43700, 'ST GERMAIN LAPRADE', '04 71 03 54 32', '', '', 'technique@armstrong-france.fr'),
(58, 'LECOGUIC', '', 0, '', '02 31 39 16 75', '', '', ''),
(59, 'HOTEL MEGASTORE', '', 0, '', '', '07 61 27 75 75', '', 'ppinard@hotelmegastore.com'),
(60, 'CEMEX', '', 0, '', '', '', '', ''),
(61, 'DESAUTEL', 'Zi Ouest - Rue Du Poirier', 14650, 'CARPIQUET', '02 31 71 57 00', '06 27 38 05 98', '02 31 26 66 61', ''),
(62, 'EDF', '', 0, '', '', '', '', ''),
(63, 'LE CORMORAN BOIS', '', 0, '', '', '', '', ''),
(64, 'N,ACOSTI ISOLATION', '', 0, '', '', '', '', ''),
(65, 'KDI - NOZAL', 'Parc D\\''Activités 5-7 Ave De La Grande Plaine', 14760, 'BRETTEVILLE-ODON', '02 31 52 34 00', '', '', ''),
(66, 'DERICHEBOURG (FERRAILLE)', 'Rue De L\\''Europe Revival Caen Zac Lazzaro', 14460, 'COLOMBELLES', '02 31 35 85 85', '', '02 31 83 85 80', ''),
(67, 'CREA QUINCAILLERIE', '', 14000, 'CAEN', '', '', '', ''),
(68, 'LUTINIER', '8 Rue Des Martyrs', 14000, 'CAEN', '02 31 50 06 44', '', '02 31 86 47 22', ''),
(69, 'BOUCAULT DESSEAUX', 'Rue De L''avenir', 14460, 'COLOMBELLES', '02 31 82 30 50', '', '', ''),
(70, 'RESTECO', '', 14000, 'CAEN', '02 33 58 61 19', '', '02 33 58 62 19', ''),
(71, 'COLAS', 'Rue De L''avenir', 14650, 'CARPIQUET', '0899034707', '0660365397', '', ''),
(72, 'JOLY', '4 Impasse De La Mesnillière', 14790, 'VERSON', '0231712462', '', '', 'info@deee-recyclage.fr'),
(73, 'KILOUTOU', 'Rue Nicéphore Niépce', 14120, 'MONDEVILLE', '02 31 34 21 52', '', '', ''),
(74, 'MCE', 'Za La Couture', 14440, 'CRESSERONS', '0231375527', '', '', ''),
(75, 'LEVAVASSEUR', '13 Rue Du 17 Aout 19454', 14420, 'USSY', '0231908070', '', '0231908743', ''),
(76, 'ROUZIN GILBERT', '5 Chemin De La Motte', 14650, 'CARPIQUET', '02 31 26 58 65', '', '', ''),
(77, 'GRENTE TRANSPORT', 'Route De St Manvieu', 14980, 'ROTS', '0231801818', '', '', ''),
(78, 'LAPEYRE', '340 Spriet Jacquard', 14120, 'MONDEVILLE', '', '', '', ''),
(79, 'HM MATERIAUX', '55 Rue De La Liberté', 14730, 'GIBERVILLE', '02 31 72 28 28', '', '', ''),
(80, 'DERICHEBOURG (LOCATION DE BENNE)', 'Rue Europe', 14460, 'COLOMBELLES', '02 31 35 68 68', '', '', ''),
(81, 'VERENE', 'Rots', 14980, 'ROTS', '', '', '', ''),
(82, 'ELECTRICIEN HAYS', 'Cagny', 14000, 'CAGNY', '', '06 15 47 79 73', '', ''),
(83, 'PENET', 'Zi Est 6Rue De L Avenir', 14653, 'CARPIQUET', '0231717070', '', '0231717071', ''),
(84, 'ACTIF DYNAMIC', '93 Rue De La Falaise', 14000, 'CAEN', '0231820520', '', '', 'actif@actif-dynamic.fr');

-- --------------------------------------------------------

--
-- Structure de la table `insertion`
--

CREATE TABLE IF NOT EXISTS `insertion` (
  `SAL_NumSalarie` int(5) NOT NULL,
  `INS_DateEntretien` date DEFAULT NULL,
  `INS_DateN` date DEFAULT NULL,
  `INS_LieuN` varchar(45) DEFAULT NULL,
  `INS_Nation` varchar(45) DEFAULT NULL,
  `INS_SituationF` varchar(45) DEFAULT NULL,
  `INS_NPoleEmp` varchar(45) DEFAULT NULL,
  `INS_NSecu` varchar(45) DEFAULT NULL,
  `INS_NCaf` varchar(45) DEFAULT NULL,
  `INS_NivScol` varchar(15) DEFAULT NULL,
  `INS_Diplome` varchar(45) DEFAULT NULL,
  `INS_Permis` tinyint(1) DEFAULT NULL,
  `INS_RecoTH` tinyint(1) DEFAULT NULL,
  `INS_Revenu` varchar(45) DEFAULT NULL,
  `INS_Mutuelle` varchar(45) DEFAULT NULL,
  `CNV_Id` int(11) NOT NULL,
  `CNT_Id` int(11) NOT NULL,
  `INS_DateEntree` date DEFAULT NULL,
  `INS_NbHeures` int(11) DEFAULT NULL,
  `INS_NbJours` int(11) DEFAULT NULL,
  `INS_RevenuDepuis` varchar(45) DEFAULT NULL,
  `INS_SEDepuis` varchar(45) DEFAULT NULL,
  `INS_PEDupuis` varchar(45) DEFAULT NULL,
  `INS_Repas` varchar(25) DEFAULT NULL,
  `INS_Positionmt` varchar(45) DEFAULT NULL,
  `INS_SituGeo` varchar(45) DEFAULT NULL,
  `REF_NumRef` int(11) NOT NULL,
  `INS_DateSortie` date DEFAULT NULL,
  `TYS_ID` int(11) NOT NULL,
  PRIMARY KEY (`SAL_NumSalarie`),
  KEY `fk_Insertion_Salaries1_idx` (`SAL_NumSalarie`),
  KEY `fk_Insertion_Convention1_idx` (`CNV_Id`),
  KEY `fk_Insertion_Contrat1_idx` (`CNT_Id`),
  KEY `fk_Insertion_Referent1_idx` (`REF_NumRef`),
  KEY `fk_Insertion_TypeSortie_idx` (`TYS_ID`)
) ENGINE=InnoDB DEFAULT CHARSET=utf8;

--
-- Contenu de la table `insertion`
--

INSERT INTO `insertion` (`SAL_NumSalarie`, `INS_DateEntretien`, `INS_DateN`, `INS_LieuN`, `INS_Nation`, `INS_SituationF`, `INS_NPoleEmp`, `INS_NSecu`, `INS_NCaf`, `INS_NivScol`, `INS_Diplome`, `INS_Permis`, `INS_RecoTH`, `INS_Revenu`, `INS_Mutuelle`, `CNV_Id`, `CNT_Id`, `INS_DateEntree`, `INS_NbHeures`, `INS_NbJours`, `INS_RevenuDepuis`, `INS_SEDepuis`, `INS_PEDupuis`, `INS_Repas`, `INS_Positionmt`, `INS_SituGeo`, `REF_NumRef`, `INS_DateSortie`, `TYS_ID`) VALUES
(57, NULL, NULL, NULL, NULL, NULL, NULL, NULL, NULL, NULL, NULL, NULL, NULL, NULL, NULL, 1, 1, NULL, NULL, NULL, NULL, NULL, NULL, 'Indécis', NULL, 'Autre', 111, NULL, 0),
(58, NULL, NULL, NULL, NULL, NULL, NULL, NULL, NULL, NULL, NULL, NULL, NULL, NULL, NULL, 1, 1, NULL, NULL, NULL, NULL, NULL, NULL, 'Indécis', NULL, 'Autre', 111, NULL, 0),
(59, NULL, NULL, NULL, NULL, NULL, NULL, NULL, NULL, NULL, NULL, NULL, NULL, NULL, NULL, 1, 1, NULL, NULL, NULL, NULL, NULL, NULL, 'Indécis', NULL, 'Autre', 111, NULL, 0),
(60, NULL, NULL, NULL, NULL, NULL, NULL, NULL, NULL, NULL, NULL, NULL, NULL, NULL, NULL, 1, 1, NULL, NULL, NULL, NULL, NULL, NULL, 'Indécis', NULL, 'Autre', 111, NULL, 0),
(61, NULL, NULL, NULL, NULL, NULL, NULL, NULL, NULL, NULL, NULL, NULL, NULL, NULL, NULL, 1, 1, NULL, NULL, NULL, NULL, NULL, NULL, 'Indécis', NULL, 'Autre', 111, NULL, 0),
(62, '2014-02-05', '1984-06-03', 'CAEN', 'FRANCAISE', 'CELIBATAIRE', '', '184061411806003', '', '5 Bis', '', 1, 0, 'RSA', 'CMU et Complémentaire', 1, 2, '2014-02-10', 104, 3, 'De 24 mois et plus', 'De 24 mois et plus', '', 'Oui', 'GOB (ACI)', 'Autre', 111, '2015-02-09', 1),
(63, '2015-05-11', '1989-01-27', 'CAEN', 'FRANCAISE', 'VIE MARITALE', '', '', '', '', '', 0, 0, '', '', 1, 2, '2015-05-11', 24, 3, '', '', '', 'Indécis', '', 'Autre', 111, '0000-00-00', 0),
(64, NULL, NULL, NULL, NULL, NULL, NULL, NULL, NULL, NULL, NULL, NULL, NULL, NULL, NULL, 1, 1, NULL, NULL, NULL, NULL, NULL, NULL, 'Indécis', NULL, 'Autre', 111, NULL, 0),
(65, '2013-09-01', '1967-11-26', '', 'FRANCAISE', '', '.', '.', '.', '', '', 0, 0, '', '', 1, 1, '2013-10-10', 25, 3, '', '', '', 'Indécis', '', 'Autre', 111, '2015-06-30', 8),
(66, NULL, NULL, NULL, NULL, NULL, NULL, NULL, NULL, NULL, NULL, NULL, NULL, NULL, NULL, 1, 1, NULL, NULL, NULL, NULL, NULL, NULL, 'Indécis', NULL, 'Autre', 111, NULL, 0),
(67, NULL, NULL, NULL, NULL, NULL, NULL, NULL, NULL, NULL, NULL, NULL, NULL, NULL, NULL, 1, 1, NULL, NULL, NULL, NULL, NULL, NULL, 'Indécis', NULL, 'Autre', 111, NULL, 0),
(68, NULL, NULL, NULL, NULL, NULL, NULL, NULL, NULL, NULL, NULL, NULL, NULL, NULL, NULL, 1, 1, NULL, NULL, NULL, NULL, NULL, NULL, 'Indécis', NULL, 'Autre', 111, NULL, 0),
(69, '2014-09-01', '1980-02-11', 'CALAIS', 'FRANCAISE', 'SEPAREE', '11878840', '280026219307813', '0324266l', '5', 'CAP - BEP', 0, 0, 'RSA', 'CMU et Complémentaire', 1, 2, '2014-09-10', 26, 4, 'De 24 mois et plus', 'De 6 à 11 mois', 'De 6 à 11 mois', 'Non', 'Agent de conditionnement (Filt) (ACI)', 'Autre', 111, '0000-00-00', 0),
(70, '2013-07-18', '1974-01-08', 'RAUINA', 'FRANCAISE', 'MARIEE', '07399041F', '274019935211316', '', '', '', 0, 0, '', '', 1, 2, '2013-07-18', 28, 4, '', '', '', 'Indécis', '', 'Autre', 111, '2015-04-27', 8),
(71, NULL, NULL, NULL, NULL, NULL, NULL, NULL, NULL, NULL, NULL, NULL, NULL, NULL, NULL, 1, 1, NULL, NULL, NULL, NULL, NULL, NULL, 'Indécis', NULL, 'Autre', 111, NULL, 0),
(72, NULL, NULL, NULL, NULL, NULL, NULL, NULL, NULL, NULL, NULL, NULL, NULL, NULL, NULL, 1, 1, NULL, NULL, NULL, NULL, NULL, NULL, 'Indécis', NULL, 'Autre', 111, NULL, 0),
(73, NULL, NULL, NULL, NULL, NULL, NULL, NULL, NULL, NULL, NULL, NULL, NULL, NULL, NULL, 1, 1, NULL, NULL, NULL, NULL, NULL, NULL, 'Indécis', NULL, 'Autre', 111, NULL, 0),
(74, NULL, NULL, NULL, NULL, NULL, NULL, NULL, NULL, NULL, NULL, NULL, NULL, NULL, NULL, 1, 1, NULL, NULL, NULL, NULL, NULL, NULL, 'Indécis', NULL, 'Autre', 111, NULL, 0),
(75, NULL, NULL, NULL, NULL, NULL, NULL, NULL, NULL, NULL, NULL, NULL, NULL, NULL, NULL, 1, 1, NULL, NULL, NULL, NULL, NULL, NULL, 'Indécis', NULL, 'Autre', 111, NULL, 0),
(76, NULL, NULL, NULL, NULL, NULL, NULL, NULL, NULL, NULL, NULL, NULL, NULL, NULL, NULL, 1, 1, NULL, NULL, NULL, NULL, NULL, NULL, 'Indécis', NULL, 'Autre', 111, NULL, 0),
(77, NULL, NULL, NULL, NULL, NULL, NULL, NULL, NULL, NULL, NULL, NULL, NULL, NULL, NULL, 1, 1, NULL, NULL, NULL, NULL, NULL, NULL, 'Indécis', NULL, 'Autre', 111, NULL, 0),
(78, NULL, NULL, NULL, NULL, NULL, NULL, NULL, NULL, NULL, NULL, NULL, NULL, NULL, NULL, 1, 1, NULL, NULL, NULL, NULL, NULL, NULL, 'Indécis', NULL, 'Autre', 111, NULL, 0),
(79, NULL, NULL, NULL, NULL, NULL, NULL, NULL, NULL, NULL, NULL, NULL, NULL, NULL, NULL, 1, 1, NULL, NULL, NULL, NULL, NULL, NULL, 'Indécis', NULL, 'Autre', 111, NULL, 0),
(80, NULL, NULL, NULL, NULL, NULL, NULL, NULL, NULL, NULL, NULL, NULL, NULL, NULL, NULL, 1, 1, NULL, NULL, NULL, NULL, NULL, NULL, 'Indécis', NULL, 'Autre', 111, NULL, 0),
(81, NULL, NULL, NULL, NULL, NULL, NULL, NULL, NULL, NULL, NULL, NULL, NULL, NULL, NULL, 1, 1, NULL, NULL, NULL, NULL, NULL, NULL, 'Indécis', NULL, 'Autre', 111, NULL, 0),
(82, NULL, NULL, NULL, NULL, NULL, NULL, NULL, NULL, NULL, NULL, NULL, NULL, NULL, NULL, 1, 1, NULL, NULL, NULL, NULL, NULL, NULL, 'Indécis', NULL, 'Autre', 111, NULL, 0),
(83, '2013-10-05', '1967-11-06', '', 'FRANCAISE', '', '', '', '', '', '', 0, 0, '', '', 1, 1, '2013-10-07', 25, 5, '', '', '', 'Indécis', '', 'Autre', 111, '0006-03-30', 8),
(84, NULL, NULL, NULL, NULL, NULL, NULL, NULL, NULL, NULL, NULL, NULL, NULL, NULL, NULL, 1, 1, NULL, NULL, NULL, NULL, NULL, NULL, 'Indécis', NULL, 'Autre', 111, NULL, 0),
(85, '2014-06-26', '1963-12-14', 'CAEN', 'FRANCAISE', 'CELIBATAIRE', '0052092', '263121411812543', '0204817E', '5', 'Sans', 0, 0, 'RSA', 'CMU et Complémentaire', 1, 2, '2014-07-15', 25, 5, 'Moins de 6 mois', 'De 12 à 23 mois', 'De 24 mois et plus', 'Non', 'Equipe propreté (ACI)', 'Autre', 111, '2015-03-14', 18),
(86, NULL, NULL, NULL, NULL, NULL, NULL, NULL, NULL, NULL, NULL, NULL, NULL, NULL, NULL, 1, 1, NULL, NULL, NULL, NULL, NULL, NULL, 'Indécis', NULL, 'Autre', 111, NULL, 0),
(87, NULL, NULL, NULL, NULL, NULL, NULL, NULL, NULL, NULL, NULL, NULL, NULL, NULL, NULL, 1, 1, NULL, NULL, NULL, NULL, NULL, NULL, 'Indécis', NULL, 'Autre', 111, NULL, 0),
(88, '2014-07-08', '1983-07-08', 'CAEN', 'FR', 'CELIBATAIRE', '0918849Z', '18307411812404', '', '5 Bis', '', 0, 0, 'RSA', 'CMU et Complémentaire', 1, 1, '2014-08-20', 25, 5, 'De 24 mois et plus', 'Moins de 6 mois', 'De 24 mois et plus', 'Indécis', 'Equipe propreté (ACI)', 'Autre', 111, '2015-06-19', 8),
(89, NULL, NULL, NULL, NULL, NULL, NULL, NULL, NULL, NULL, NULL, NULL, NULL, NULL, NULL, 1, 1, NULL, NULL, NULL, NULL, NULL, NULL, 'Indécis', NULL, 'Autre', 111, NULL, 0),
(90, NULL, NULL, NULL, NULL, NULL, NULL, NULL, NULL, NULL, NULL, NULL, NULL, NULL, NULL, 1, 1, NULL, NULL, NULL, NULL, NULL, NULL, 'Indécis', NULL, 'Autre', 111, NULL, 0),
(91, '2014-09-12', '1977-07-19', 'CAEN', 'FRANCAISE', 'CELIBATAIRE', '0727821k', '277071411829676', '0187339d', '6', 'Sans', 1, 0, 'RSA', 'CMU et Complémentaire', 1, 2, '2014-09-25', 26, 4, 'De 6 à 11 mois', 'De 6 à 11 mois', 'De 24 mois et plus', 'Non', 'Agent de conditionnement (Filt) (ACI)', 'Autre', 101, '2015-07-24', 1),
(93, '2014-01-05', '1984-09-20', 'NANTERRE', 'FRANCAISE', 'CELIBATAIRE', '', '184099205004597', '', '', '', 0, 0, '', '', 1, 2, '2014-02-03', 26, 4, '', '', '', 'Non', '', 'Autre', 110, '2015-08-02', 1),
(94, '2014-01-06', '1965-06-19', 'SANTO TIRSO', 'FRANCAISE', 'CELIBATAIRE', '', '265069913946576', '', '', '', 0, 0, 'RSA', 'CMU et Complémentaire', 1, 2, '2014-03-31', 26, 4, 'De 24 mois et plus', '', '', 'Non', '', 'Autre', 114, '0000-00-00', 0),
(95, '2014-09-11', '1994-10-16', 'CONGO', 'KINSHDSA', 'CELIBATAIRE', '', '294109931207233', '0532670', '', '', 0, 0, '', '', 1, 1, '2014-10-02', 25, 5, '', '', '', 'Indécis', '', 'Autre', 111, '2015-06-01', 1),
(137, NULL, NULL, NULL, NULL, NULL, NULL, NULL, NULL, NULL, NULL, NULL, NULL, NULL, NULL, 1, 1, NULL, NULL, NULL, NULL, NULL, NULL, 'Indécis', NULL, 'Autre', 111, NULL, 0),
(138, NULL, NULL, NULL, NULL, NULL, NULL, NULL, NULL, NULL, NULL, NULL, NULL, NULL, NULL, 1, 1, NULL, NULL, NULL, NULL, NULL, NULL, 'Indécis', NULL, 'Autre', 111, NULL, 0),
(139, '2014-09-02', '1978-11-11', 'BEJAIA', 'ALGERIENNE', 'MARIEE', '', '166029935802888', '', '', '', 0, 0, '', '', 1, 1, '2014-11-03', 20, 5, '', '', '', 'Indécis', '', 'Autre', 111, '2015-03-02', 20),
(140, '2014-09-18', '1991-08-14', 'ALENCON', 'FRANCAISE', '', '1341156d', '291086100128410', '', '5', 'CAP - BEP', 0, 0, 'RSA', 'CMU et Complémentaire', 1, 2, '2014-10-27', 25, 5, 'De 6 à 11 mois', 'Moins de 6 mois', 'De 24 mois et plus', 'Indécis', 'Equipe propreté (ACI)', 'Autre', 111, '2015-02-26', 20),
(142, '2014-10-06', '1969-12-15', 'LISIEUX', 'FRANCAISE', 'CELIBATAIRE', '', '269121436603958', '0192441', '3 et +', 'CAP - BEP', 0, 0, 'RSA', 'CMU et Complémentaire', 1, 1, '2015-02-17', 5, 3, 'De 24 mois et plus', 'De 24 mois et plus', 'De 24 mois et plus', 'Non', 'Agent de conditionnement (AVA)', 'Autre', 122, '0000-00-00', 0),
(144, '2014-09-02', '1979-12-25', 'CAEN', 'FRANCAISE', 'COUPLE', '', '279121411836091', '0321290', '4', 'BAC', 0, 0, 'RSA', 'Autre mutuelle', 1, 2, '2015-01-12', 25, 5, 'Moins de 6 mois', 'De 6 à 11 mois', 'De 24 mois et plus', 'Non', 'Equipe propreté (ACI)', 'Autre', 110, '0000-00-00', 0),
(145, NULL, NULL, NULL, NULL, NULL, NULL, NULL, NULL, NULL, NULL, NULL, NULL, NULL, NULL, 1, 1, NULL, NULL, NULL, NULL, NULL, NULL, 'Indécis', NULL, 'Autre', 111, NULL, 0),
(147, '2014-11-07', '1985-05-27', 'CHERBOURG', 'FRANCAISE', 'CELIBATAIRE', '1292349c', '285055012920887', '0539902b', '5 Bis', 'Sans', 1, 0, 'RSA', 'CMU et Complémentaire', 1, 2, '2015-01-05', 112, 4, 'De 24 mois et plus', 'De 24 mois et plus', 'De 24 mois et plus', 'Non', 'Agent de conditionnement (Filt) (ACI)', 'Autre', 100, '0000-00-00', 0),
(149, '2015-01-12', '1988-05-03', 'CAEN', 'FRANCAISE', 'CELIBATAIRE', '', '188051411803708', '577893', '6', 'Sans', 0, 0, 'RSA', 'CMU Complémentaire', 1, 2, '2015-01-28', 24, 3, 'Moins de 6 mois', 'De 24 mois et plus', 'De 24 mois et plus', 'Non', 'SOB (ACI)', 'CUCS', 101, NULL, 0),
(150, '2012-09-18', '1966-03-15', 'CAEN', 'FR', 'DIVORCE', '', '166031411816058', '0548516', '', '', 0, 0, '', '', 1, 1, '2012-09-25', 5, 1, '', '', '', 'Oui', '', '', 115, '0000-00-00', 0),
(151, '2011-02-15', '1959-06-10', '', 'FRANCAISE', '', '', '', '', '5', 'CAP - BEP', 1, 0, 'RSA', 'CMU', 1, 3, '2011-02-23', 5, 1, 'De 24 mois et plus', 'De 24 mois et plus', 'De 24 mois et plus', 'Oui', 'CAP Vert (AUS)', 'ZUS', 118, '0000-00-00', 0),
(152, '2014-01-24', '1976-09-23', 'FALAISE', 'FRANCAISE', 'CELIBATAIRE', '', '176091425804145', '', '5 Bis', 'Sans', 0, 0, 'RSA', 'CMU', 1, 3, '2014-01-28', 5, 1, 'De 24 mois et plus', 'De 24 mois et plus', 'Non inscrit', 'Oui', 'CAP Vert (AUS)', 'Autre', 119, '0000-00-00', 0),
(153, '2014-04-07', '1953-07-25', 'BENOUVILLE', 'MAROCAINE', 'C', '0245226 a', '153071406012549', '', '6', 'Sans', 0, 0, 'RSA', '', 1, 1, '2014-05-14', 1, 1, 'De 24 mois et plus', 'De 24 mois et plus', 'De 24 mois et plus', 'Non', 'CAP Vert (AUS)', '', 116, '0000-00-00', 0),
(154, '2015-01-28', '1960-01-01', 'CAEN', 'FRANCAISE', 'MARIE', '01', '125082735203065', '10102', 'Non scolarisé', 'CAP - BEP', 0, 0, 'RSA', 'CMU', 1, 1, '2015-01-28', 10, 2, 'Moins de 6 mois', 'Moins de 6 mois', 'Non inscrit', 'Oui', 'GOB (ACI)', 'ZUS', 109, '0000-00-00', 0),
(155, '2014-10-03', '1978-04-19', 'CHERBOURG', 'FRANCAISE', 'CELIBATAIRE', '0736908M', '178045012909790', '04160ZZQ', '5', 'CAP - BEP', 0, 0, 'RSA', 'CMU Complémentaire', 1, 2, '2015-02-09', 25, 0, 'De 24 mois et plus', 'De 24 mois et plus', 'De 24 mois et plus', 'Non', 'Equipe propreté (ACI)', 'ZUS', 101, '2015-06-08', 18),
(157, '2014-09-19', '1961-03-14', 'CAEN', 'FRANCAISE', 'CELIBATAIRE', '', '161031411812646', '', '5 Bis', 'CAP - BEP', 0, 0, 'RSA', 'CMU et Complémentaire', 1, 3, '2014-09-24', 5, 1, 'De 12 à 23 mois', 'De 24 mois et plus', 'Non inscrit', 'Oui', 'CAP Vert (AUS)', '', 114, '0000-00-00', 0),
(158, '2014-10-28', '1959-03-29', 'CAEN', 'FRANCAISE', 'CELIBATAIRE', '', '159031411822941', '', '6', 'Sans', 0, 0, 'RSA', 'CMU et Complémentaire', 1, 3, '2014-11-04', 5, 1, 'De 24 mois et plus', 'De 24 mois et plus', 'De 24 mois et plus', 'Oui', 'CAP Vert (AUS)', 'Autre', 97, '2015-01-26', 20),
(159, '2014-12-19', '1962-08-26', 'CAEN', 'FRANCAISE', 'CELIBATAIRE', '', '162082737543153', '', '5 Bis', 'CAP - BEP', 0, 0, 'RSA', 'CMU et Complémentaire', 1, 3, '2015-01-08', 5, 1, 'De 24 mois et plus', 'De 12 à 23 mois', 'De 24 mois et plus', 'Oui', 'CAP Vert (AUS)', 'Autre', 117, '0000-00-00', 0),
(160, '2011-05-31', '1960-05-14', '', 'FRANCAISE', '', '', '1600514118124', '', '5 Bis', 'Sans', 0, 0, 'RSA', 'CMU', 1, 3, '2011-06-06', 5, 1, 'De 24 mois et plus', 'Moins de 6 mois', 'Non inscrit', 'Oui', 'CAP Vert (AUS)', 'Autre', 120, '0000-00-00', 0),
(161, '2014-05-16', '1961-11-23', 'CAEN', 'FRANCAISE', 'CELIBATAIRE', '', '161111411818320', '', '6', 'Sans', 0, 0, 'RSA', 'CMU', 1, 1, '2014-05-20', 0, 0, 'De 24 mois et plus', 'De 24 mois et plus', 'Non inscrit', 'Oui', 'CAP Vert (AUS)', 'Autre', 119, '0000-00-00', 0),
(162, '2014-02-25', '1978-03-17', 'CAEN', 'FRANCAISE', 'CELIBATAIRE', '', '178031411824465', '', '5', 'CAP - BEP', 0, 0, 'RSA', 'CMU', 1, 3, '2014-03-17', 5, 1, 'De 24 mois et plus', 'De 24 mois et plus', 'De 24 mois et plus', 'Oui', 'CAP Vert (AUS)', 'Autre', 121, '0000-00-00', 0),
(163, '2011-06-07', '1952-06-07', '', 'FRANCAISE', 'DIVORCE', '', '.', '', 'Non scolarisé', 'Sans', 0, 0, 'RSA', 'CMU', 1, 3, '2011-06-29', 5, 1, 'De 24 mois et plus', 'De 24 mois et plus', 'Non inscrit', 'Oui', 'CAP Vert (AUS)', 'Autre', 122, '0000-00-00', 0),
(164, '2014-03-07', '1959-05-08', 'CEAN', 'FRANCAISE', 'CELIBATAIRE', '', '159051411807038', '', '6', 'Sans', 0, 0, 'RSA', 'CMU', 1, 3, '2014-03-13', 5, 1, 'De 24 mois et plus', 'De 24 mois et plus', 'Non inscrit', 'Oui', 'CAP Vert (AUS)', 'Autre', 120, '0000-00-00', 0),
(165, '2014-10-20', '1967-03-21', 'ARGENCES', 'FRANCAISE', 'CELIBATAIRE', '', '167031402000795', '', '6', 'Sans', 0, 0, 'RSA', 'CMU et Complémentaire', 1, 3, '2014-10-24', 5, 1, 'De 24 mois et plus', 'De 24 mois et plus', 'Non inscrit', 'Oui', 'CAP Vert (AUS)', 'Autre', 115, '2015-02-06', 22),
(166, '2014-09-26', '1967-11-17', 'PORTUGAL', 'PORTUGAISE', 'CELIBATAIRE', '', '167119913961654', '0516860d', '5', 'CAP - BEP', 1, 1, 'RSA', 'CMU et Complémentaire', 1, 3, '2014-10-02', 5, 1, 'De 24 mois et plus', 'De 24 mois et plus', 'De 12 à 23 mois', 'Oui', 'CAP Vert (AUS)', 'CUCS', 123, '0000-00-00', 0),
(167, '2014-09-05', '1966-05-12', 'ST MARTIN DE FONTENAY', 'FRANCAISE', 'CELIBATAIRE', '0020900T', '166051182312700', '', '6', 'Sans', 0, 0, 'RSA', 'CMU et Complémentaire', 1, 3, '2014-09-10', 5, 1, 'De 24 mois et plus', 'De 24 mois et plus', 'De 24 mois et plus', 'Oui', 'CAP Vert (AUS)', 'CUCS', 124, '2015-04-14', 20),
(168, '2013-05-28', '1952-12-16', 'ST AIGNAN DE CRASMENIL', 'FRANCAISE', 'CELIBATAIRE', '', '', '', '6', 'Sans', 0, 0, 'RSA', 'CMU', 1, 3, '2013-06-06', 5, 1, 'De 24 mois et plus', 'De 24 mois et plus', 'Non inscrit', 'Oui', 'CAP Vert (AUS)', 'Autre', 125, '2015-06-30', 17),
(170, '2014-04-18', '1972-10-30', 'CAEN', 'FRANCAISE', 'CELIBATAIRE', '', '172101411838242', '', '5', 'CAP - BEP', 0, 0, 'RSA', 'CMU et Complémentaire', 1, 3, '2014-10-10', 5, 1, 'De 24 mois et plus', 'De 24 mois et plus', 'Non inscrit', 'Oui', 'CAP Vert (AUS)', 'Autre', 115, '2015-05-05', 17),
(171, '2013-12-20', '1960-11-03', 'MERU', 'FRANCAISE', 'CELIBATAIRE', '', '160116039520105', '', '5 Bis', 'Sans', 0, 0, 'RSA', 'CMU', 1, 3, '2013-12-23', 5, 1, 'De 24 mois et plus', 'De 24 mois et plus', 'De 24 mois et plus', 'Oui', 'CAP Vert (AUS)', 'Autre', 122, '0000-00-00', 0),
(172, '2013-12-16', '1981-11-01', 'CAEN', 'FRANCAISE', 'CELIBATAIRE', '', '181111411802274', '', '5 Bis', 'Sans', 0, 0, 'RSA', 'CMU', 1, 3, '2013-12-17', 5, 1, 'De 24 mois et plus', 'De 24 mois et plus', 'Non inscrit', 'Oui', 'CAP Vert (AUS)', 'Autre', 126, '0000-00-00', 0),
(173, '2014-09-23', '1991-10-20', 'CAEN', 'FRANCAISE', 'CONCUBINAGE', '', '191101411851941', '', '4', 'Sans', 0, 0, 'RSA', 'CMU et Complémentaire', 5, 1, '2014-11-17', 8, 1, 'De 24 mois et plus', 'De 12 à 23 mois', 'De 12 à 23 mois', 'Non', 'Agent de conditionnement (AVA)', 'Autre', 97, '0000-00-00', 0),
(174, '2014-10-14', '1970-04-22', 'GIBERVILLE', 'FRANCAISE', 'MARIE', '', '170041430101067', '0546029', '3 et +', 'Sans', 0, 0, 'RSA', 'CMU', 1, 1, '2014-11-04', 8, 1, 'Moins de 6 mois', 'Moins de 6 mois', 'Non inscrit', 'Non', 'Agent de conditionnement (AVA)', 'Autre', 110, '2015-04-19', 5),
(175, '2015-09-25', '2015-02-13', 'CAEN', 'FRANCAISE', 'CELIBATAIRE', '1072246K', '175021404702622', '14A50087', '5', 'CAP - BEP', 0, 0, 'AAH', 'Autre mutuelle', 1, 1, '2014-09-28', 0, 0, 'De 24 mois et plus', 'De 24 mois et plus', 'De 24 mois et plus', 'Non', 'Agent de conditionnement (AVA)', 'Autre', 130, '2015-07-02', 20),
(176, '2014-10-10', '1972-03-15', 'NIGER', 'FRANCAISE', 'PACSE', '1035752T', '272039933703988', '0411883Q', '6', 'Sans', 1, 0, 'RSA', 'CMU et Complémentaire', 1, 2, '2015-03-09', 25, 5, 'De 24 mois et plus', 'De 12 à 23 mois', 'De 24 mois et plus', 'Non', 'Equipe propreté (ACI)', 'Autre', 117, '2015-07-08', 20),
(177, '2014-09-25', '1969-06-18', 'BENOUVILLE', 'FRANCAISE', 'CELIBATAIRE', '', '169061406011694', '', 'Non scolarisé', 'Sans', 0, 1, 'RSA', 'CMU et Complémentaire', 1, 1, '2015-02-24', 5, 3, 'De 24 mois et plus', 'De 24 mois et plus', 'De 24 mois et plus', 'Non', 'Agent de conditionnement (AVA)', 'Autre', 129, '0000-00-00', 0),
(178, '2015-02-05', '1958-10-16', 'CAEN', 'FRANCAISE', 'CELIBATAIRE', '00203015', '158101411810832', '0475993', '3 et +', 'Brevet des collèges', 0, 0, 'RSA', 'CMU et Complémentaire', 1, 1, '2015-02-18', 5, 3, 'De 24 mois et plus', 'De 24 mois et plus', 'De 24 mois et plus', 'Non', 'Agent de conditionnement (AVA)', 'Autre', 128, '0000-00-00', 0),
(179, '2015-02-27', '1975-11-30', 'CORBEVOIE', 'FRANCAISE', 'CELIBATAIRE', '', '175119202604727', '', '6', 'Sans', 0, 0, 'RSA', 'CMU et Complémentaire', 1, 3, '2015-03-09', 5, 1, 'De 24 mois et plus', 'De 24 mois et plus', 'De 24 mois et plus', 'Oui', 'CAP Vert (AUS)', 'Autre', 132, '0000-00-00', 0),
(180, '2015-01-23', '1977-01-27', 'CAEN', 'FRANCAISE', 'CELIBATAIRE', '1247631W', '277011411830271', '0230669E', '6', 'Sans', 0, 0, 'RSA', 'CMU et Complémentaire', 1, 2, '2015-03-16', 25, 0, 'De 24 mois et plus', 'De 12 à 23 mois', 'De 24 mois et plus', 'Non', 'Equipe propreté (ACI)', 'Autre', 133, '0000-00-00', 0),
(181, '2015-03-02', '1958-04-09', 'PANCEVO', 'FRANCAISE', 'CELIBATAIRE', '0215069W', '258049912100727', '0124643E', '5', 'CAP - BEP', 1, 0, 'RSA', 'CMU et Complémentaire', 1, 2, '2015-03-23', 25, 0, 'De 24 mois et plus', 'De 24 mois et plus', 'Non inscrit', 'Non', 'Equipe propreté (ACI)', 'Autre', 100, '0000-00-00', 0),
(182, '2015-03-17', '1990-07-22', 'CAEN', 'FRANCAISE', 'CELIBATAIRE', '124236S', '190071411830859', '', '4', 'CAP - BEP', 0, 0, 'Aucun', 'Pas de mutuelle', 5, 1, '2015-03-23', 15, 3, 'De 24 mois et plus', 'De 6 à 11 mois', 'De 24 mois et plus', 'Oui', 'Agent de conditionnement (AVA)', 'Autre', 134, '0000-00-00', 0),
(183, '2014-09-30', '1964-10-19', 'METE', 'FRANCAISE', 'CELIBATAIRE', '', '264105746323261', '200137', '3 et +', 'Sans', 1, 0, 'RSA', 'CMU et Complémentaire', 1, 1, '2015-03-17', 15, 3, 'De 24 mois et plus', 'De 24 mois et plus', 'Non inscrit', 'Indécis', 'Agent de conditionnement (AVA)', 'Autre', 114, '2015-05-31', 20),
(184, '2014-10-14', '1967-02-08', 'CAEN', 'FRANCAISE', 'CELIBATAIRE', '', '267021411809013', '0542624J', 'Non scolarisé', 'Sans', 0, 1, 'AAH', 'CMU Complémentaire', 3, 1, '2015-03-16', 15, 3, 'Moins de 6 mois', 'Moins de 6 mois', 'Non inscrit', 'Non', 'Agent de conditionnement (AVA)', 'Autre', 130, '0000-00-00', 0),
(185, '2015-03-13', '1970-12-27', 'PERABOA', 'PORTUGAL', 'CELIBATAIRE', '', '170129913971815', '0461813', '6', 'Sans', 0, 1, 'ASS', 'CMU', 3, 1, '2015-03-17', 15, 3, 'De 24 mois et plus', 'De 24 mois et plus', 'De 24 mois et plus', 'Non', 'Agent de conditionnement (AVA)', 'Autre', 100, '3015-07-31', 20),
(186, '2014-06-12', '1983-06-13', 'ARGENTUEIL', 'FRANCAISE', 'CELIBATAIRE', '', '183069501808762', '', '3 et +', 'Sans', 0, 0, 'RSA', 'CMU', 1, 1, '2015-03-30', 15, 3, 'De 24 mois et plus', 'De 24 mois et plus', 'De 24 mois et plus', 'Oui', 'Agent de conditionnement (AVA)', 'Autre', 130, '0000-00-00', 0),
(187, '2015-02-23', '1992-03-23', 'DOUALA', 'CAMROUN', 'CELIBATAIRE', '1302164W', '292069932210426', '0544098', '6', 'Sans', 0, 0, 'RSA', 'CMU et Complémentaire', 1, 2, '2015-04-07', 25, 5, 'De 6 à 11 mois', 'De 6 à 11 mois', 'De 24 mois et plus', 'Non', 'Equipe propreté (ACI)', 'Autre', 134, '0000-00-00', 0),
(188, '2015-03-26', '1973-03-16', 'CAEN', 'FRANCAISE', 'SEPARE', '0662678c', '173031411823528', '0180519', '3 et +', 'Brevet des collèges', 0, 0, 'RSA', 'CMU et Complémentaire', 1, 1, '2015-03-30', 0, 0, 'De 12 à 23 mois', 'De 12 à 23 mois', 'De 12 à 23 mois', 'Non', 'Agent de conditionnement (AVA)', 'Autre', 128, '2015-06-30', 19),
(189, '2015-04-07', '1957-01-25', 'ST AUBIN D\\''ARQUENAY', 'FRANCAISE', 'DIVORCE', '', '157011455800235', '', '6', 'Sans', 0, 1, 'RSA', 'CMU et Complémentaire', 1, 3, '2015-06-03', 0, 1, 'De 24 mois et plus', 'Moins de 6 mois', 'Non inscrit', 'Non', 'CAP Vert (AUS)', 'Autre', 122, '0000-00-00', 0),
(190, '2015-03-19', '1985-03-03', 'FALAISE', 'FRANCAISE', 'CELIBATAIRE', '1017149X', '185031425801717', '0480655', '3 et +', 'BAC', 0, 0, 'RSA', 'CMU Complémentaire', 1, 1, '2015-03-20', 8, 1, 'De 24 mois et plus', 'De 24 mois et plus', 'De 24 mois et plus', 'Non', 'Agent de conditionnement (AVA)', 'Autre', 130, '0000-00-00', 0),
(191, '2014-10-14', '1970-04-22', 'GIBERVILLE', 'FRANCAISE', 'MARIE', '', '170041430101067', '0546029', '6', 'Sans', 0, 0, 'RSA', 'CMU et Complémentaire', 1, 2, '2015-04-20', 25, 0, 'De 24 mois et plus', 'Moins de 6 mois', 'Non inscrit', 'Non', 'Equipe propreté (ACI)', 'Autre', 110, '2015-04-17', 13),
(192, '2015-04-12', '1979-01-08', 'CAEN', 'FRANCAISE', 'CELIBATAIRE', '', '', '', '6', 'Sans', 0, 0, 'RSA', 'CMU', 1, 3, '2015-04-13', 4, 1, 'Moins de 6 mois', 'Moins de 6 mois', 'Non inscrit', 'Non', 'CAP Vert (AUS)', 'Autre', 130, '2015-07-23', 17),
(193, '2015-04-10', '1992-12-02', 'CHORFA', 'ALGERIENNE', 'DIVORCE', '1204160v', '172129935253317', '354198', '6', 'Sans', 1, 0, 'RSA', 'CMU et Complémentaire', 1, 2, '2015-05-19', 25, 5, 'De 24 mois et plus', 'De 24 mois et plus', 'De 24 mois et plus', 'Indécis', 'Equipe propreté (ACI)', 'Autre', 100, '0000-00-00', 0),
(194, '2015-02-02', '1977-04-08', 'ELBOEUF', 'FRANCAISE', 'CELIBATAIRE', '13899521', '177047623102439', '0585022j', '6', 'Sans', 0, 0, 'RSA', 'CMU et Complémentaire', 1, 2, '2015-06-01', 24, 3, 'Moins de 6 mois', 'Moins de 6 mois', 'De 24 mois et plus', 'Oui', 'SOB (ACI)', 'Autre', 128, '0000-00-00', 0),
(196, '2015-05-19', '1994-11-22', 'CAEN', 'FRANCAISE', 'CELIBATAIRE', '1399659u', '265011411821171', '', '5', 'Sans', 0, 0, 'Aucun', 'Autre mutuelle', 5, 1, '2015-06-02', 15, 3, 'Moins de 6 mois', 'De 24 mois et plus', 'Moins de 6 mois', 'Non', 'Agent de conditionnement (AVA)', 'Autre', 134, '0000-00-00', 0),
(197, '2015-03-24', '1987-02-18', 'CAEN', 'FRANCAISE', 'COUPLE', '1107066h', '287021411826621', '054533b', '6', 'Sans', 0, 0, 'RSA', 'CMU et Complémentaire', 1, 2, '2015-06-10', 25, 5, 'De 24 mois et plus', 'Primo demandeur', 'De 24 mois et plus', 'Non', 'Equipe propreté (ACI)', 'Autre', 99, '0000-00-00', 0),
(198, '2015-05-11', '1987-03-13', 'LAGOS', 'NIGERIANE', 'CELIBATAIRE', '1384961T', '287039933800239', '0430528A', '6', 'Sans', 0, 0, 'RSA', 'CMU et Complémentaire', 1, 2, '2015-06-17', 25, 5, 'De 24 mois et plus', 'De 6 à 11 mois', 'De 24 mois et plus', 'Non', 'Equipe propreté (ACI)', 'Autre', 110, '0000-00-00', 0),
(199, '2015-03-02', '1971-04-15', 'CASABLANCA', 'FRANCAISE', 'DIVORCE', '059708s', '271049935056018', '0099565', '6', 'Sans', 1, 0, 'RSA', 'CMU et Complémentaire', 1, 1, '2015-06-23', 15, 3, 'De 24 mois et plus', 'De 24 mois et plus', 'De 24 mois et plus', 'Non', 'Agent de conditionnement (AVA)', 'Autre', 126, '0000-00-00', 0),
(200, '2015-03-17', '1992-08-30', 'CAEN', 'FRANCAISE', 'VIE MARITALE', '1260814a', '192081411865518', '0459867P', '6', 'Sans', 0, 0, 'RSA', 'CMU et Complémentaire', 5, 1, '2015-06-23', 15, 3, 'De 24 mois et plus', 'De 24 mois et plus', 'De 12 à 23 mois', 'Indécis', 'Agent de conditionnement (AVA)', 'Autre', 97, '0000-00-00', 0),
(201, '2015-06-23', '1992-06-23', 'CHERBOURG', 'FRANCAISE', '', '1231356f', '19206', '', '5 Bis', 'Sans', 0, 0, 'Aucun', 'CMU', 5, 1, '2015-06-25', 15, 3, 'Moins de 6 mois', 'De 24 mois et plus', 'De 24 mois et plus', 'Non', 'Agent de conditionnement (AVA)', 'Autre', 97, '0000-00-00', 0),
(202, '2015-06-05', '1968-01-08', 'CAEN', 'FRANCAISE', 'DIVORCEE', '0555869f', '268011411808451', '0075631c', '6', 'Sans', 0, 0, 'RSA', 'CMU et Complémentaire', 1, 2, '2015-07-08', 25, 5, 'De 24 mois et plus', 'De 6 à 11 mois', 'De 6 à 11 mois', 'Non', 'Equipe propreté (ACI)', 'Autre', 119, '0000-00-00', 0),
(203, '2015-01-16', '1988-04-27', '27041988', 'FRANCAISE', '', '133568f', '188048000114263', '0517645', '5', 'CAP - BEP', 1, 0, 'RSA', 'CMU et Complémentaire', 1, 2, '2015-01-16', 24, 5, 'De 6 à 11 mois', 'De 6 à 11 mois', 'De 24 mois et plus', 'Non', 'SOB (ACI)', 'Autre', 110, '0000-00-00', 0),
(204, '2015-06-12', '1986-09-02', 'NIGERIA', 'NIGERIENNE', 'CELIBATAIRE', '1127880G', '286099933800683', '0509190Q', '6', 'Sans', 0, 1, 'RSA', 'CMU et Complémentaire', 1, 2, '2015-07-01', 25, 5, 'De 24 mois et plus', 'Moins de 6 mois', 'De 24 mois et plus', 'Non', 'Equipe propreté (ACI)', 'Autre', 133, '0000-00-00', 0),
(205, '2015-06-12', '1982-02-03', 'RABAT', 'MAROCAINE', 'MARIE', '1240391V', '1833029935055040', '0573339P', '6', 'Sans', 1, 1, 'RSA', 'CMU et Complémentaire', 1, 2, '2015-07-06', 28, 4, 'De 6 à 11 mois', 'De 12 à 23 mois', 'De 24 mois et plus', 'Indécis', 'Chauffeur-Magasinier (ACI)', 'Autre', 107, '0000-00-00', 0),
(206, '2015-01-06', '1968-02-15', 'ST MARTIN DE FONTENAY', 'FRANCAISE', 'CELIBATAIRE', '.', '.', '.', '6', 'Sans', 0, 0, 'RSA', 'CMU et Complémentaire', 1, 3, '2015-05-29', 5, 1, 'Moins de 6 mois', 'De 24 mois et plus', 'Moins de 6 mois', 'Indécis', 'CAP Vert (AUS)', 'Autre', 125, '0000-00-00', 0);

-- --------------------------------------------------------

--
-- Structure de la table `kilometrage`
--

CREATE TABLE IF NOT EXISTS `kilometrage` (
  `KIL_ID` int(11) NOT NULL AUTO_INCREMENT,
  `KIL_KmDepart` float DEFAULT NULL,
  `KIL_KmArrivee` float DEFAULT NULL,
  `KIL_LieuDepart` varchar(45) DEFAULT NULL,
  `KIL_LieuArrivee` varchar(45) DEFAULT NULL,
  `KIL_Objet` varchar(45) DEFAULT NULL,
  PRIMARY KEY (`KIL_ID`)
) ENGINE=InnoDB DEFAULT CHARSET=utf8 AUTO_INCREMENT=1 ;

-- --------------------------------------------------------

--
-- Structure de la table `location`
--

CREATE TABLE IF NOT EXISTS `location` (
  `LOC_Date` datetime NOT NULL,
  `VEH_Immatriculation` varchar(7) NOT NULL,
  `SAL_NumSalarie` int(5) NOT NULL,
  `KIL_ID` int(11) NOT NULL,
  PRIMARY KEY (`LOC_Date`,`VEH_Immatriculation`,`SAL_NumSalarie`,`KIL_ID`),
  KEY `NumSalarie_idx` (`SAL_NumSalarie`),
  KEY `Immatriculation` (`VEH_Immatriculation`),
  KEY `fk_Location_Kilometrage1_idx` (`KIL_ID`)
) ENGINE=InnoDB DEFAULT CHARSET=utf8;

-- --------------------------------------------------------

--
-- Structure de la table `logement`
--

CREATE TABLE IF NOT EXISTS `logement` (
  `LOG_NumLogement` int(11) NOT NULL AUTO_INCREMENT,
  `LOG_Adresse` varchar(45) DEFAULT NULL,
  `LOG_CodePostal` int(5) DEFAULT NULL,
  `LOG_Ville` varchar(45) DEFAULT NULL,
  `LOG_Batiment` varchar(45) DEFAULT NULL,
  PRIMARY KEY (`LOG_NumLogement`)
) ENGINE=InnoDB DEFAULT CHARSET=utf8 AUTO_INCREMENT=1 ;

-- --------------------------------------------------------

--
-- Structure de la table `logo`
--

CREATE TABLE IF NOT EXISTS `logo` (
  `LOGO_id` int(11) NOT NULL AUTO_INCREMENT,
  `LOGO_Libelle` varchar(150) CHARACTER SET utf8 NOT NULL,
  `LOGO_Url` varchar(256) CHARACTER SET utf8 NOT NULL DEFAULT '../images/logo_upload/nologo.png',
  PRIMARY KEY (`LOGO_id`)
) ENGINE=InnoDB  DEFAULT CHARSET=latin1 AUTO_INCREMENT=4 ;

--
-- Contenu de la table `logo`
--

INSERT INTO `logo` (`LOGO_id`, `LOGO_Libelle`, `LOGO_Url`) VALUES
(1, 'Revivre', '../images/logo_upload/revivre.png'),
(2, 'Conseil Général', '../images/logo_upload/conseilgeneral.png'),
(3, 'UE - Fonds Social Européen', '../images/logo_upload/uefondssocialeuropeen.png');

-- --------------------------------------------------------

--
-- Structure de la table `logo_association`
--

CREATE TABLE IF NOT EXISTS `logo_association` (
  `LOGO_Id` int(11) NOT NULL,
  `PL_id` int(11) NOT NULL,
  `ASSOC_Date` date NOT NULL,
  PRIMARY KEY (`LOGO_Id`,`PL_id`,`ASSOC_Date`),
  KEY `PL_id` (`PL_id`)
) ENGINE=InnoDB DEFAULT CHARSET=latin1;

--
-- Contenu de la table `logo_association`
--

INSERT INTO `logo_association` (`LOGO_Id`, `PL_id`, `ASSOC_Date`) VALUES
(1, 1, '2015-06-01'),
(1, 1, '2015-06-08'),
(2, 1, '2015-06-08'),
(3, 1, '2015-06-08'),
(2, 2, '2015-09-07'),
(3, 2, '2015-09-07'),
(1, 3, '2015-09-14'),
(1, 3, '2015-09-21'),
(1, 3, '2015-09-28'),
(2, 3, '2015-09-14'),
(2, 3, '2015-09-21'),
(2, 3, '2015-09-28');

-- --------------------------------------------------------

--
-- Structure de la table `louer`
--

CREATE TABLE IF NOT EXISTS `louer` (
  `SAL_NumSalarie` int(5) NOT NULL,
  `LOG_NumLogement` int(11) NOT NULL,
  `LOU_DateDebut` date DEFAULT NULL,
  `LOU_DateFin` date DEFAULT NULL,
  PRIMARY KEY (`SAL_NumSalarie`,`LOG_NumLogement`),
  KEY `fk_Salaries_has_Logement_Logement1_idx` (`LOG_NumLogement`),
  KEY `fk_Salaries_has_Logement_Salaries1_idx` (`SAL_NumSalarie`)
) ENGINE=InnoDB DEFAULT CHARSET=utf8;

-- --------------------------------------------------------

--
-- Structure de la table `outil`
--

CREATE TABLE IF NOT EXISTS `outil` (
  `OUT_NumOutil` int(11) NOT NULL AUTO_INCREMENT,
  `OUT_Type` varchar(45) DEFAULT NULL,
  `OUT_Marque` varchar(45) DEFAULT NULL,
  `SAL_NumSalarie` int(5) NOT NULL,
  PRIMARY KEY (`OUT_NumOutil`),
  KEY `fk_Outil_Salaries1_idx` (`SAL_NumSalarie`)
) ENGINE=InnoDB DEFAULT CHARSET=utf8 AUTO_INCREMENT=1 ;

-- --------------------------------------------------------

--
-- Structure de la table `personnes`
--

CREATE TABLE IF NOT EXISTS `personnes` (
  `PER_Num` int(11) NOT NULL AUTO_INCREMENT,
  `PER_Nom` varchar(20) NOT NULL,
  `PER_Prenom` varchar(20) DEFAULT NULL,
  `PER_TelFixe` varchar(15) DEFAULT NULL,
  `PER_TelPort` varchar(15) DEFAULT NULL,
  `PER_Fax` varchar(15) DEFAULT NULL,
  `PER_Email` varchar(45) DEFAULT NULL,
  `PER_Adresse` varchar(45) NOT NULL,
  `PER_CodePostal` int(11) NOT NULL DEFAULT '14000',
  `PER_Ville` varchar(45) NOT NULL DEFAULT 'Caen',
  PRIMARY KEY (`PER_Num`)
) ENGINE=InnoDB  DEFAULT CHARSET=utf8 AUTO_INCREMENT=472 ;

--
-- Contenu de la table `personnes`
--

INSERT INTO `personnes` (`PER_Num`, `PER_Nom`, `PER_Prenom`, `PER_TelFixe`, `PER_TelPort`, `PER_Fax`, `PER_Email`, `PER_Adresse`, `PER_CodePostal`, `PER_Ville`) VALUES
(2, 'CASSAND', 'Gisele', '02 31 35 05 10', '06 82 81 36 43', '', 'gcassand@revivre-asso.org', '31 Avenue Des Ecoles', 14460, 'COLOMBELLES'),
(3, 'JEHENNE', 'Jean-Michel', '', '', '', 'jmjehenne@revivre-asso.org', '', 0, ''),
(4, 'LAFORGE', 'Eric', '', '', '', 'elaforge@revivre-asso.org', 'Tremplin', 14000, 'CAEN'),
(5, 'LARCHER', 'Thierry', '02 31 94 34 80', '06 77 82 81 80', '', '', '45 Av Calvados', 14000, 'CAEN'),
(6, 'MACE', 'Yves', '', '', '', 'ymacé@revivre-asso.org', '', 0, ''),
(7, 'PORTIER', 'Vincent', '', '06 37 06 01 94', '', 'vportier@revivre-asso.org', 'Chemin De Mondeville', 14460, 'COLOMBELLES'),
(8, 'DARRAS', 'Frederic', '', '06 37 06 05 15', '', 'fdarras@revivre-asso.org', '', 0, ''),
(9, 'AMOUNY', 'René Michel', '', '', '', '', '', 0, ''),
(10, 'HARTEL', 'Jean Michel', '', '', '', '', '', 0, ''),
(11, 'BOISRAMEY', 'Philippe', '', '', '', 'pboisramey@revivre-asso.org', '', 0, ''),
(12, 'DREAN', 'Lysiane', '02 31 35 05 12', '', '', '', '', 0, ''),
(13, 'LE DUC', 'Gilles', '02 31 35 05 16', '06 40 36 55 09', '', 'gilles.le_duc@laposte.net', '', 0, ''),
(15, 'STAGIAIRE', 'Cip', '', '', '', '', '', 0, ''),
(16, 'MAISON', 'Relaie', '', '', '', '', '', 0, ''),
(17, 'EQUIPE', 'Conditionnement', '', '', '', '', '', 0, ''),
(18, 'FEULLAR', 'Sylvie', '02 31 35 05 10', '', '02 31 35 05 17', 'sfeullard@revivre-asso.org', '', 0, ''),
(23, 'MONCLE', 'Magali', '', '', '', '', '', 0, ''),
(24, 'DESRUE', 'Marylene', '', '06 98 96 63 79', '02 31 54 10 97', 'mdesrue@revivre-asso.org', '', 0, ''),
(25, 'LAJEUNESSE', 'Cristophe', '', '', '', '', '', 0, ''),
(26, 'MARTIN', 'Marcel', '', '06 35 54 37 76', '', 'marcelmartin14@hotmail.fr', '', 0, ''),
(27, 'CANCHEL', 'Joel', '', '06 95 93 35 05', '', '', '', 0, ''),
(28, 'BLAIN', 'Patricia', '', '', '', '', 'Service Cap', 14460, 'COLOMBELLES'),
(29, 'AGNES', 'Sébastien', '02 31 35 05 14', '', '', 'sagnes@revivre-asso.org', '', 0, ''),
(30, 'RAVENEAU', 'Frank', '', '', '', '', '', 0, ''),
(32, 'LEFEVRE', 'Mathilde', '', '06 77 74 04 17', '', 'mlefevre@revivre-asso.org', '', 0, ''),
(33, 'BURON LEDART', 'Nadège', '02 31 57 21 61', '06 37 06 02 33', '02 31 91 62 46', 'nburon@revivre-asso.org', '', 0, ''),
(34, 'BOURDEAU', 'Fabrice', '', '', '', '', '10 Allée De Jumieges', 14000, 'CAEN'),
(35, 'TURGIS', 'Chantal', '02 31 35 05 15', '', '02 31 35 05 17', 'cturgis@revivre-asso.org', '', 14000, 'CAEN'),
(36, 'GRAVIOU', 'Dominique', '02 31 35 76 80', '', '', 'dgraviou@revivre-asso.org', '', 0, ''),
(37, 'LEGOUPIL', 'Isabelle', '02 31 35 76 81', '', '', 'ilegoupil@revivre-asso.org', '', 0, ''),
(38, 'JACQUELINE', 'Isabelle', '02 31 36 76 84', '', '', 'ijacqueline@revivre-asso.org', '', 14000, 'CAEN'),
(39, 'DUBOIS', 'Julie', '', '', '', 'jdubois@revivre-asso.org', '', 0, ''),
(40, 'PIOL', 'Eric', '', '', '', 'epiol@revivre-asso.org', '', 0, ''),
(41, 'MEGIE', 'Vincent', '02 31 52 29 78', '', '', 'vmegie@revivre-asso.org', '', 0, ''),
(42, 'POSTAIRE', 'Aurélie', '', '', '', 'apostaire@revivre-asso.org', '', 0, ''),
(43, 'CHEVALIER', 'Régine', '02 31 50 01 21', '', '02 31 06 07 34', 'rchevalier@revivre-asso.org', '4 Rue Guilbert', 0, ''),
(44, 'DUMAS', 'Aurélie', '', '', '', 'adumas@revivre-asso.org', '', 0, ''),
(45, 'VIVIEN', 'Carine', '', '06 37 06 02 57', '', 'cvivien@revivre-asso.org', '', 0, ''),
(46, 'LERMIER', 'Matthieu', '', '06 37 05 88 39', '', 'mlemier@revivre-asso.org', '', 0, ''),
(47, 'GENARD', 'Christian', '', '', '', 'cgenard@revivre-asso.fr', '', 0, ''),
(48, 'VILLALARD', 'Franck', '', '', '', 'fvillalard@revivre-asso.org', '', 0, ''),
(49, 'VILLEPOU', 'Julie', '', '', '', 'jvillepou@revivre-asso.org', '', 0, ''),
(50, 'KAHRIZI', 'Fariborz', '', '', '', 'fkahrizi@revivre-asso.org', '', 0, ''),
(51, 'RAHGOZAR', 'Bijan', '', '', '', 'brahgozar@revivre-asso.org', '', 0, ''),
(52, 'LEGRAND', 'Nadia', '02 31 94 94 81', '', '', 'nlegarnd@revivre-asso.org', '', 0, ''),
(53, 'SAVAIN', 'Docteur', '02 31 94 94 83', '', '', 'ifsavain@revivre-asso.org', '', 0, ''),
(54, 'KERSANTE', 'Renaud', '02 31 94 94 86', '', '', 'rkersante@revivre-asso.org', '', 0, ''),
(55, 'DENANS', 'Laurent', '06 89 21 51 31', '', '02 31 94 94 83', 'idenans@revivre-asso.org', '45 Avenue Du Calvados', 14000, 'CAEN'),
(56, '', 'Infirmiers Pass', '02 31 94 84 84', '', '', 'infirmiers@revivre-asso.org', '', 0, ''),
(60, 'LEFOL', 'Valerie', '', '', '', '', '211 Rue D''auge', 14000, 'CAEN'),
(61, 'BELHACHE PASCAL', '', '', '0684592283', '', '', '1 Rue Diderot', 14460, 'COLOMBELLES'),
(63, 'FRANCOIS', 'Paul', '', '0684467690', '', '', '25 Rue De La Blanche Herbe', 14000, 'CAEN'),
(65, 'JAME', 'Cédric', '', '0603788787', '', '', '8 Rue Montcal', 14000, 'CAEN'),
(66, 'LOTTIN', 'Michel', '0786154562', '', '', '', '22 Cours De La Rose Blanche', 14460, 'COLOMBELLES'),
(67, 'MARTINEZ', 'Franck', '', '0647407371', '', '', '22 Quai De Juillet', 14000, 'CAEN'),
(68, 'VALLEE', 'Mickaël', '', '0610116664', '', '', '57 Rue Des Roches', 14120, 'MONDEVILLE'),
(69, 'ACART', 'Jonathan', '', '0780053434', '', '', '29 Rue De Bourgogne', 14000, 'CAEN'),
(70, 'DELIQUAIRE', 'Vincent', '', '0641542130', '', '', '18 Rue Général De Gaulle', 14550, 'BLAINVILLE SUR ORNE'),
(72, 'HUET', 'Alain', '', '06 37 59 51 38', '', '', '4 Rue Guilbert', 14000, 'CAEN'),
(73, 'LECOSSAIS', '', '', '0637989463', '', '', '9 Rue Albert De Mun', 14000, 'CAEN'),
(74, 'LECOSSAIS', 'Patrick', '', '0637989463', '', '', '9 Rue Albert De Mun', 14000, 'CAEN'),
(75, 'OUMERICH', 'Cédric', '0761683923', '', '', '', '4 Rue Guilbert', 14000, 'CAEN'),
(76, 'SPREAFICO', 'Anthony', '0231285101', '', '', '', '26 Place Des Bourreliers', 14370, 'GIBERVILLE'),
(77, 'BODART', 'Isabelle', '', '0658327486', '', '', '14-2 Rue Des Sports', 14460, 'COLOMBELLES'),
(78, 'HASSENE DAOUADJI', 'Malika', '0781321583', '0781321583', '', '', '1010 Quartier Des Belles Porte Appart 169', 14200, 'HEROUVILLE ST CLAIR'),
(79, 'LEREBOURG', 'Catherine', '0231835080', '', '', '', '8 Rue Jean Gutenberg', 14000, 'CAEN'),
(80, 'DRIZZI', '', '', '07 85 06 13 85', '', '', '', 14000, 'CAEN'),
(81, 'ANNE', 'Ludovic', '', '0611547084', '', '', '101 Bis Rue D''hérouville', 14000, 'CAEN'),
(82, 'BRACHTENDORF', 'Brigitte', '', '0674279676', '', '', '11 Rue Du Président Ribot', 14000, 'CAEN'),
(83, 'BULUT', 'Emine', '', '0647408122', '', '', '7 Rue D''etavaux', 14000, 'CAEN'),
(84, 'CHERRUAULT', 'Francoise', '', '0612285075', '', '', '601 Quartier Du Val', 14200, 'HEROUVILLE ST CLAIR'),
(85, 'CHEHEB', 'Kaci', '0231471090', '0641511565', '', '', '12 Rue De La Marne', 14550, 'BLAINVILLE SUR ORNE'),
(86, 'EMBARECK', 'Carine', '', '0633374125', '', '', '2 Allée De L''alberta', 14123, 'IFS'),
(87, 'FALAIZE', 'Claude', '0250155785', '0761566742', '', '', '37 Rue De Champagne', 14000, 'CAEN'),
(88, 'GOUPIL', 'Annick', '0954233638', '0644005576', '', '', '6 Rue Louis Braille', 14000, 'CAEN'),
(89, 'LEREBOURG', 'Géraldine', '', '0678244644', '', '', '37 Rue De Champagne', 14000, 'CAEN'),
(90, 'LEREY', 'Mildred', '', '0659583220', '', '', '26 Cours De La Rose Blanche', 14460, 'COLOMBELLES'),
(91, 'LOUSSAIEF', 'Sonia', '', '0644087489', '', '', '9 Rue Jean-Jacques Rousseau', 14000, 'CAEN'),
(92, 'MARTIN', 'Alain', '0321846649', '0781904743', '', '', '419 Rue Du Chemin Vert', 14123, 'IFS'),
(93, 'MEREY', 'Patricia', '', '0652390562', '', '', '48 Av Georges Clémenceau', 14000, 'CAEN'),
(94, 'OMORUYI', 'Mary', '', '0753105995', '', '', '44 Av Jean Vilar', 14123, 'IFS'),
(95, 'RENAUX', 'Marjorie', '', '0623297410', '', '', '13 Avenue Robert Schuman', 14000, 'CAEN'),
(96, 'ROGINE', 'Anthony', '', '0684046801', '', '', '55 Route D\\''Harcourt', 14000, 'CAEN'),
(97, 'VIOLET', 'Johanna', '', '0622253304', '', '', '26 Av Jean Monnet', 14000, 'CAEN'),
(98, 'MOISSON', 'Alain', '', '0622253304', '', '', '35 Rue De Falaise', 14000, 'CAEN'),
(99, 'BOISSEE', 'Sabrina', '', '0676444826', '', '', '20 Rue Des Charmilles', 14730, 'GIBERVILLE'),
(101, 'HAAS', 'Fabien', '', '0651425767', '', '', '6 Rue Pierre Marivaux', 14123, 'IFS'),
(102, 'NUNES', 'Marie-Lou', '', '0699126276', '', '', 'Res Du Canal 1958C Rue Des Sources', 12000, 'HEROUVILLE ST CLAIR'),
(103, 'TUSIKILA BAMBOTE', 'Cristina', '', '0605791559', '', '', '21 Rue Montcalm', 14000, 'CAEN'),
(106, 'BLANCHARD', 'Annick', '', '', '', 'a.blanchard@mlbn.fr', 'De Verdun', 14000, 'CAEN'),
(107, 'LEROUX', 'Guylaine', '', '', '', 'guylaine.leroux@pole-emploi.fr', 'Pôle Emploi Caen Sud\r\n909 Rue De Caen', 14123, 'IFS'),
(108, 'RAKIC-HERTEL', 'Aurelie', '', '', '', 'aurelie.rakic@pole-emploi.fr', 'Pôle Emploi Caen Nord\r\n4-6 Rue Ferdinand Buis', 14280, 'SAINT CONTEST'),
(109, 'JAFFRET', 'Severine', '', '', '', 'severine.jaffret@pole-emploi.fr', 'Pôle Emploi Caen Est\r\n5 Place Saint Paul', 14000, 'CAEN'),
(110, 'MANCEL', 'Melina', '', '', '', 'melina.mancel@pole-emploi.fr', 'Pôle Emploi Caen Centre\r\n42 Rue Fred Scamaron', 14050, 'CAEN'),
(112, 'GOULLEY', 'Pascale', '', '', '', 'pascale.goulley@afpa.fr', 'Afpa Transitions\r\n24 Avenue De La 1Ère Armée', 14000, 'CAEN'),
(114, 'LANGLAIS', 'Sandra', '02 31 15 31 95', '', '', 's.langlais@mlbn.fr', 'Mission Locale Pôle Centre\r\nRue Du 11 Novembr', 14000, 'CAEN'),
(115, 'PAYEN', 'Christophe', '', '', '', 'christophe.payen@justice.fr', 'Spip\r\n13 Rue Jean-Baptiste Colbert', 14000, 'CAEN'),
(116, 'THOMASSET', 'Patricia', '02 31 35 15 51', '', '02 31 35 15 60', '', 'Jules Guesdes', 14460, 'COLOMBELLES'),
(117, 'PIGEON', 'Catherine', '', '', '', 'catherine.pigeon@actif-dynamic.fr', '93 Rue De Falaise', 14000, 'CAEN'),
(118, 'MARTIN', 'Frederik', '', '', '', 'frederik.martin@capemploi14.com', 'Péricentre V Bât. B\r\n80 Avenue De Thiès', 14000, 'CAEN'),
(119, 'TRANCHANT', 'Véronique', '', '', '', 'veronique.tranchant@enefa.org', '', 0, ''),
(120, 'CORNAC', 'Isabelle', '', '', '', '', 'Rue Corneille', 14000, 'CAEN'),
(121, 'DELAHAYE', 'Anne', '', '', '', 'anne.delahaye@pole-emploi.fr', '', 14000, 'CAEN'),
(122, 'CHARLES', 'Nathalie', '', '', '', 'nathalie.charles@adoma.fr', 'De La Cotonnière', 14000, 'CAEN'),
(123, 'DIENG', 'Sylvie', '', '', '', 'sylvie.dieng@acsea.asso.fr', '10 Rue Frémentel', 14000, 'CAEN'),
(124, 'ZIEGLER', 'Robert', '02 31 08 02 39', '', '', '', '', 0, ''),
(125, 'FALET', 'Bernard', '', '', '', '', '', 0, ''),
(126, 'HUTCHINSON', 'Jean Jacque', '', '', '', '', '', 0, ''),
(127, 'MARCHAND', 'Annie', '', '', '', '', '', 0, ''),
(128, 'BALIF', 'Julie', '', '', '', '', '', 0, ''),
(129, 'PUCEL', 'Catherine', '', '', '', '', '', 0, ''),
(130, 'HERVE', 'Jean Claude', '', '', '', '', '', 0, ''),
(131, 'BAPTISTE', 'Marc', '', '06 08 70 27 89', '', '', '', 0, ''),
(132, 'HOUDAN', 'Henri', '', '', '', '', '', 0, ''),
(133, 'ANQUETIL', 'Jean Pierre', '', '', '', '', '', 0, ''),
(134, 'COISPEL', '', '', '06 03 22 84 71', '', '', '', 0, ''),
(135, 'BADIN', '', '', '06 61 24 57 95', '', '', '', 0, ''),
(142, 'BONNEAU', 'Catherine', '', '', '', '', '20 Rue Du Puits Picart', 14000, 'CAEN'),
(143, 'HAMELIN', 'Nicolas', '', '', '', 'nhamelin@revivre-asso.org', '', 14000, 'CAEN'),
(144, 'HAMON', 'Emmanuel', '02 31 57 21 61', '07 88 02 48 07', '02 31 91 62 46', 'ehamon@revivre-asso.org', '', 14000, 'CAEN'),
(146, 'HERGAS', 'Liliane', '02 31 45 33 49', '', '02 31 06 07 34', 'lhergas@revivre-asso.org', '', 14000, 'CAEN'),
(147, 'MONROCQ', 'Coralie', '02 31 36 76 83', '', '', 'cmonrocq@revivre-asso.org', '', 14000, 'CAEN'),
(212, 'LONCLE', 'Jocelyne', '0638373405', '', '', '', '8 Impasse Des Blés', 14360, 'CAGNY'),
(214, 'TOUZE', 'Loic', '', '', '', '', '1 Avenue De Caen\r\nBp 04', 14460, 'COLOMBELLES'),
(216, 'VENGEONS', 'Christian', '02 31 34 30 31', '', '', 'vengeons@laposte.net', '8 Rue Du Champs De Foire', 14123, 'CORMELLES LE ROYAL'),
(217, 'LEREVENUE', '', '02 31 86 27 86', '', '', '', '84 Rue De Bayeux', 14000, 'CAEN'),
(218, 'RODIER', '', '02 50 01 82 43', '', '', '', '10 Bd Vanier', 14000, 'CAEN'),
(219, 'MECHE', 'Patrice', '02 31 29 54 54', '', '', '', '', 0, ''),
(220, 'PERNEY', '', '02 31 85 82 29', '', '', '', '', 0, ''),
(222, 'MARTINE', 'Langlois', '02 31 84 59 93', '', '02 31 84 09 14', '', '18 Rue De La Gare', 14000, 'CAEN'),
(223, 'CHAUX', '', '', '', '', '', '142 Rue De Bayeux', 14000, 'CAEN'),
(225, 'CORNEBOIS', '', '02 31 94 64 70', '', '', '', '5 Rue De La Defense Passive', 14000, 'CAEN'),
(227, 'GONSARD', 'Veronique', '02 31 29 43 34', '', '', '', 'Bp 3041', 14017, 'CAEN CEDEX 2'),
(228, 'BORDET', 'Dominique', '02 31 83 23 44', '', '', 'dominique.bordet@acsea.asso.fr', '88/96 Bd Lyautey', 14000, 'CAEN'),
(229, 'ADONEL PIERRE', 'Virginie', '01 70 08 67 22', '06 26 95 09 57', '', 'virginie.adonel@adoma.fr', '56 Rue Louis Robillard', 14000, 'CAEN'),
(230, 'BILLAUD', 'Jean Pierre', '02 31 73 37 37', '', '', '', '2 Rue Longdouet', 14760, 'BRETTEVILLE SUR ODON'),
(231, 'LIVET', '', '', '', '', '', '', 0, ''),
(232, 'NICOLAS', 'Yves', '', '', '', '', '56 Rue Louis Robillard', 14000, 'CAEN'),
(235, 'CHAUMONT', 'Maryline', '02 31 26 01 28', '', '', '', '17 Résidence Des Pinsons\n\r\n17 Rue Pierre Corn', 14000, 'CAEN'),
(236, 'LEFEVRE', 'Jean Luc', '02 35 51 01 40', '06 23 12 07 74', '02 31 34 84 09\r', '', '31 Rue Leo Delibes', 76600, 'LE HAVRE'),
(238, 'FANET', 'Michel', '', '', '', '', '68 Rue Eustache Restout', 14000, 'CAEN'),
(239, 'LEYGNAT', 'Beatrice', '02 31 34 94 49', '06 66 78 55 76', '', 'béa.leygnat@gmail.com', '26 R Miséricorde', 14000, 'CAEN'),
(240, 'HARLEAUX', '', '02 31 38 71 00', '', '', '', '146 R Bayeux', 14000, 'CAEN'),
(242, 'JODUCIUS', 'Marc', '', '', '', '', '', 0, ''),
(244, 'DUREL', 'Lucien', '02 31 84 59 93', '06 22 77 75 93', '', 'lucien.durel@adoma.fr', '56 Rue Louis Robillard', 14000, 'CAEN'),
(246, 'GUERIN', 'Nicole', '02 31 34 13 98', '', '', '', 'Sncf', 0, ''),
(249, 'GIGNEAU', '', '', '06 76 67 62 63', '', '', '', 0, ''),
(250, 'LANGEARD', 'Severine', '02 31 06 61 63', '', '', '', '', 0, ''),
(251, 'ROY', '', '02 31 35 52 36', '06 78 86 14 60', '', '', '', 0, ''),
(252, 'MARCELOT', '', '', '06 86 40 61 14', '', '', '', 0, ''),
(254, 'GAIDOT', 'Celine', '02 31 93 69 43', '06 68 77 24 10', '02 31 93 30 95', 'aiscal@orange,fr', '18 Rue De La Girafe', 14000, 'CAEN'),
(255, 'VERRIER', 'Fabrice', '02 31 21 72 93', '', '', '', '2 Rue De Bayeux', 14170, 'TREVIERE'),
(256, 'BAASOUSI', '', '', '', '', '', '4 Av Du Parc Saint Andre', 14200, 'HEROUVILLE SAINT CLAIR'),
(257, 'LECOINTRE', 'Martin', '', '', '', '', 'Esplanade François Mitterrand', 14123, 'IFS'),
(258, 'CANCHEL', 'Delphine', '', '06 41 60 53 82', '', '', '', 14170, 'VAUDELOGE'),
(259, 'VERLAGUE', '', '', '', '', '', '13 Rue Jb Colbert', 14000, 'CAEN'),
(260, 'CHARLES', 'Natalie', '', '', '', '', '13 Rue De La Cotonniere', 14000, 'CAEN'),
(261, 'PICART', '', '', '', '', '', '32 Rue Pasteur', 14790, 'VERSON'),
(262, 'BEN CHADLI', 'Sheraze', '', '06 29 51 30 13', '', '', '31 Rue Leo Delibes', 76600, 'LE HAVRE'),
(263, 'LARCHER', 'Thierry', '', '06 77 82 81 80', '', '', 'Chemin De Mondeville A Giberville', 14460, 'COLOMBELLES'),
(264, 'CARTAUX', 'Sylvie', '02 31 72 99 75', '06 08 94 05 65', '', '', '5 Rue Des Frères Wilkin\r\nBp 6', 14460, 'COLOMBELLES'),
(265, 'GUERIN', 'Martine', '02 31 34 13 93', '', '', '', '', 0, ''),
(266, 'BOURDEAU', 'Fabrice', '', '', '', '', 'Chemin De Mondeville', 14460, 'COLOMBELLES'),
(267, 'LARCHER', 'Thierry', '02 31 94 34 80', '06 77 82 81 80', '', 'tlarcher@revivre-asso.org', '48 Avenue Du Calvados', 14000, 'CAEN'),
(268, 'GONSSARD', 'Veronique', '02 31 29 43 34', '', '', '', 'Chemin Aux Bœufs Zac De La Grande Plaine', 14650, 'CARPIQUET'),
(270, 'JULIEN', 'Christine', '02 31 34 49 52', '', '', 'itineraires.cjulien@orange,fr', '7 Route De Tourville', 14000, 'CAEN'),
(271, 'COURSIER', 'Fabien', '02 31 72 41 52', '06 80 00 76 86', '', 'f.coursier@lfnds.fr', '5 Freres Wilkin', 14460, 'COLOMBELLES'),
(273, 'JEAN', 'Marylord', '02 31 93 69 43', '06 68 77 44 10', '', '', '18 Rue De La Girafe', 14000, 'CAEN'),
(274, 'LAGOUGE', '', '02 31 46 82 22', '', '', '', '66 Avenue De Thies', 14000, 'CAEN'),
(275, 'LETUPE', 'Christophe', '02 31 84 74 00', '06 10 13 02 69', '', '', '6 Rue Edouard Banly', 14123, 'IFS'),
(276, 'LOUVEL', 'Pascle', '02 31 15 60 30', '', '02 31 15 60 40', '', '58 Rue St Jean', 14000, 'CEAN CEDEX 1'),
(277, 'LARCHER', 'Thierry', '02 31 50 01 21', '', '02 31 38 73 10', '', '45 Avenue Du Calvados', 14000, 'CAEN'),
(278, 'SOUMARE', 'Oumar', '', '', '', 'oumar.soumar@adoma.fr', '', 0, ''),
(279, 'ALLAIRE', 'Marie Claude', '', '0610263770', '', '', '3 Rue Nicolas Oresme', 14000, 'CAEN'),
(280, 'AMARD', '', '02 31 71 03 02', '06 03 65 42 06', '02 31 71 04 03', '', '15 Rue Des Monts Panneaux', 14650, 'CARPIQUE'),
(281, 'LECHEVALIER', 'Claire', '02 31 54 70 11', '', '02 31 44 12 39', 'claire,lechevalier@urssaf,fr', '', 0, ''),
(282, 'CARADIE', '', '', '06 76 32 32 63', '', '', '3 Rue Nicolas Oresme', 14000, 'CAEN'),
(283, 'CHEDEVILLE', '', '02 31 35 41 80', '', '', '', '3 Rue Jean Le Hyr', 14000, 'CAEN'),
(284, 'MR GLERENT', 'Mr', '', '06 07 79 39 58', '', '', 'Centre St Paul 3 Rue Nicolas Oresme Cs 75215', 14000, 'CAEN'),
(285, 'DREAN', 'Lysiane', '02 31 35 05 10', '', '', '', 'Chemin De Mondeville', 14460, 'COLOMBELLES'),
(286, 'LAFOSSE', 'Nadege', '02 31 72 41 52', '', '02 31 72 99 70', 'n.lafosse@lfnds.fr', '5 Rue Des Frères Wilkin', 14460, 'COLOMBELLES'),
(290, 'PERRAUT', 'Regine', '02 32 81 59 75', '', '', '', '', 14000, 'CAEN'),
(292, 'CARTEAU', '', '', '', '', '', '20 Rue Du Fresney', 14000, 'CORMELLES LEROYAL'),
(293, 'MOLINA SANCHEZ', 'Maria', '', '', '', 'm.molina-sanchez@pole-emploi.fr', '', 0, ''),
(294, 'LEGUET', 'David', '', '', '', '', 'De La Mer', 14550, 'BLAINVILLE SUR ORNE'),
(295, 'LECARPENTIER', '', '', '', '', '', '10 Boulevard Général Vannier', 14006, 'CAEN CEDEX'),
(296, 'ROUILLE', 'Thierry', '', '', '', 'rouille@artifetes-diffusion.com', 'Za De La Mesnilière\r\n11 Rue 4 Vents', 14790, 'VERSON'),
(297, 'LECUNFF', '', '', '', '', '', 'Zac Du Clos Neuf', 14840, 'DEMOUVILLE'),
(298, 'BATHO', '', '', '', '', '', 'Zac Du Clos Neuf', 14840, 'DEMOUVILLE'),
(299, 'ANFROY', 'Gérard', '', '', '', 'g.anfroy@legallais.com', '', 0, ''),
(300, 'DUTAC', 'Laurent', '', '', '', 'ldutac@infrep.org', '', 0, ''),
(301, 'TYPHAIGNE', 'Stéphane', '', '', '', 'stephane.typhaigne@acsea.asso.fr', '17 Quai De La Londe', 14000, 'CAEN'),
(306, 'GARNIER', 'Frédéric', '', '06 09 18 02 20', '', 'frederic.garnier@acsea.asso.fr', '38, Rue Basse', 14000, 'CAEN'),
(307, 'HUET', 'Linda', '02 31 53 10 10', '', '', 'chuet@air-com.asso.fr', 'Avenue Du Tsukuba\r\n Le Pentacle  Le Citis\r\nLe', 14200, 'HEROUVILLE'),
(308, 'DECLERC', 'Thierry', '', '', '', '', 'Vilaine', 14000, 'ST SYLVAIN'),
(309, 'LANGEOIS', 'Fabrice', '02 31 93 16 62', '06 75 03 38 99', '', '', '', 0, ''),
(310, 'BAUDET', 'Valérie', '', '', '', '', 'Pôle De Compétitivités Tes\r\n2 Esplanade De An', 14460, 'COLOMBELLES'),
(311, 'LAURENT', 'Beauvais', '', '', '', '', 'Abbaye Aux Dames\r\nPlace Reine Mathilde \r\nCs 5', 14035, 'CAEN'),
(313, 'PRODHOMME', 'Christophe', '02 31 53 38 78', '06 73 67 70 77', '', 'c.prodhomme@legallais.com', 'Atsa 80,005', 14907, 'CAEN CEDEX 9'),
(314, 'COUSIN', 'Philippe', '02 31 74 72 53', '', '02 31 74 29 99', '', '55 Rue Maréchal Galliéni\r\nBp 6126', 14064, 'CAEN CEDEX'),
(315, 'LAFOSSE', 'Nadege', '', '', '', '', '5 Rue Des Frères Wilkin', 14460, 'COLOMBELLES'),
(316, 'BERNIER', '', '', '', '', '', '85 Rue Avenir', 14790, 'VERSON'),
(318, 'HAMELIN', '', '', '', '', '', 'Avenue Des Anglais', 14730, 'GIBERVILLE'),
(319, 'LECORNU', '', '', '', '', '', '2 Rue Du Poirier \r\nZi Ouest', 14650, 'CARPIQUET'),
(320, 'LE NABEC', '', '', '', '', '', 'Z A Les Hautes Varendes', 14680, 'BRETTEVILLE/LAIZE'),
(321, 'LALLIER', '', '', '', '', '', '314 Avenue Des Digues', 14123, 'FLEURY SUR ORNE'),
(323, 'SITTI', '', '02 31 29 43 43', '', '', '', 'Zac De La Grande Plaine \r\nChemin Au Bœuf', 14653, 'CARPIQUET'),
(324, 'POPULAIRE', 'Marie', '', '06 81 06 38 07', '', '', '', 0, ''),
(327, 'MAULNY', '', '', '', '', '', '', 0, ''),
(328, 'SENECAIL', 'Sylvie', '', '06 30 02 46 73', '', '', '8 L Aunay\r\n8 L Aunay', 14000, 'CHAPELLE MONTIGEON'),
(329, 'CHANTIER ECOLE', '', '', '', '', '', 'Place De L Europe', 14000, 'HEROUVILLE'),
(330, 'LEFOL', 'Valerie', '', '06 82 65 21 20', '', '', 'Rue D''auge', 14000, 'CAEN'),
(331, 'JEAN MARIE', 'Hivonnet', '', '', '', '', '2Ème Etage 14 Rue Martin Luther King', 14280, 'ST CONTEST'),
(332, 'DUVERGER', 'Jeanne', '', '', '', '', '', 0, ''),
(333, 'LONCLE', 'Magali', '02 31 36 76 82', '', '', 'mloncle@revivre-asso.org', '', 0, ''),
(334, 'BASHIRI', 'Rassoul', '', '', '', 'rbashiri@revivre-asso.org', '', 0, ''),
(336, 'ALLARD', '', '02 31 57 14 14', '', '', '', 'Place Felix Eboue', 14000, 'CAEN'),
(338, 'LAIR', 'Fabrice', '', '', '', '', '', 0, ''),
(339, 'TIRET', 'Jean Philippe', '', '', '', '', '31 Rue St Ouen', 14000, 'CAEN'),
(340, 'CRUNELLE', 'Jerome', '02 31 72 78 78', '', '', '', '42 Rue Nelson Mandela', 14460, 'COLOMBELLES'),
(342, 'ARREAS', '', '02 31 82 35 79', '', '', '', '', 0, ''),
(343, 'ASSISTANCE ARREAS', '', '01 49 93 73 83', '', '', '', '', 0, ''),
(344, 'FREGET', 'Guy', '', '', '', '', 'Baron Sur Odon', 14210, 'EVRECY'),
(346, 'LECOUTURIER', 'Muriel', '02.31.86.23.72', '', '02.31.86.37.74', '', '146 Rue De Bayeux', 14000, 'CAEN'),
(347, 'LARCHER', 'Thierry', '0231862372', '0231862372', '', '', '45 Avenue Du Calvados', 14000, 'CAEN'),
(348, 'MOHAMED HUSSEIN', 'Abdikerim', '', '0751317162', '', '', '12 Avenue De La Concorde', 14000, 'CAEN'),
(349, 'DELAVOYE', 'Kenny', '', '0638899852', '', '', 'Résidence De La Buerinise- 11 Rue Ff Rousseau', 14000, 'CAEN'),
(350, 'AOUICHA', 'Lynda', '', '0668873078', '', '', '10 Rue Nelson Mandela', 14460, 'COLOMBELLES'),
(351, 'LOREL', 'Adeline', '', '0640553382', '', '', '28 Rue Du Blanc', 14000, 'CAEN'),
(353, 'THIRET', 'Jean Philipe', '', '', '', '', '4 Rue Guilbert Bp 3087', 14000, 'CAEN'),
(355, 'CONTESSE', 'Fabrice', '', '0637060322', '', '', '0', 0, '0'),
(356, 'LEFOL', 'Valérie', '02 31 35 64 80', '', '', '', '212 Rue D''auge', 14000, 'CAEN'),
(358, 'BARROIS', 'Veronique', '', '0682652120', '', '', '171 Rue D''auge', 14000, 'CAEN'),
(359, 'BAYASLI', 'Salima', '', '0615873397', '', '', 'Chemin De Mondeville', 14460, 'COLOMBELLES'),
(361, 'ROGINE', 'Angélique', '', '0661549422', '', '', '22 Cours De La Rose Blanche', 14460, 'COLOMBELLES'),
(362, 'BERNARD', 'Christine', '', '0666271300', '', '', '7 Bd De L''espérance Lgt 22', 14000, 'CAEN'),
(363, 'LAJOIE', 'Vanessa', '', '0650160638', '', '', '3 Rue Du 20 Eme Siecle', 14730, 'GIBERVILLE'),
(366, 'BAYASLI', 'Salima', '', '', '', '', 'Residence Du Plateau Appt N 8', 14460, 'COLOMBELLES'),
(367, 'LANO', 'Pascaline', '0231732215', '', '', 'theologie.caen.ceth@gmail.com', '3 Rue Nicolas Oresme', 14063, 'CAEN CEDEX 4'),
(368, 'MELEDJE BANHORO', 'Azara', '', '0761353068', '', '', '4 Rue Du Londel', 14000, 'CAEN'),
(369, 'BOULLEAUX', 'Olivier', '', '0778408836', '', '', '201 Quartier Du Grand Parc', 14200, 'HEROUVILLE ST CLAIR'),
(370, 'BAILLEUL', 'Dany', '', '0602137544', '', '', 'Chemin Des Paraires', 14540, 'CONTEVILLE'),
(371, 'DEBARRE', '', '', '', '', '', 'Rue Louis Robillard', 14000, 'CAEN'),
(372, 'CRESTEY', 'Didier', '', '0684673292', '', '', '4 Rue De La Justice', 14000, 'CAEN'),
(373, 'DAVID', 'Sébastien', '', '0607475517', '', '', '6 Rue Des Roches', 14000, 'MONDEVILLE'),
(374, 'BENYAYA LAOCINE', 'Sala', '', '', '', '', '7 Rue St Servan', 14000, 'CAEN'),
(375, 'GG', 'Dd', '', '0612102530', '', 'gg@mail.fr', '8 Rue Machin', 14000, 'CAEN'),
(376, 'STALIN', 'Jacky', '', '', '', '', '2 Allée Rouge George', 14000, 'CAEN'),
(377, 'ANDREW', 'Blessing', '', '0605559763', '', '', '2 Rue Elsa Isidet', 14460, 'COLOMBELLES'),
(378, 'AUVRAY', 'Bruno', '0750207793', '', '', '', '56 Rue Louis Robillard', 14000, 'CAEN'),
(379, 'M BARATTE', 'Guillaume', '', '', '', '', '4 Rue Guilbert', 14000, 'CAEN'),
(380, '0', 'Mickael', '02 31 78 63 67', '', '', '', 'Avenue Martray', 14730, 'GIBERVILLE'),
(381, 'DEBARRE', 'Adoma', '', '', '', '', 'Toto', 14000, 'CAEN'),
(382, 'LEMARIE', '?', '', '', '', '', 'Rue Val Es Dune', 14540, 'BOURGUEBUS'),
(383, 'CASTEL', 'Pascal', '', '', '', '', '45 Rue Du Calvados', 14000, 'CAEN'),
(384, 'D\\''OVIDIO', 'Sarah', '', '', '', '', 'Caen', 14000, 'CAEN'),
(385, 'CIRON', 'Stephane', '', '0642165662', '', '', '4 Rue Guilbert', 14000, 'CAEN'),
(386, 'JEHENNE', 'Jean Michel', '', '', '', '', 'Caen', 14000, 'CAEN'),
(387, 'COCUZZA', 'Salvatore', '', '', '', '', '3 Rue Jean Le Hir', 14000, 'CAEN'),
(388, 'CASAMITJANA', 'Marcella', '', '', '', '', 'Rue Chaperon', 14120, 'MONDEVILLE'),
(389, 'MONTEIL', 'Marinette', '', '', '', '', 'Rue De Bernière', 14000, 'CAEN'),
(390, 'LEMARIE', 'Christine', '', '', '', '', 'Rue De La Mairie', 14000, 'ARGENCES'),
(391, 'LEBRASSEUR', 'Yvan', '', '', '', '', 'Rue Jules Guesdes', 14460, 'COLOMBELLES'),
(392, 'RIO', 'Laurence', '', '', '', '', 'Couvrechef', 14000, 'CAEN'),
(393, 'POISSON', '', '', '', '', '', 'Rue Villard', 14123, 'IFS'),
(394, 'FAURE', 'Delphine', '', '', '', '', '', 14140, 'BOURGUEBUS'),
(395, 'COIFFIER', 'Denis', '', '', '', '', 'Rue De Bernière', 14000, 'CAEN'),
(396, 'DROUET', 'Jean Marc', '', '0644024970', '', '', '8 Rue St Norbert', 14000, 'CAEN'),
(397, 'FOUBERT', 'Christophe', '', '0613380603', '', '', '21 Rue Camille Blaisot Appart 8', 14000, 'MONDEVILLE'),
(398, 'FRANCOIS', 'Grégory', '', '0601239051', '', '', '10 Rue Choubert', 14370, 'MOULT'),
(399, 'GUILLARD', 'Robert', '', '0685112480', '', '', 'Chemin De Mondeville', 14000, 'COLOMBELLE'),
(400, 'LEGENDRE', 'Michel', '', '', '', '', '8 Rue St Norbert', 14000, 'CAEN'),
(401, 'LENNUYEUX', 'Pascal', '', '', '', '', 'Place Generale', 14370, 'ARGENCES'),
(402, 'MACHADO ALVES', 'Anthonio', '', '0641915019', '', '', '4 Rue De La Blanche Herbe', 14000, 'CAEN'),
(403, 'MOISSON', 'Michel', '', '', '', '', '42 Rue Louis Pasteur', 14123, 'FLEURY'),
(404, 'MOREL', 'Roger', '', '0624725918', '', '', '22 Rue De La République', 14540, 'ROCQUANCOURT'),
(405, 'NUGUE', 'Yvan', '', '', '', '', '58 Rue Comdant Lecoutour', 14000, 'CAEN'),
(406, 'PHILIPPE', 'Olivier', '0231234823', '', '', '', '13 Ter Route De Troarn', 14370, 'ARGENCES'),
(407, 'PIOCELLE', 'Laurent', '', '', '', '', 'Maison Relais', 14460, 'COLOMBELLES'),
(408, 'THUAUDAIT', 'Guillaume', '', '0617851645', '', '', '97 Rue D\\''Herouville Bat C', 14000, 'CAEN'),
(409, 'CORRADINI', 'Corradini', '02 31 84 09 00', '06 08 17 40 99', '02 31 84 11 66', 'vincent.corradini@cdtollens.fr', '50 Route De Paris', 14120, 'MONDEVILLE'),
(410, 'CALVIER', 'Aymerick', '', '0645755851', '', '', '38 Rue Du Dr Roux', 14120, 'MONDEVILLE'),
(411, 'FOUCHARD', 'Guy', '', '0760269681', '', '', '18 Rue Guillaume Appolinaire', 14000, 'CAEN'),
(412, 'DUPONT', 'Sébastien', '', '', '', '', '513 Chemin De Mondeville A Giberville', 14460, 'COLOMBELLES'),
(413, '0', '0', '', '', '', '', 'Chemin De Mondeville', 14460, 'COLOMBELLES'),
(414, 'DECAYEUX', 'Danielle', '', '0648676260', '', '', '31 Rue Du Devon', 14000, 'CAEN'),
(415, 'COEURET', 'Marcel', '', '0789654572', '', '', '2 Place Du Commando', 14970, 'BENOUVILLE'),
(416, 'MADELEINE', 'Philippe', '0231237804', '0789709649', '', '', '1009 Belles Porte', 14200, 'HEROUVILLE ST CLAIR'),
(417, 'FOUCHER', 'Nicolas', '', '', '', '', 'Rue Guilbert', 14000, 'CAEN'),
(418, 'RIBOT', 'Florence', '', '', '', '', '', 14000, 'CAEN'),
(419, '', '', '', '', '', '', 'Chemin De Mondeville', 14460, 'COLOMBELLE'),
(420, '', '', '', '', '', '', '', 14000, ''),
(421, 'ROORDA', 'Herman', '0231727106', '', '0231727118', 'herman.roorda@saint-gobain.com', 'Cours Montalivet', 14000, 'CAEN'),
(422, 'HIE', 'Patrick', '0231727100', '0674979636', '', 'patrick.hie@saint-gobain.com', '110 Cours Montalivet', 14000, 'CAEN'),
(423, 'LALANDE', 'Sylvain', '', '0785824495', '', '', '1 Rue Du Château D\\''Eau Appart 46', 14000, 'CAEN'),
(424, 'UDA SUD', '', '', '', '', '', '', 14000, ''),
(425, 'RUPHRIC-ROBERT', 'Denis', '0611225523', '', '', '', '13 Rue Haute Rue', 14112, 'BIEVILLE BEUVILLE'),
(426, 'DELAFOSSE', 'Julien', '02 31 72 99 71', '', '', '', 'Rue Des Frére Wiki', 14460, 'COLOMBELLES'),
(427, 'ROCANCOURT', 'Coisel', '', '', '', '', 'Le Tremplin Rue Du Calvados', 14000, 'CAEN'),
(428, 'DELAFOSSE', 'Julien', '02 31 72 41 52', '', '', '', '5 Rue Des Frères Wilkin', 14460, 'COLOMBELLES'),
(429, 'GUERIN', '0', '', '', '', '', '53 Rue De La Gare', 14000, 'CAEN'),
(430, 'LAURENT', 'Marion', '0231341398', '', '', '', '53 Rue De La Gare', 14000, 'CAEN'),
(431, 'MANSEL', 'Fanny', '02 31 46 76 86', '', '', '', '8 Rue Du Petit Clos St Marc', 14000, 'CAEN'),
(432, 'MAUGUIL', 'Delphine', '', '0682247803', '', '', '901 Rue Du Chemin Vert', 14123, 'IFS'),
(433, 'ACSEA', '', '', '', '', '', '0', 14123, 'FLEURY SUR ORNE'),
(434, 'ACSEA', '', '', '', '', '', '', 14123, 'IFS'),
(435, 'GLIGOROVSKI', 'Snézana', '02.61.32.31.17', '07.78.04.65.05', '', '', '305 Quartier Du Val', 14200, 'HEROUVILLE ST CLAIR'),
(436, 'LE COHVE', 'Thomas', '', '06.06.97.57.22', '', '', '16 Route De Troarn', 14850, 'ESCOVILLE'),
(437, 'ISABELLE', 'Julie', '', '', '', '', '', 14000, 'CAEN'),
(438, 'COLLET', 'Patricia', '', '0686547435', '', '', '50 Avenue Jean Vilar', 14123, 'IFS'),
(439, 'GROLLIER', 'Nathalie', '', '0789698995', '', '', 'Maison Relais Chemin De Mondeville', 14460, 'COLOMBELLE'),
(440, 'DIAS SANTOS', 'Artur - Jorge', '', '0666898626', '', '', '5 Route De Cabourg', 14460, 'COLOMBELLES'),
(441, 'SOTNIKOFF', 'Nicolas', '', '0771031364', '', '', 'Tremplin', 14000, 'CAEN'),
(442, 'KADZI ZEKA', 'Aimée Sylvie', '', '0762033794', '', 'sylviekadzi@laposte.net', '10 Avenue De La Concorde', 14000, 'CAEN'),
(443, 'HUREL', 'Fabien', '02.31.96.18.21', '0641830829', '', 'fafa.hu@live.fr', '20 Rue Du Dr Schweitzer Appart 17', 14150, 'OUISTREHAM'),
(444, 'ALAPERINE', '0', '', '', '', '', '12 Rue Des Primeveres', 14000, 'CAEN'),
(445, 'MARIE', 'Pascal', '', '0620593526', '', '', 'Maison Relais', 14460, 'COLOMBELLES'),
(446, 'SAINTE CROIX', '0', '', '', '', '', 'Bd Vanier', 14000, 'CAEN'),
(447, 'MARCELIN', 'Guillaume', '', '0667998375', '', '', 'Maison Relais', 14460, 'COLOMBELLES'),
(448, 'JEAN', 'Sebastien', '02 31 72 28 28', '', '', '', '55 Rue De La Liberté', 14730, 'GIBERVILLE'),
(449, 'FOUCHARD', 'Guy', '', '0760269681', '', '', '18 Rue Guillaume Appolinaire', 14000, 'CAEN'),
(450, 'LECOQ', 'Stanislas', '0789615925', '', '', '', 'Hotel Le Central', 14120, 'MONDEVILLE'),
(451, 'DAOUD', 'Zoubir', '0231833971', '0611208324', '', 'zizoud1972@hotmail.fr', '6 Rue Citée Libérée', 14460, 'COLOMBELLES'),
(452, 'M BURY', 'Victor', '', '', '', '', 'Chemin De Mondeville Maison Relais Appt 21', 14460, 'COLOMBELLES'),
(453, 'OSER', 'Sylvain', '', '0616193854', '', '', '4 Rue Guilbert', 14000, 'CAEN'),
(454, 'ARBAB ALI', 'Arbab', '', '0753191220', '', 'arbabali862@yahoo.fr', '1 Rue Roger Dechambre', 14000, 'CAEN'),
(455, 'MAIGRON', 'Florian', '0231753918', '', '', 'florianmaigron.pro@outlook.fr', '11 Rue Des Nauis', 14000, 'CAEN'),
(456, 'LEVASSEUR', 'Céline', '', '0695642518', '', 'levasseur180287@gmail.com', '128 Rue D\\''Authie', 14000, 'CAEN'),
(457, 'EROMOSELE', 'Loveth', '', '0652899265', '', '', 'Résidence 14 Allée Général Sismonos', 14123, 'IFS'),
(458, 'DEVOS', 'Paul', '0231477409', '0619513547', '', '', '15 Rue Chamoine Xavier St Paul', 14000, 'CAEN'),
(459, 'DELAHAYS', 'Corinne', '0231467686', '', '', '', '8 Rue Du Petit Clos St Marc', 14000, 'CAEN'),
(460, 'GAUSSON', 'Philippe', '02 31 26 06 0 6', '', '', '', 'Rue Des Monderaines', 14650, 'CARPIQUET'),
(461, 'M CHAMPROUX', 'Dominique', '', '', '', '', 'Res Dela Maison Relais Colombelles', 14460, 'COLOMBELLES'),
(462, 'AMANTAG', 'Fatiha', '0250106261', '', '', '', '6 Rue E La Cite Liberee', 14460, 'COLOMBELLES'),
(463, 'LESAGE', 'Didier', '', '06.15.67.61.96', '', '', '101 Rue Du Chemin Vert', 14000, 'CAEN'),
(464, 'CATHERINE', 'Adrien', '', '0754476519', '', '', 'Sajd 10 Rue Frementel', 14000, 'CAEN'),
(465, 'DELANGUE', 'Valérie', '0981198074', '', '', 'diego.delanghe@hotmail.fr', '1 Rue Capitairne Boualam', 14000, 'CAEN'),
(466, 'DESBOIS', 'Alexis', '0250509756', '0650381743', '', '', '22 Rue Du Vaugueux', 14000, 'CAEN'),
(467, 'OJO', 'Gladys', '', '0605659232', '', '', '15 Rue Elsa Tridet Log2', 14460, 'COLOMBELLES'),
(468, 'KHADRAOUI', 'Marouane', '', '0652250584', '', 'khalilmarouane@hotmail.fr', '183029935055040', 14000, 'CAEN'),
(469, 'PENNETIER', 'Lionel', '02.31.72.26.35', '', '', '', '6 Rue Des Carriesso', 14840, 'DEMOUVILLE'),
(470, 'GARNIER', '0', '', '', '', '', '38 Rue Basse', 14000, 'CAEN'),
(471, 'M HELFAYA', 'Steven', '', '', '', '', '19 Rue Du Devon La Folie Couvrechef', 14000, 'CAEN');

-- --------------------------------------------------------

--
-- Structure de la table `pl_association`
--

CREATE TABLE IF NOT EXISTS `pl_association` (
  `ASSOC_id` int(11) NOT NULL AUTO_INCREMENT,
  `SAL_NumSalarie` int(11) NOT NULL,
  `ENC_Num` int(11) NOT NULL,
  `CRE_id` int(11) NOT NULL,
  `PL_id` int(11) NOT NULL,
  `ASSOC_date` date NOT NULL,
  `ASSOC_Archi` tinyint(1) NOT NULL DEFAULT '0',
  PRIMARY KEY (`ASSOC_id`),
  KEY `ref_pers` (`SAL_NumSalarie`,`ENC_Num`),
  KEY `ref_encad` (`ENC_Num`),
  KEY `fk_pl_cre_inser` (`CRE_id`),
  KEY `PL_id` (`PL_id`)
) ENGINE=InnoDB  DEFAULT CHARSET=latin1 AUTO_INCREMENT=2082 ;

--
-- Contenu de la table `pl_association`
--

INSERT INTO `pl_association` (`ASSOC_id`, `SAL_NumSalarie`, `ENC_Num`, `CRE_id`, `PL_id`, `ASSOC_date`, `ASSOC_Archi`) VALUES
(648, 66, 8, 1, 1, '2015-04-13', 0),
(649, 66, 8, 2, 1, '2015-04-13', 0),
(650, 57, 27, 1, 1, '2015-04-13', 0),
(651, 60, 27, 1, 1, '2015-04-13', 0),
(652, 59, 27, 1, 1, '2015-04-13', 0),
(653, 57, 27, 2, 1, '2015-04-13', 0),
(654, 60, 27, 2, 1, '2015-04-13', 0),
(655, 59, 27, 2, 1, '2015-04-13', 0),
(656, 66, 8, 3, 1, '2015-04-13', 0),
(657, 66, 8, 4, 1, '2015-04-13', 0),
(658, 57, 27, 3, 1, '2015-04-13', 0),
(659, 60, 27, 3, 1, '2015-04-13', 0),
(660, 59, 27, 3, 1, '2015-04-13', 0),
(661, 66, 27, 3, 1, '2015-04-13', 0),
(662, 57, 27, 4, 1, '2015-04-13', 0),
(663, 60, 27, 4, 1, '2015-04-13', 0),
(664, 59, 27, 4, 1, '2015-04-13', 0),
(665, 66, 8, 5, 1, '2015-04-13', 0),
(666, 66, 8, 6, 1, '2015-04-13', 0),
(667, 57, 27, 5, 1, '2015-04-13', 0),
(668, 60, 27, 5, 1, '2015-04-13', 0),
(669, 61, 27, 5, 1, '2015-04-13', 0),
(670, 57, 27, 6, 1, '2015-04-13', 0),
(671, 60, 27, 6, 1, '2015-04-13', 0),
(672, 61, 27, 6, 1, '2015-04-13', 0),
(673, 59, 27, 7, 1, '2015-04-13', 0),
(674, 61, 27, 7, 1, '2015-04-13', 0),
(675, 59, 27, 8, 1, '2015-04-13', 0),
(676, 61, 27, 8, 1, '2015-04-13', 0),
(677, 61, 27, 9, 1, '2015-04-13', 0),
(678, 61, 27, 10, 1, '2015-04-13', 0),
(1177, 57, 8, 1, 1, '2015-04-20', 0),
(1178, 57, 8, 2, 1, '2015-04-20', 0),
(1179, 60, 8, 3, 1, '2015-04-20', 0),
(1180, 60, 8, 4, 1, '2015-04-20', 0),
(1181, 60, 8, 5, 1, '2015-04-20', 0),
(1182, 60, 8, 6, 1, '2015-04-20', 0),
(1183, 57, 8, 3, 1, '2015-04-20', 0),
(1184, 57, 8, 4, 1, '2015-04-20', 0),
(1185, 57, 8, 5, 1, '2015-04-20', 0),
(1186, 57, 8, 6, 1, '2015-04-20', 0),
(1187, 60, 8, 1, 1, '2015-04-20', 0),
(1188, 60, 8, 2, 1, '2015-04-20', 0),
(1189, 59, 8, 1, 1, '2015-04-20', 0),
(1190, 59, 8, 2, 1, '2015-04-20', 0),
(1191, 59, 8, 3, 1, '2015-04-20', 0),
(1192, 59, 8, 4, 1, '2015-04-20', 0),
(1193, 59, 8, 7, 1, '2015-04-20', 0),
(1194, 59, 8, 8, 1, '2015-04-20', 0),
(1195, 61, 8, 7, 1, '2015-04-20', 0),
(1196, 61, 8, 8, 1, '2015-04-20', 0),
(1197, 61, 8, 9, 1, '2015-04-20', 0),
(1198, 61, 8, 10, 1, '2015-04-20', 0),
(1199, 66, 8, 1, 1, '2015-04-20', 0),
(1200, 66, 8, 2, 1, '2015-04-20', 0),
(1201, 66, 8, 3, 1, '2015-04-20', 0),
(1202, 66, 8, 4, 1, '2015-04-20', 0),
(1203, 66, 8, 5, 1, '2015-04-20', 0),
(1204, 66, 8, 6, 1, '2015-04-20', 0),
(1205, 66, 8, 9, 1, '2015-04-20', 0),
(1206, 66, 8, 10, 1, '2015-04-20', 0),
(1207, 65, 27, 1, 1, '2015-04-20', 0),
(1208, 65, 27, 3, 1, '2015-04-20', 0),
(1209, 65, 27, 5, 1, '2015-04-20', 0),
(1210, 65, 27, 7, 1, '2015-04-20', 0),
(1211, 65, 27, 9, 1, '2015-04-20', 0),
(1212, 65, 8, 1, 1, '2015-04-20', 0),
(1213, 65, 8, 2, 1, '2015-04-20', 0),
(1214, 65, 8, 3, 1, '2015-04-20', 0),
(1215, 65, 8, 4, 1, '2015-04-20', 0),
(1216, 65, 8, 5, 1, '2015-04-20', 0),
(1217, 65, 8, 6, 1, '2015-04-20', 0),
(1218, 65, 8, 7, 1, '2015-04-20', 0),
(1219, 65, 8, 8, 1, '2015-04-20', 0),
(1220, 65, 8, 9, 1, '2015-04-20', 0),
(1221, 65, 8, 10, 1, '2015-04-20', 0),
(1222, 149, 8, 1, 1, '2015-04-20', 0),
(1223, 149, 8, 2, 1, '2015-04-20', 0),
(1224, 149, 8, 7, 1, '2015-04-20', 0),
(1225, 149, 8, 8, 1, '2015-04-20', 0),
(1226, 149, 8, 9, 1, '2015-04-20', 0),
(1227, 149, 8, 10, 1, '2015-04-20', 0),
(1228, 63, 8, 1, 1, '2015-04-20', 0),
(1229, 63, 8, 2, 1, '2015-04-20', 0),
(1230, 63, 8, 3, 1, '2015-04-20', 0),
(1231, 63, 8, 4, 1, '2015-04-20', 0),
(1232, 63, 8, 5, 1, '2015-04-20', 0),
(1233, 63, 8, 6, 1, '2015-04-20', 0),
(1234, 68, 8, 3, 1, '2015-04-20', 0),
(1235, 68, 8, 4, 1, '2015-04-20', 0),
(1236, 68, 8, 7, 1, '2015-04-20', 0),
(1237, 68, 8, 8, 1, '2015-04-20', 0),
(1238, 68, 8, 9, 1, '2015-04-20', 0),
(1239, 68, 8, 10, 1, '2015-04-20', 0),
(1240, 63, 8, 1, 1, '2015-04-27', 1),
(1241, 63, 8, 3, 1, '2015-04-27', 1),
(1242, 57, 27, 1, 1, '2015-04-27', 1),
(1243, 57, 27, 2, 1, '2015-04-27', 1),
(1478, 66, 141, 3, 1, '2015-04-06', 0),
(1479, 65, 141, 3, 1, '2015-04-06', 0),
(1480, 67, 141, 3, 1, '2015-04-06', 0),
(1481, 65, 141, 4, 1, '2015-04-06', 0),
(1482, 68, 141, 4, 1, '2015-04-06', 0),
(1483, 67, 141, 4, 1, '2015-04-06', 0),
(1484, 66, 141, 5, 1, '2015-04-06', 0),
(1485, 65, 141, 5, 1, '2015-04-06', 0),
(1486, 68, 141, 5, 1, '2015-04-06', 0),
(1487, 138, 141, 5, 1, '2015-04-06', 0),
(1488, 67, 141, 5, 1, '2015-04-06', 0),
(1489, 66, 141, 6, 1, '2015-04-06', 0),
(1490, 65, 141, 6, 1, '2015-04-06', 0),
(1491, 68, 141, 6, 1, '2015-04-06', 0),
(1492, 138, 141, 6, 1, '2015-04-06', 0),
(1493, 67, 141, 6, 1, '2015-04-06', 0),
(1494, 65, 141, 7, 1, '2015-04-06', 0),
(1495, 149, 141, 7, 1, '2015-04-06', 0),
(1496, 68, 141, 7, 1, '2015-04-06', 0),
(1497, 138, 141, 7, 1, '2015-04-06', 0),
(1498, 66, 141, 9, 1, '2015-04-06', 0),
(1499, 65, 141, 9, 1, '2015-04-06', 0),
(1500, 149, 141, 9, 1, '2015-04-06', 0),
(1501, 68, 141, 9, 1, '2015-04-06', 0),
(1502, 138, 141, 9, 1, '2015-04-06', 0),
(1503, 66, 141, 10, 1, '2015-04-06', 0),
(1504, 65, 141, 10, 1, '2015-04-06', 0),
(1505, 149, 141, 10, 1, '2015-04-06', 0),
(1506, 68, 141, 10, 1, '2015-04-06', 0),
(1507, 138, 141, 10, 1, '2015-04-06', 0),
(1577, 194, 8, 1, 1, '2015-06-01', 0),
(1578, 66, 8, 1, 1, '2015-06-01', 0),
(1579, 65, 8, 1, 1, '2015-06-01', 0),
(1580, 63, 8, 1, 1, '2015-06-01', 0),
(1581, 194, 8, 2, 1, '2015-06-01', 0),
(1582, 66, 8, 2, 1, '2015-06-01', 0),
(1583, 65, 8, 2, 1, '2015-06-01', 0),
(1584, 63, 8, 2, 1, '2015-06-01', 0),
(1585, 57, 27, 1, 1, '2015-06-01', 0),
(1586, 59, 27, 1, 1, '2015-06-01', 0),
(1587, 60, 27, 1, 1, '2015-06-01', 0),
(1588, 149, 27, 1, 1, '2015-06-01', 0),
(1589, 57, 27, 2, 1, '2015-06-01', 0),
(1590, 59, 27, 2, 1, '2015-06-01', 0),
(1591, 60, 27, 2, 1, '2015-06-01', 0),
(1592, 149, 27, 2, 1, '2015-06-01', 0),
(1593, 66, 8, 3, 1, '2015-06-01', 0),
(1594, 65, 8, 3, 1, '2015-06-01', 0),
(1595, 63, 8, 3, 1, '2015-06-01', 0),
(1596, 68, 8, 3, 1, '2015-06-01', 0),
(1597, 138, 8, 3, 1, '2015-06-01', 0),
(1598, 66, 8, 4, 1, '2015-06-01', 0),
(1599, 65, 8, 4, 1, '2015-06-01', 0),
(1600, 63, 8, 4, 1, '2015-06-01', 0),
(1601, 68, 8, 4, 1, '2015-06-01', 0),
(1602, 138, 8, 4, 1, '2015-06-01', 0),
(1603, 57, 27, 3, 1, '2015-06-01', 0),
(1604, 59, 27, 3, 1, '2015-06-01', 0),
(1605, 60, 27, 3, 1, '2015-06-01', 0),
(1606, 57, 27, 4, 1, '2015-06-01', 0),
(1607, 59, 27, 4, 1, '2015-06-01', 0),
(1608, 60, 27, 4, 1, '2015-06-01', 0),
(1609, 149, 8, 5, 1, '2015-06-01', 0),
(1610, 66, 8, 5, 1, '2015-06-01', 0),
(1611, 65, 8, 5, 1, '2015-06-01', 0),
(1612, 63, 8, 5, 1, '2015-06-01', 0),
(1613, 68, 8, 5, 1, '2015-06-01', 0),
(1614, 138, 8, 5, 1, '2015-06-01', 0),
(1615, 149, 8, 6, 1, '2015-06-01', 0),
(1616, 66, 8, 6, 1, '2015-06-01', 0),
(1617, 65, 8, 6, 1, '2015-06-01', 0),
(1618, 63, 8, 6, 1, '2015-06-01', 0),
(1619, 68, 8, 6, 1, '2015-06-01', 0),
(1620, 138, 8, 6, 1, '2015-06-01', 0),
(1621, 57, 27, 5, 1, '2015-06-01', 0),
(1622, 60, 27, 5, 1, '2015-06-01', 0),
(1623, 149, 27, 5, 1, '2015-06-01', 0),
(1624, 61, 27, 5, 1, '2015-06-01', 0),
(1625, 57, 27, 6, 1, '2015-06-01', 0),
(1626, 60, 27, 6, 1, '2015-06-01', 0),
(1627, 149, 27, 6, 1, '2015-06-01', 0),
(1628, 61, 27, 6, 1, '2015-06-01', 0),
(1629, 149, 8, 7, 1, '2015-06-01', 0),
(1630, 194, 8, 7, 1, '2015-06-01', 0),
(1631, 66, 8, 7, 1, '2015-06-01', 0),
(1632, 65, 8, 7, 1, '2015-06-01', 0),
(1633, 68, 8, 7, 1, '2015-06-01', 0),
(1634, 138, 8, 7, 1, '2015-06-01', 0),
(1635, 149, 8, 8, 1, '2015-06-01', 0),
(1636, 194, 8, 8, 1, '2015-06-01', 0),
(1637, 66, 8, 8, 1, '2015-06-01', 0),
(1638, 65, 8, 8, 1, '2015-06-01', 0),
(1639, 68, 8, 8, 1, '2015-06-01', 0),
(1640, 138, 8, 8, 1, '2015-06-01', 0),
(1641, 59, 27, 7, 1, '2015-06-01', 0),
(1642, 149, 27, 7, 1, '2015-06-01', 0),
(1643, 61, 27, 7, 1, '2015-06-01', 0),
(1644, 59, 27, 8, 1, '2015-06-01', 0),
(1645, 149, 27, 8, 1, '2015-06-01', 0),
(1646, 61, 27, 8, 1, '2015-06-01', 0),
(1647, 149, 8, 9, 1, '2015-06-01', 0),
(1648, 194, 8, 9, 1, '2015-06-01', 0),
(1649, 66, 8, 9, 1, '2015-06-01', 0),
(1650, 65, 8, 9, 1, '2015-06-01', 0),
(1651, 68, 8, 9, 1, '2015-06-01', 0),
(1652, 138, 8, 9, 1, '2015-06-01', 0),
(1653, 149, 8, 10, 1, '2015-06-01', 0),
(1654, 194, 8, 10, 1, '2015-06-01', 0),
(1655, 66, 8, 10, 1, '2015-06-01', 0),
(1656, 65, 8, 10, 1, '2015-06-01', 0),
(1657, 68, 8, 10, 1, '2015-06-01', 0),
(1658, 138, 8, 10, 1, '2015-06-01', 0),
(1659, 149, 27, 9, 1, '2015-06-01', 0),
(1660, 61, 27, 9, 1, '2015-06-01', 0),
(1661, 149, 27, 10, 1, '2015-06-01', 0),
(1662, 61, 27, 10, 1, '2015-06-01', 0),
(1670, 69, 27, 1, 1, '2015-06-08', 0),
(1671, 91, 28, 2, 1, '2015-06-08', 0),
(1672, 91, 28, 4, 1, '2015-06-08', 0),
(1673, 69, 27, 6, 1, '2015-06-08', 0),
(1674, 69, 27, 7, 1, '2015-06-08', 0),
(1675, 91, 28, 8, 1, '2015-06-08', 0),
(1676, 69, 27, 9, 1, '2015-06-08', 0),
(1677, 75, 8, 1, 1, '2015-06-08', 0),
(1678, 75, 8, 4, 1, '2015-06-08', 0),
(1679, 138, 25, 3, 1, '2015-06-08', 0),
(1680, 138, 25, 6, 1, '2015-06-08', 0),
(1741, 66, 8, 1, 1, '2015-07-13', 0),
(1742, 63, 8, 1, 1, '2015-07-13', 0),
(1743, 194, 8, 1, 1, '2015-07-13', 0),
(1744, 203, 8, 1, 1, '2015-07-13', 0),
(1745, 66, 8, 2, 1, '2015-07-13', 0),
(1746, 63, 8, 2, 1, '2015-07-13', 0),
(1747, 194, 8, 2, 1, '2015-07-13', 0),
(1748, 203, 8, 2, 1, '2015-07-13', 0),
(1749, 59, 27, 1, 1, '2015-07-13', 0),
(1750, 57, 27, 1, 1, '2015-07-13', 0),
(1751, 60, 27, 1, 1, '2015-07-13', 0),
(1752, 59, 27, 2, 1, '2015-07-13', 0),
(1753, 57, 27, 2, 1, '2015-07-13', 0),
(1754, 60, 27, 2, 1, '2015-07-13', 0),
(1755, 66, 8, 5, 1, '2015-07-13', 0),
(1756, 63, 8, 5, 1, '2015-07-13', 0),
(1757, 203, 8, 5, 1, '2015-07-13', 0),
(1758, 138, 8, 5, 1, '2015-07-13', 0),
(1759, 66, 8, 6, 1, '2015-07-13', 0),
(1760, 63, 8, 6, 1, '2015-07-13', 0),
(1761, 203, 8, 6, 1, '2015-07-13', 0),
(1762, 138, 8, 6, 1, '2015-07-13', 0),
(1763, 57, 27, 5, 1, '2015-07-13', 0),
(1764, 60, 27, 5, 1, '2015-07-13', 0),
(1765, 61, 27, 5, 1, '2015-07-13', 0),
(1766, 149, 27, 5, 1, '2015-07-13', 0),
(1767, 57, 27, 6, 1, '2015-07-13', 0),
(1768, 60, 27, 6, 1, '2015-07-13', 0),
(1769, 61, 27, 6, 1, '2015-07-13', 0),
(1770, 149, 27, 6, 1, '2015-07-13', 0),
(1771, 194, 8, 7, 1, '2015-07-13', 0),
(1772, 203, 8, 7, 1, '2015-07-13', 0),
(1773, 138, 8, 7, 1, '2015-07-13', 0),
(1774, 68, 8, 7, 1, '2015-07-13', 0),
(1775, 194, 8, 8, 1, '2015-07-13', 0),
(1776, 203, 8, 8, 1, '2015-07-13', 0),
(1777, 138, 8, 8, 1, '2015-07-13', 0),
(1778, 68, 8, 8, 1, '2015-07-13', 0),
(1779, 61, 27, 7, 1, '2015-07-13', 0),
(1780, 149, 27, 7, 1, '2015-07-13', 0),
(1781, 59, 27, 7, 1, '2015-07-13', 0),
(1782, 61, 27, 8, 1, '2015-07-13', 0),
(1783, 149, 27, 8, 1, '2015-07-13', 0),
(1784, 59, 27, 8, 1, '2015-07-13', 0),
(1785, 66, 8, 9, 1, '2015-07-13', 0),
(1786, 194, 8, 9, 1, '2015-07-13', 0),
(1787, 138, 8, 9, 1, '2015-07-13', 0),
(1788, 68, 8, 9, 1, '2015-07-13', 0),
(1789, 66, 8, 10, 1, '2015-07-13', 0),
(1790, 194, 8, 10, 1, '2015-07-13', 0),
(1791, 138, 8, 10, 1, '2015-07-13', 0),
(1792, 68, 8, 10, 1, '2015-07-13', 0),
(1793, 61, 27, 9, 1, '2015-07-13', 0),
(1794, 149, 27, 9, 1, '2015-07-13', 0),
(1795, 61, 27, 10, 1, '2015-07-13', 0),
(1796, 149, 27, 10, 1, '2015-07-13', 0),
(1797, 149, 29, 7, 1, '2015-07-20', 0),
(1798, 149, 29, 8, 1, '2015-07-20', 0),
(1799, 76, 2, 1, 1, '2015-07-20', 0),
(1800, 76, 2, 2, 1, '2015-07-20', 0),
(1801, 76, 2, 3, 1, '2015-07-20', 0),
(1802, 76, 2, 4, 1, '2015-07-20', 0),
(1803, 76, 2, 5, 1, '2015-07-20', 0),
(1804, 76, 2, 6, 1, '2015-07-20', 0),
(1805, 76, 2, 7, 1, '2015-07-20', 0),
(1806, 76, 2, 8, 1, '2015-07-20', 0),
(1807, 76, 2, 9, 1, '2015-07-20', 0),
(1808, 76, 2, 10, 1, '2015-07-20', 0),
(1809, 69, 29, 3, 1, '2015-07-20', 0),
(1810, 69, 29, 4, 1, '2015-07-20', 0),
(1811, 69, 29, 5, 1, '2015-07-20', 0),
(1812, 69, 29, 6, 1, '2015-07-20', 0),
(1899, 177, 8, 1, 3, '2015-09-14', 0),
(1900, 196, 8, 1, 3, '2015-09-14', 0),
(1901, 177, 8, 2, 3, '2015-09-14', 0),
(1902, 196, 8, 2, 3, '2015-09-14', 0),
(1903, 177, 8, 3, 3, '2015-09-14', 0),
(1904, 196, 8, 3, 3, '2015-09-14', 0),
(1905, 177, 8, 4, 3, '2015-09-14', 0),
(1906, 196, 8, 4, 3, '2015-09-14', 0),
(1932, 76, 2, 1, 1, '2015-08-24', 0),
(1933, 76, 2, 2, 1, '2015-08-24', 0),
(1934, 76, 2, 3, 1, '2015-08-24', 0),
(1935, 76, 2, 4, 1, '2015-08-24', 0),
(1936, 76, 2, 5, 1, '2015-08-24', 0),
(1937, 76, 2, 6, 1, '2015-08-24', 0),
(1938, 76, 2, 7, 1, '2015-08-24', 0),
(1939, 76, 2, 8, 1, '2015-08-24', 0),
(1940, 76, 2, 9, 1, '2015-08-24', 0),
(1941, 76, 2, 10, 1, '2015-08-24', 0),
(1942, 193, 11, 1, 1, '2015-08-31', 1),
(1943, 193, 11, 2, 1, '2015-08-31', 1),
(1944, 193, 11, 3, 1, '2015-08-31', 1),
(1945, 193, 11, 4, 1, '2015-08-31', 1),
(1946, 193, 11, 5, 1, '2015-08-31', 1),
(1947, 193, 11, 10, 1, '2015-08-31', 1),
(1948, 198, 11, 3, 1, '2015-08-31', 1),
(1949, 198, 11, 4, 1, '2015-08-31', 1),
(1950, 198, 11, 6, 1, '2015-08-31', 1),
(1951, 198, 11, 7, 1, '2015-08-31', 1),
(1952, 198, 11, 8, 1, '2015-08-31', 1),
(1953, 198, 11, 9, 1, '2015-08-31', 1),
(1954, 203, 9, 5, 1, '2015-08-31', 1),
(1955, 203, 9, 6, 1, '2015-08-31', 1),
(1956, 203, 9, 7, 1, '2015-08-31', 1),
(1957, 203, 9, 8, 1, '2015-08-31', 1),
(1958, 203, 9, 9, 1, '2015-08-31', 1),
(1959, 73, 9, 1, 1, '2015-08-31', 1),
(1960, 73, 9, 5, 1, '2015-08-31', 1),
(1961, 73, 9, 6, 1, '2015-08-31', 1),
(1962, 73, 9, 7, 1, '2015-08-31', 1),
(1963, 73, 9, 9, 1, '2015-08-31', 1),
(1964, 73, 9, 10, 1, '2015-08-31', 1),
(1977, 153, 2, 1, 2, '2015-08-31', 0),
(1978, 153, 2, 2, 2, '2015-08-31', 0),
(1979, 153, 2, 3, 2, '2015-08-31', 0),
(1980, 153, 2, 4, 2, '2015-08-31', 0),
(1981, 153, 2, 5, 2, '2015-08-31', 0),
(1982, 153, 2, 6, 2, '2015-08-31', 0),
(1983, 153, 2, 7, 2, '2015-08-31', 0),
(1984, 153, 2, 8, 2, '2015-08-31', 0),
(1985, 153, 2, 9, 2, '2015-08-31', 0),
(1986, 153, 2, 10, 2, '2015-08-31', 0),
(1987, 160, 11, 1, 2, '2015-09-07', 1),
(1988, 160, 11, 2, 2, '2015-09-07', 1),
(1989, 160, 11, 5, 2, '2015-09-07', 1),
(1990, 160, 11, 6, 2, '2015-09-07', 1),
(1991, 160, 11, 7, 2, '2015-09-07', 1),
(1992, 160, 11, 8, 2, '2015-09-07', 1),
(2056, 177, 8, 1, 3, '2015-09-21', 0),
(2057, 196, 8, 1, 3, '2015-09-21', 0),
(2058, 177, 8, 2, 3, '2015-09-21', 0),
(2059, 196, 8, 2, 3, '2015-09-21', 0),
(2060, 177, 8, 3, 3, '2015-09-21', 0),
(2061, 196, 8, 3, 3, '2015-09-21', 0),
(2062, 177, 8, 4, 3, '2015-09-21', 0),
(2063, 196, 8, 4, 3, '2015-09-21', 0),
(2064, 72, 8, 7, 3, '2015-09-21', 0),
(2065, 72, 8, 8, 3, '2015-09-21', 0),
(2066, 177, 8, 1, 3, '2015-09-28', 1),
(2067, 196, 8, 1, 3, '2015-09-28', 1),
(2068, 177, 8, 2, 3, '2015-09-28', 1),
(2069, 196, 8, 2, 3, '2015-09-28', 1),
(2070, 142, 10, 1, 3, '2015-09-28', 1),
(2071, 142, 10, 2, 3, '2015-09-28', 1),
(2072, 177, 8, 3, 3, '2015-09-28', 1),
(2073, 196, 8, 3, 3, '2015-09-28', 1),
(2074, 177, 8, 4, 3, '2015-09-28', 1),
(2075, 196, 8, 4, 3, '2015-09-28', 1),
(2076, 142, 10, 3, 3, '2015-09-28', 1),
(2077, 142, 10, 4, 3, '2015-09-28', 1),
(2078, 142, 10, 5, 3, '2015-09-28', 1),
(2079, 142, 10, 6, 3, '2015-09-28', 1),
(2080, 142, 10, 7, 3, '2015-09-28', 1),
(2081, 142, 10, 8, 3, '2015-09-28', 1);

-- --------------------------------------------------------

--
-- Structure de la table `pl_creneau`
--

CREATE TABLE IF NOT EXISTS `pl_creneau` (
  `CRE_id` int(11) NOT NULL AUTO_INCREMENT,
  `libelle` varchar(25) CHARACTER SET utf8 NOT NULL,
  PRIMARY KEY (`CRE_id`),
  UNIQUE KEY `libelle` (`libelle`)
) ENGINE=InnoDB  DEFAULT CHARSET=latin1 AUTO_INCREMENT=11 ;

--
-- Contenu de la table `pl_creneau`
--

INSERT INTO `pl_creneau` (`CRE_id`, `libelle`) VALUES
(8, 'jeudi_apresmidi'),
(7, 'jeudi_matin'),
(2, 'lundi_apresmidi'),
(1, 'lundi_matin'),
(4, 'mardi_apresmidi'),
(3, 'mardi_matin'),
(6, 'mercredi_apresmidi'),
(5, 'mercredi_matin'),
(10, 'vendredi_apresmidi'),
(9, 'vendredi_matin');

-- --------------------------------------------------------

--
-- Structure de la table `prescripteurs`
--

CREATE TABLE IF NOT EXISTS `prescripteurs` (
  `PRE_Id` int(11) NOT NULL AUTO_INCREMENT,
  `PRE_Nom` varchar(45) DEFAULT NULL,
  PRIMARY KEY (`PRE_Id`)
) ENGINE=InnoDB  DEFAULT CHARSET=utf8 AUTO_INCREMENT=23 ;

--
-- Contenu de la table `prescripteurs`
--

INSERT INTO `prescripteurs` (`PRE_Id`, `PRE_Nom`) VALUES
(1, 'Pôle Emploi'),
(2, 'AFPA'),
(3, 'SPIP'),
(4, 'CMS Colombelles'),
(5, 'Actif et Dynamic'),
(6, 'Cap Emploi'),
(7, 'ENEFA'),
(8, 'Centre Socio Culturel Chemin Vert'),
(9, 'ADOMA Cotonniere'),
(10, 'Mission Locale'),
(11, 'SAJD'),
(12, 'Adoma Gdd'),
(13, 'Service Secteur Social'),
(14, 'Cms Bourguebus'),
(15, 'Ccas Caen'),
(16, 'Pole Accueil Caen Sud (Salvatore Cocuzza)'),
(17, 'Ccas Mondeville'),
(18, 'Centre Medico Social'),
(19, 'Maison Relaie'),
(20, 'Cao'),
(21, 'Maison Relais'),
(22, 'Dga - Conseil Général');

-- --------------------------------------------------------

--
-- Structure de la table `referents`
--

CREATE TABLE IF NOT EXISTS `referents` (
  `REF_NumRef` int(11) NOT NULL,
  `PER_Num` int(11) NOT NULL,
  `PRE_Id` int(11) NOT NULL,
  PRIMARY KEY (`REF_NumRef`),
  KEY `fk_Referent_Personnes1_idx` (`PER_Num`),
  KEY `fk_Referents_Prescripteurs1_idx` (`PRE_Id`)
) ENGINE=InnoDB DEFAULT CHARSET=utf8;

--
-- Contenu de la table `referents`
--

INSERT INTO `referents` (`REF_NumRef`, `PER_Num`, `PRE_Id`) VALUES
(97, 106, 10),
(98, 107, 1),
(99, 108, 1),
(100, 109, 1),
(101, 110, 1),
(102, 112, 2),
(103, 114, 10),
(104, 115, 3),
(105, 116, 4),
(106, 117, 5),
(107, 118, 6),
(108, 119, 7),
(109, 120, 8),
(110, 121, 1),
(111, 122, 9),
(112, 123, 11),
(113, 371, 12),
(114, 381, 13),
(115, 382, 14),
(116, 384, 15),
(117, 386, 7),
(118, 387, 16),
(119, 388, 17),
(120, 389, 15),
(121, 390, 18),
(122, 391, 18),
(123, 392, 1),
(124, 393, 18),
(125, 394, 18),
(126, 395, 18),
(127, 413, 19),
(128, 417, 20),
(129, 418, 13),
(130, 419, 21),
(131, 420, 22),
(132, 424, 13),
(133, 434, 2),
(134, 437, 10);

-- --------------------------------------------------------

--
-- Structure de la table `repas`
--

CREATE TABLE IF NOT EXISTS `repas` (
  `REP_ID` int(11) NOT NULL AUTO_INCREMENT,
  `REP_Entrée` varchar(45) DEFAULT NULL,
  `REP_Plat` varchar(45) DEFAULT NULL,
  `REP_Dessert` varchar(45) DEFAULT NULL,
  `REP_Boisson` varchar(45) DEFAULT NULL,
  PRIMARY KEY (`REP_ID`)
) ENGINE=InnoDB DEFAULT CHARSET=utf8 AUTO_INCREMENT=1 ;

-- --------------------------------------------------------

--
-- Structure de la table `salaries`
--

CREATE TABLE IF NOT EXISTS `salaries` (
  `SAL_NumSalarie` int(5) NOT NULL AUTO_INCREMENT,
  `PER_Num` int(11) NOT NULL,
  `TYP_Id` int(11) NOT NULL,
  `SAL_Actif` tinyint(1) NOT NULL DEFAULT '1',
  `FCT_Id` int(11) NOT NULL,
  PRIMARY KEY (`SAL_NumSalarie`),
  KEY `fk_Salaries_Personnes1_idx` (`PER_Num`),
  KEY `fk_Salaries_Type1_idx` (`TYP_Id`),
  KEY `fk_Salaries_Fonction1_idx` (`FCT_Id`)
) ENGINE=InnoDB  DEFAULT CHARSET=utf8 AUTO_INCREMENT=207 ;

--
-- Contenu de la table `salaries`
--

INSERT INTO `salaries` (`SAL_NumSalarie`, `PER_Num`, `TYP_Id`, `SAL_Actif`, `FCT_Id`) VALUES
(2, 2, 2, 1, 4),
(3, 3, 2, 1, 5),
(4, 4, 2, 1, 6),
(5, 5, 2, 1, 7),
(6, 6, 2, 1, 5),
(7, 7, 2, 1, 5),
(8, 8, 2, 1, 4),
(9, 9, 2, 1, 4),
(10, 10, 2, 1, 4),
(11, 11, 2, 1, 4),
(12, 12, 2, 1, 8),
(13, 13, 2, 1, 9),
(15, 15, 2, 1, 29),
(16, 16, 2, 1, 29),
(17, 17, 2, 1, 29),
(18, 18, 2, 1, 1),
(23, 23, 2, 1, 29),
(24, 24, 2, 1, 29),
(25, 25, 2, 1, 4),
(26, 26, 2, 1, 29),
(27, 27, 2, 1, 4),
(28, 28, 2, 1, 4),
(29, 29, 2, 1, 4),
(30, 30, 2, 1, 4),
(32, 32, 2, 1, 29),
(33, 33, 2, 1, 5),
(34, 34, 2, 1, 10),
(35, 35, 2, 1, 1),
(36, 36, 2, 1, 29),
(37, 37, 2, 1, 29),
(38, 38, 2, 1, 29),
(39, 39, 2, 1, 29),
(40, 40, 2, 1, 29),
(41, 41, 2, 1, 29),
(42, 42, 2, 1, 29),
(43, 43, 2, 1, 29),
(44, 44, 2, 1, 29),
(45, 45, 2, 1, 29),
(46, 46, 2, 1, 29),
(47, 47, 2, 1, 29),
(48, 48, 2, 1, 29),
(49, 49, 2, 1, 29),
(50, 50, 2, 1, 29),
(51, 51, 2, 1, 29),
(52, 52, 2, 1, 1),
(53, 53, 2, 1, 29),
(54, 54, 2, 1, 29),
(55, 55, 2, 1, 29),
(56, 56, 2, 1, 29),
(57, 61, 8, 1, 0),
(58, 63, 8, 1, 0),
(59, 65, 8, 1, 0),
(60, 66, 8, 1, 0),
(61, 67, 8, 1, 0),
(62, 68, 8, 0, 0),
(63, 69, 8, 1, 0),
(64, 70, 8, 1, 0),
(65, 72, 8, 0, 0),
(66, 74, 8, 1, 0),
(67, 75, 8, 1, 0),
(68, 76, 8, 1, 0),
(69, 77, 8, 1, 0),
(70, 78, 8, 0, 0),
(71, 79, 8, 1, 0),
(72, 80, 7, 1, 0),
(73, 81, 8, 1, 0),
(74, 82, 8, 1, 0),
(75, 83, 8, 1, 0),
(76, 84, 8, 1, 0),
(77, 85, 8, 1, 0),
(78, 86, 8, 1, 0),
(79, 87, 8, 1, 0),
(80, 88, 8, 1, 0),
(81, 89, 8, 1, 0),
(82, 90, 8, 1, 0),
(83, 91, 8, 0, 0),
(84, 92, 8, 1, 0),
(85, 93, 8, 0, 0),
(86, 94, 8, 1, 0),
(87, 95, 8, 1, 0),
(88, 96, 8, 0, 0),
(89, 97, 8, 1, 0),
(90, 98, 8, 1, 0),
(91, 99, 8, 0, 0),
(93, 101, 8, 0, 0),
(94, 102, 8, 1, 0),
(95, 103, 8, 0, 0),
(113, 124, 5, 1, 29),
(114, 125, 5, 1, 2),
(115, 126, 5, 1, 29),
(116, 127, 5, 1, 29),
(117, 128, 5, 1, 29),
(118, 129, 5, 1, 29),
(119, 130, 5, 1, 22),
(120, 131, 5, 1, 22),
(121, 132, 5, 1, 29),
(122, 133, 5, 1, 29),
(123, 134, 5, 1, 29),
(124, 135, 5, 1, 29),
(131, 142, 2, 1, 27),
(132, 143, 2, 1, 5),
(133, 144, 2, 1, 5),
(135, 146, 2, 1, 5),
(136, 147, 2, 1, 28),
(137, 348, 8, 1, 0),
(138, 349, 8, 1, 0),
(139, 350, 8, 0, 0),
(140, 351, 8, 0, 0),
(141, 355, 2, 1, 4),
(142, 359, 7, 1, 0),
(144, 361, 8, 1, 0),
(145, 362, 7, 1, 0),
(147, 363, 8, 1, 0),
(148, 368, 8, 1, 0),
(149, 369, 8, 1, 0),
(150, 370, 9, 1, 0),
(151, 372, 9, 1, 0),
(152, 373, 9, 1, 0),
(153, 374, 9, 1, 0),
(154, 375, 7, 1, 0),
(155, 376, 8, 0, 0),
(156, 377, 8, 1, 0),
(157, 378, 9, 1, 0),
(158, 383, 9, 0, 0),
(159, 385, 9, 1, 0),
(160, 396, 9, 1, 0),
(161, 397, 9, 1, 0),
(162, 398, 9, 1, 0),
(163, 399, 9, 1, 0),
(164, 400, 9, 1, 0),
(165, 401, 9, 0, 0),
(166, 402, 9, 1, 0),
(167, 403, 9, 0, 0),
(168, 404, 9, 0, 0),
(169, 405, 9, 1, 0),
(170, 406, 9, 0, 0),
(171, 407, 9, 1, 0),
(172, 408, 9, 1, 0),
(173, 410, 7, 1, 0),
(174, 411, 7, 0, 0),
(175, 412, 7, 0, 0),
(176, 414, 8, 0, 0),
(177, 415, 7, 1, 0),
(178, 416, 7, 1, 0),
(179, 423, 9, 1, 0),
(180, 432, 8, 1, 0),
(181, 435, 8, 1, 0),
(182, 436, 7, 1, 0),
(183, 438, 7, 0, 0),
(184, 439, 7, 1, 0),
(185, 440, 7, 0, 0),
(186, 441, 7, 1, 0),
(187, 442, 8, 1, 0),
(188, 443, 7, 0, 0),
(189, 445, 9, 1, 0),
(190, 447, 7, 1, 0),
(191, 449, 8, 0, 0),
(192, 450, 9, 0, 0),
(193, 451, 8, 1, 0),
(194, 453, 8, 1, 0),
(195, 454, 8, 1, 0),
(196, 455, 7, 1, 0),
(197, 456, 8, 1, 0),
(198, 457, 8, 1, 0),
(199, 462, 7, 1, 0),
(200, 463, 7, 1, 0),
(201, 464, 7, 1, 0),
(202, 465, 8, 1, 0),
(203, 466, 8, 1, 0),
(204, 467, 8, 1, 0),
(205, 468, 8, 1, 0),
(206, 469, 9, 1, 0);

-- --------------------------------------------------------

--
-- Structure de la table `tempstravail`
--

CREATE TABLE IF NOT EXISTS `tempstravail` (
  `TRA_NumTravail` int(11) NOT NULL AUTO_INCREMENT,
  `TRA_Date` date NOT NULL,
  `TRA_Duree` time NOT NULL,
  `CHA_NumDevis` int(11) NOT NULL,
  `SAL_NumSalarie` int(5) NOT NULL,
  PRIMARY KEY (`TRA_NumTravail`,`CHA_NumDevis`,`SAL_NumSalarie`),
  KEY `fk_Travail_Chantiers1_idx` (`CHA_NumDevis`),
  KEY `fk_TempsTravail_Salaries1_idx` (`SAL_NumSalarie`)
) ENGINE=InnoDB  DEFAULT CHARSET=utf8 AUTO_INCREMENT=4731 ;

--
-- Contenu de la table `tempstravail`
--

INSERT INTO `tempstravail` (`TRA_NumTravail`, `TRA_Date`, `TRA_Duree`, `CHA_NumDevis`, `SAL_NumSalarie`) VALUES
(11, '2014-11-17', '08:00:00', 2, 67),
(12, '2014-11-17', '08:00:00', 2, 66),
(13, '2014-11-17', '08:00:00', 2, 65),
(14, '2014-11-18', '08:00:00', 2, 66),
(15, '2014-11-18', '08:00:00', 2, 65),
(16, '2014-11-19', '08:00:00', 2, 66),
(17, '2014-11-19', '08:00:00', 2, 68),
(18, '2014-11-20', '08:00:00', 2, 65),
(19, '2014-11-20', '08:00:00', 2, 68),
(20, '2014-11-21', '08:00:00', 2, 68),
(21, '2014-11-24', '08:00:00', 3, 66),
(22, '2014-11-24', '08:00:00', 3, 67),
(23, '2014-11-24', '08:00:00', 3, 65),
(24, '2014-11-25', '08:00:00', 3, 65),
(25, '2014-11-25', '08:00:00', 3, 66),
(26, '2014-11-26', '08:00:00', 3, 67),
(27, '2014-11-26', '08:00:00', 3, 66),
(28, '2014-11-25', '08:00:00', 6, 66),
(29, '2014-11-26', '08:00:00', 6, 68),
(30, '2014-11-26', '08:00:00', 6, 66),
(31, '2014-11-27', '08:00:00', 3, 68),
(32, '2014-11-27', '04:00:00', 3, 67),
(33, '2014-11-27', '08:00:00', 3, 66),
(34, '2014-11-28', '08:00:00', 3, 65),
(35, '2014-11-28', '08:00:00', 3, 68),
(36, '2014-12-03', '08:00:00', 6, 67),
(37, '2014-12-03', '08:00:00', 6, 68),
(38, '2014-12-03', '08:00:00', 6, 137),
(39, '2014-12-04', '08:00:00', 6, 68),
(40, '2014-12-04', '08:00:00', 6, 138),
(41, '2014-12-04', '08:00:00', 6, 137),
(42, '2014-12-03', '08:00:00', 6, 138),
(43, '2015-01-05', '05:00:00', 14, 77),
(44, '2015-01-05', '05:00:00', 14, 76),
(45, '2015-01-05', '04:30:00', 14, 79),
(46, '2015-01-05', '03:30:00', 14, 86),
(47, '2015-01-05', '05:00:00', 14, 89),
(48, '2015-01-05', '05:00:00', 14, 75),
(50, '2015-01-02', '05:00:00', 17, 75),
(51, '2015-01-02', '05:00:00', 17, 95),
(52, '2015-01-02', '05:00:00', 17, 83),
(53, '2015-01-05', '08:00:00', 57, 65),
(54, '2015-01-05', '08:00:00', 57, 67),
(55, '2015-01-05', '08:00:00', 57, 66),
(56, '2015-01-06', '08:00:00', 57, 65),
(57, '2015-01-06', '08:00:00', 57, 67),
(58, '2015-01-06', '08:00:00', 57, 66),
(59, '2015-01-05', '05:00:00', 17, 139),
(60, '2015-01-05', '05:00:00', 17, 95),
(61, '2015-01-05', '05:00:00', 17, 87),
(62, '2015-01-06', '05:00:00', 17, 139),
(63, '2015-01-06', '05:00:00', 17, 95),
(64, '2015-01-06', '05:00:00', 17, 87),
(65, '2015-01-01', '02:00:00', 12, 86),
(66, '2015-01-01', '01:00:00', 12, 75),
(67, '2015-01-01', '02:00:00', 12, 89),
(68, '2015-01-01', '02:00:00', 12, 77),
(69, '2015-01-07', '03:00:00', 12, 79),
(70, '2015-01-05', '01:30:00', 10, 79),
(71, '2015-01-05', '01:30:00', 10, 86),
(72, '2015-01-07', '01:30:00', 10, 79),
(73, '2015-01-07', '01:30:00', 10, 86),
(74, '2015-01-09', '01:30:00', 10, 79),
(75, '2015-01-09', '01:30:00', 10, 86),
(76, '2015-01-01', '05:30:00', 9, 76),
(77, '2015-01-01', '05:30:00', 9, 89),
(78, '2015-01-02', '05:00:00', 9, 83),
(79, '2015-01-02', '05:00:00', 9, 89),
(80, '2015-01-03', '05:30:00', 9, 76),
(81, '2015-01-03', '05:30:00', 9, 83),
(82, '2015-01-04', '05:30:00', 9, 83),
(83, '2015-01-04', '05:30:00', 9, 89),
(84, '2015-01-05', '06:30:00', 9, 85),
(85, '2015-01-05', '06:30:00', 9, 88),
(86, '2015-01-06', '05:00:00', 9, 85),
(87, '2015-01-06', '05:00:00', 9, 88),
(88, '2015-01-07', '06:30:00', 9, 76),
(89, '2015-01-07', '02:30:00', 9, 89),
(90, '2015-01-06', '05:00:00', 14, 89),
(91, '2015-01-06', '05:00:00', 14, 75),
(92, '2015-01-07', '05:00:00', 14, 77),
(93, '2015-01-06', '05:00:00', 14, 76),
(94, '2015-01-06', '04:30:00', 14, 86),
(95, '2015-01-06', '05:00:00', 14, 79),
(96, '2015-01-06', '05:00:00', 14, 77),
(97, '2015-01-07', '05:00:00', 14, 79),
(98, '2015-01-07', '03:00:00', 14, 88),
(99, '2015-01-07', '04:30:00', 14, 86),
(100, '2015-01-07', '08:00:00', 57, 138),
(101, '2015-01-07', '08:00:00', 57, 65),
(102, '2015-01-07', '08:00:00', 57, 68),
(103, '2015-01-07', '08:00:00', 57, 67),
(104, '2015-01-07', '08:00:00', 57, 66),
(105, '2015-01-08', '06:30:00', 9, 89),
(106, '2015-01-08', '02:30:00', 9, 75),
(107, '2015-01-08', '02:00:00', 60, 86),
(108, '2015-01-08', '02:00:00', 60, 77),
(109, '2015-01-08', '02:00:00', 60, 88),
(110, '2015-01-08', '05:00:00', 14, 77),
(111, '2015-01-08', '03:30:00', 14, 79),
(112, '2015-01-08', '05:00:00', 14, 86),
(113, '2015-01-08', '04:00:00', 14, 88),
(114, '2015-01-02', '01:30:00', 16, 83),
(115, '2015-01-02', '01:30:00', 16, 89),
(116, '2015-01-06', '01:30:00', 16, 85),
(117, '2015-01-06', '01:30:00', 16, 88),
(118, '2015-01-09', '01:30:00', 16, 75),
(119, '2015-01-09', '01:30:00', 16, 85),
(120, '2015-01-06', '01:30:00', 15, 77),
(121, '2015-01-06', '01:30:00', 15, 86),
(122, '2015-01-07', '05:00:00', 17, 139),
(123, '2015-01-07', '05:00:00', 17, 87),
(124, '2015-01-07', '05:00:00', 17, 95),
(125, '2015-01-08', '05:00:00', 17, 139),
(126, '2015-01-08', '05:00:00', 17, 87),
(127, '2015-01-08', '05:00:00', 17, 95),
(128, '2015-01-09', '05:00:00', 17, 139),
(129, '2015-01-08', '05:00:00', 17, 95),
(130, '2015-01-09', '05:00:00', 17, 87),
(131, '2015-01-08', '08:00:00', 57, 65),
(132, '2015-01-08', '08:00:00', 57, 68),
(133, '2015-01-08', '08:00:00', 57, 138),
(134, '2015-01-09', '05:00:00', 14, 77),
(135, '2015-01-09', '03:30:00', 14, 79),
(136, '2015-01-09', '03:30:00', 14, 86),
(137, '2015-01-09', '05:00:00', 14, 76),
(138, '2015-01-09', '05:00:00', 9, 75),
(139, '2015-01-09', '05:00:00', 9, 85),
(140, '2015-01-10', '05:30:00', 9, 75),
(141, '2015-01-10', '05:30:00', 9, 85),
(142, '2015-01-11', '05:30:00', 9, 75),
(143, '2015-01-11', '05:30:00', 9, 85),
(144, '2015-01-09', '08:00:00', 57, 138),
(145, '2015-01-09', '08:00:00', 57, 68),
(146, '2015-01-09', '08:00:00', 57, 66),
(147, '2015-01-12', '02:30:00', 9, 75),
(148, '2015-01-12', '06:30:00', 9, 89),
(149, '2015-01-12', '05:00:00', 14, 88),
(150, '2015-01-12', '05:00:00', 14, 144),
(151, '2015-01-12', '05:00:00', 14, 79),
(152, '2015-01-12', '05:00:00', 14, 142),
(153, '2015-01-12', '05:00:00', 17, 139),
(154, '2015-01-12', '05:00:00', 17, 77),
(155, '2015-01-12', '05:00:00', 17, 95),
(156, '2015-01-12', '03:00:00', 17, 86),
(157, '2015-01-12', '01:30:00', 10, 86),
(158, '2015-01-12', '01:30:00', 10, 79),
(159, '2015-01-12', '08:00:00', 57, 66),
(160, '2015-01-12', '08:00:00', 57, 65),
(161, '2015-01-09', '01:00:00', 13, 77),
(162, '2015-01-09', '01:00:00', 13, 86),
(163, '2015-01-09', '01:00:00', 12, 77),
(164, '2015-01-09', '01:00:00', 12, 86),
(165, '2015-01-13', '03:00:00', 65, 142),
(166, '2015-01-13', '03:00:00', 65, 144),
(167, '2015-01-13', '04:00:00', 65, 79),
(168, '2015-01-13', '04:00:00', 65, 87),
(169, '2015-01-13', '08:00:00', 57, 65),
(170, '2015-01-13', '08:00:00', 57, 68),
(171, '2015-01-13', '08:00:00', 57, 67),
(172, '2015-01-13', '08:00:00', 57, 66),
(173, '2015-01-13', '05:00:00', 9, 75),
(174, '2015-01-13', '05:00:00', 9, 89),
(175, '2015-01-13', '05:00:00', 14, 142),
(176, '2015-01-13', '05:00:00', 14, 87),
(177, '2015-01-13', '05:00:00', 14, 144),
(178, '2015-01-13', '04:00:00', 14, 86),
(179, '2015-01-13', '04:00:00', 14, 85),
(180, '2015-01-13', '05:00:00', 14, 79),
(181, '2015-01-13', '01:30:00', 16, 75),
(182, '2015-01-13', '01:30:00', 16, 89),
(183, '2015-01-13', '05:00:00', 17, 139),
(184, '2015-01-13', '05:00:00', 17, 95),
(185, '2015-01-13', '05:00:00', 17, 77),
(186, '2015-01-09', '01:00:00', 66, 77),
(187, '2015-01-09', '01:00:00', 66, 86),
(188, '2015-01-14', '02:00:00', 67, 88),
(189, '2015-01-14', '02:00:00', 67, 144),
(190, '2015-01-14', '02:00:00', 67, 85),
(191, '2015-01-14', '02:00:00', 67, 79),
(192, '2015-01-14', '06:30:00', 9, 89),
(193, '2015-01-14', '02:30:00', 9, 88),
(194, '2015-01-14', '01:00:00', 11, 86),
(195, '2015-01-14', '01:00:00', 11, 87),
(196, '2015-01-14', '05:00:00', 14, 142),
(197, '2015-01-14', '05:00:00', 14, 79),
(198, '2015-01-14', '05:00:00', 14, 85),
(199, '2015-01-14', '05:00:00', 14, 88),
(200, '2015-01-14', '05:00:00', 14, 87),
(201, '2015-01-14', '05:00:00', 14, 144),
(202, '2015-01-14', '04:30:00', 14, 86),
(203, '2015-01-14', '05:00:00', 17, 77),
(204, '2015-01-14', '05:00:00', 17, 95),
(205, '2015-01-14', '05:00:00', 17, 139),
(206, '2015-01-14', '01:30:00', 10, 86),
(207, '2015-01-14', '01:30:00', 10, 79),
(208, '2015-01-13', '08:00:00', 61, 57),
(209, '2015-01-13', '08:00:00', 61, 60),
(210, '2015-01-13', '08:00:00', 61, 59),
(211, '2015-01-14', '07:00:00', 61, 57),
(212, '2015-01-14', '07:00:00', 61, 62),
(213, '2015-01-14', '07:00:00', 61, 61),
(214, '2015-01-14', '07:00:00', 61, 60),
(215, '2015-01-15', '08:00:00', 56, 138),
(216, '2015-01-15', '08:00:00', 56, 68),
(217, '2015-01-15', '08:00:00', 56, 65),
(218, '2015-01-14', '07:00:00', 56, 66),
(219, '2015-01-14', '07:00:00', 56, 67),
(220, '2015-01-14', '07:00:00', 56, 65),
(221, '2015-01-14', '07:00:00', 56, 138),
(222, '2015-01-15', '03:00:00', 68, 87),
(223, '2015-01-15', '03:00:00', 68, 88),
(224, '2015-01-15', '02:00:00', 68, 142),
(225, '2015-01-15', '03:00:00', 69, 144),
(226, '2015-01-15', '04:00:00', 69, 86),
(227, '2015-01-15', '05:00:00', 14, 144),
(228, '2015-01-15', '05:00:00', 14, 142),
(229, '2015-01-15', '04:00:00', 14, 88),
(230, '2015-01-15', '05:00:00', 14, 87),
(231, '2015-01-15', '05:00:00', 14, 86),
(232, '2015-01-15', '06:30:00', 9, 85),
(233, '2015-01-15', '02:30:00', 9, 88),
(234, '2015-01-08', '01:30:00', 15, 144),
(235, '2015-01-08', '01:30:00', 15, 86),
(236, '2015-01-13', '01:30:00', 15, 142),
(237, '2015-01-13', '01:30:00', 15, 88),
(238, '2015-01-15', '05:00:00', 17, 77),
(239, '2015-01-15', '05:00:00', 17, 95),
(240, '2015-01-15', '05:00:00', 17, 139),
(241, '2015-01-16', '05:00:00', 9, 88),
(242, '2015-01-16', '05:00:00', 9, 89),
(243, '2015-01-16', '01:30:00', 15, 75),
(244, '2015-01-16', '01:30:00', 15, 139),
(245, '2015-01-16', '01:30:00', 10, 79),
(246, '2015-01-16', '01:30:00', 10, 86),
(247, '2015-01-16', '05:00:00', 14, 139),
(248, '2015-01-16', '03:30:00', 14, 79),
(249, '2015-01-16', '05:00:00', 14, 87),
(250, '2015-01-16', '03:30:00', 14, 86),
(251, '2015-01-16', '05:00:00', 14, 144),
(252, '2015-01-16', '05:00:00', 14, 75),
(253, '2015-01-16', '01:30:00', 16, 89),
(254, '2015-01-16', '01:30:00', 16, 88),
(255, '2015-01-16', '05:00:00', 17, 77),
(256, '2015-01-16', '05:00:00', 17, 95),
(257, '2015-01-16', '02:00:00', 70, 144),
(258, '2015-01-16', '03:00:00', 70, 79),
(259, '2015-01-16', '02:00:00', 70, 86),
(260, '2015-01-16', '02:00:00', 70, 87),
(261, '2015-01-19', '05:00:00', 14, 144),
(262, '2015-01-19', '05:00:00', 14, 85),
(263, '2015-01-19', '05:00:00', 14, 79),
(264, '2015-01-19', '03:30:00', 14, 86),
(265, '2015-01-16', '02:00:00', 72, 85),
(266, '2015-01-19', '05:00:00', 17, 77),
(267, '2015-01-19', '05:00:00', 17, 95),
(268, '2015-01-19', '05:00:00', 17, 139),
(269, '2015-01-19', '05:00:00', 17, 87),
(270, '2015-01-19', '08:00:00', 56, 65),
(271, '2015-01-19', '00:00:00', 56, 67),
(272, '2015-01-19', '08:00:00', 56, 66),
(273, '2015-01-19', '04:00:00', 56, 67),
(274, '2015-01-20', '08:00:00', 58, 65),
(275, '2015-01-20', '08:00:00', 58, 67),
(276, '2015-01-20', '08:00:00', 58, 68),
(277, '2015-01-20', '08:00:00', 58, 66),
(278, '2015-01-20', '08:00:00', 56, 65),
(279, '2015-01-20', '08:00:00', 56, 68),
(280, '2015-01-20', '08:00:00', 56, 67),
(281, '2015-01-20', '08:00:00', 56, 66),
(282, '2015-01-20', '05:00:00', 14, 79),
(283, '2015-01-20', '04:30:00', 14, 86),
(284, '2015-01-20', '05:00:00', 14, 87),
(285, '2015-01-20', '05:00:00', 14, 144),
(286, '2015-01-21', '04:30:00', 14, 86),
(287, '2015-01-21', '05:00:00', 14, 144),
(288, '2015-01-21', '05:00:00', 14, 79),
(289, '2015-01-21', '05:00:00', 14, 88),
(290, '2015-01-21', '05:00:00', 17, 139),
(291, '2015-01-21', '05:00:00', 17, 77),
(292, '2015-01-21', '05:00:00', 17, 95),
(293, '2015-01-19', '01:30:00', 10, 79),
(294, '2015-01-21', '01:30:00', 10, 86),
(295, '2015-01-21', '01:30:00', 10, 79),
(296, '2015-01-19', '01:30:00', 10, 86),
(297, '2015-01-20', '01:30:00', 16, 75),
(298, '2015-01-20', '01:30:00', 16, 76),
(299, '2015-01-17', '05:30:00', 9, 79),
(300, '2015-01-21', '02:30:00', 9, 85),
(301, '2015-01-21', '06:30:00', 9, 75),
(302, '2015-01-20', '05:00:00', 9, 75),
(303, '2015-01-20', '05:00:00', 9, 76),
(304, '2015-01-19', '06:30:00', 9, 89),
(305, '2015-01-19', '06:30:00', 9, 75),
(306, '2015-01-18', '05:30:00', 9, 88),
(307, '2015-01-18', '05:30:00', 9, 75),
(308, '2015-01-17', '05:30:00', 9, 85),
(309, '2015-01-20', '01:30:00', 15, 144),
(310, '2015-01-20', '01:30:00', 15, 86),
(311, '2015-01-22', '05:00:00', 14, 144),
(312, '2015-01-22', '05:00:00', 14, 75),
(313, '2015-01-22', '05:00:00', 14, 87),
(314, '2015-01-22', '05:00:00', 14, 86),
(315, '2015-01-22', '03:30:00', 14, 79),
(316, '2015-01-22', '05:00:00', 17, 139),
(317, '2015-01-22', '05:00:00', 17, 77),
(318, '2015-01-23', '05:00:00', 17, 95),
(323, '2015-01-12', '03:00:00', 12, 79),
(324, '2015-01-14', '01:00:00', 12, 142),
(325, '2015-01-14', '02:00:00', 12, 87),
(326, '2015-01-14', '02:00:00', 12, 86),
(327, '2015-01-12', '02:00:00', 12, 144),
(328, '2015-01-15', '08:00:00', 61, 61),
(329, '2015-01-15', '08:00:00', 61, 59),
(330, '2015-01-16', '08:00:00', 61, 61),
(331, '2015-01-16', '08:00:00', 61, 62),
(332, '2015-01-19', '08:00:00', 61, 57),
(333, '2015-01-19', '08:00:00', 61, 88),
(334, '2015-01-19', '08:00:00', 61, 60),
(335, '2015-01-19', '08:00:00', 61, 59),
(336, '2015-01-19', '08:00:00', 61, 57),
(337, '2015-01-19', '08:00:00', 61, 88),
(338, '2015-01-19', '08:00:00', 61, 60),
(339, '2015-01-19', '08:00:00', 61, 59),
(340, '2015-01-20', '08:00:00', 61, 57),
(341, '2015-01-20', '08:00:00', 61, 61),
(342, '2015-01-20', '08:00:00', 61, 60),
(343, '2015-01-20', '08:00:00', 61, 59),
(344, '2015-01-21', '08:00:00', 58, 66),
(345, '2015-01-21', '08:00:00', 58, 67),
(346, '2015-01-21', '08:00:00', 58, 138),
(347, '2015-01-21', '08:00:00', 58, 65),
(348, '2015-01-22', '08:00:00', 58, 67),
(349, '2015-01-22', '08:00:00', 58, 138),
(350, '2015-01-22', '08:00:00', 58, 65),
(351, '2015-01-23', '08:00:00', 58, 66),
(352, '2015-01-23', '08:00:00', 58, 68),
(353, '2015-01-23', '08:00:00', 58, 138),
(354, '2015-01-16', '08:00:00', 56, 138),
(355, '2015-01-16', '08:00:00', 56, 68),
(356, '2015-01-22', '06:30:00', 9, 85),
(357, '2015-01-23', '02:30:00', 9, 79),
(358, '2015-01-23', '02:30:00', 9, 79),
(359, '2015-01-23', '02:30:00', 9, 79),
(360, '2015-01-23', '02:30:00', 9, 79),
(361, '2015-01-23', '02:30:00', 9, 75),
(362, '2015-01-24', '05:30:00', 9, 76),
(363, '2015-01-25', '05:30:00', 9, 76),
(364, '2015-01-26', '06:30:00', 9, 75),
(365, '2015-01-26', '06:30:00', 9, 76),
(366, '2015-01-26', '01:30:00', 10, 79),
(367, '2015-01-26', '01:30:00', 10, 85),
(370, '2015-01-28', '01:00:00', 11, 144),
(371, '2015-01-28', '01:00:00', 11, 86),
(372, '2015-01-12', '03:30:00', 14, 86),
(373, '2015-01-23', '05:00:00', 14, 144),
(374, '2015-01-23', '05:00:00', 14, 87),
(375, '2015-01-23', '03:30:00', 14, 86),
(376, '2015-01-26', '03:30:00', 14, 79),
(377, '2015-01-26', '05:00:00', 14, 144),
(378, '2015-01-26', '05:00:00', 14, 87),
(379, '2015-01-26', '02:00:00', 14, 85),
(380, '2015-01-23', '01:30:00', 16, 75),
(381, '2015-01-23', '01:30:00', 16, 76),
(382, '2015-01-26', '05:00:00', 17, 77),
(383, '2015-01-26', '05:00:00', 17, 139),
(384, '2015-01-26', '05:00:00', 17, 95),
(385, '2015-01-19', '02:00:00', 71, 144),
(386, '2015-01-19', '02:00:00', 71, 79),
(387, '2015-01-19', '02:00:00', 71, 85),
(388, '2015-01-19', '02:00:00', 71, 86),
(389, '2015-01-20', '05:00:00', 73, 76),
(390, '2015-01-21', '05:00:00', 73, 85),
(391, '2015-01-22', '01:30:00', 75, 144),
(392, '2015-01-22', '01:30:00', 75, 75),
(393, '2015-01-20', '01:00:00', 13, 79),
(394, '2015-01-20', '00:00:00', 13, 79),
(395, '2015-01-20', '01:00:00', 13, 89),
(396, '2015-01-19', '01:30:00', 12, 79),
(397, '2015-01-20', '02:00:00', 12, 79),
(398, '2015-01-20', '02:00:00', 12, 89),
(399, '2015-01-22', '02:00:00', 77, 144),
(400, '2015-01-22', '02:00:00', 77, 87),
(401, '2015-01-27', '05:00:00', 14, 144),
(402, '2015-01-27', '05:00:00', 14, 87),
(403, '2015-01-27', '05:30:00', 9, 75),
(404, '2015-01-27', '05:30:00', 9, 76),
(405, '2015-01-28', '06:30:00', 9, 75),
(406, '2015-01-28', '02:30:00', 9, 88),
(407, '2015-01-28', '01:30:00', 10, 79),
(408, '2015-01-28', '01:30:00', 10, 87),
(409, '2015-01-30', '01:30:00', 10, 79),
(410, '2015-01-30', '01:30:00', 10, 144),
(411, '2015-01-27', '01:30:00', 15, 144),
(412, '2015-01-27', '01:30:00', 15, 87),
(413, '2015-01-26', '01:30:00', 12, 144),
(414, '2015-01-26', '01:30:00', 12, 79),
(415, '2015-01-21', '08:00:00', 61, 57),
(416, '2015-01-21', '08:00:00', 61, 60),
(417, '2015-01-21', '08:00:00', 61, 61),
(418, '2015-01-22', '08:00:00', 61, 59),
(419, '2015-01-22', '08:00:00', 61, 60),
(420, '2015-01-22', '08:00:00', 61, 61),
(421, '2015-01-23', '08:00:00', 61, 57),
(422, '2015-01-23', '08:00:00', 61, 61),
(423, '2015-01-23', '08:00:00', 61, 59),
(424, '2015-01-28', '03:30:00', 14, 144),
(425, '2015-01-28', '03:30:00', 14, 79),
(426, '2015-01-28', '05:00:00', 14, 87),
(427, '2015-01-28', '05:00:00', 14, 85),
(428, '2015-01-28', '05:00:00', 14, 148),
(429, '2015-01-28', '01:00:00', 11, 87),
(430, '2015-01-28', '01:00:00', 11, 88),
(431, '2015-01-28', '06:30:00', 9, 75),
(432, '2015-01-28', '02:30:00', 9, 88),
(433, '2015-01-26', '08:00:00', 59, 67),
(434, '2015-01-26', '08:00:00', 59, 66),
(435, '2015-01-26', '08:00:00', 59, 65),
(436, '2015-01-27', '08:00:00', 59, 66),
(437, '2015-01-27', '08:00:00', 59, 65),
(438, '2015-01-27', '08:00:00', 59, 68),
(439, '2015-01-28', '08:00:00', 59, 66),
(440, '2015-01-28', '08:00:00', 59, 65),
(441, '2015-01-28', '08:00:00', 59, 67),
(442, '2015-01-28', '08:00:00', 59, 138),
(443, '2015-01-28', '08:00:00', 59, 149),
(444, '2015-01-29', '03:30:00', 78, 144),
(445, '2015-01-29', '03:30:00', 78, 88),
(446, '2015-01-29', '03:30:00', 78, 148),
(447, '2015-01-26', '04:00:00', 61, 60),
(448, '2015-01-26', '04:00:00', 61, 60),
(449, '2015-01-26', '08:00:00', 61, 57),
(450, '2015-01-27', '08:00:00', 61, 60),
(451, '2015-01-27', '08:00:00', 61, 57),
(452, '2015-01-27', '08:00:00', 61, 59),
(453, '2015-01-27', '08:00:00', 61, 61),
(454, '2015-01-28', '08:00:00', 61, 57),
(455, '2015-01-28', '08:00:00', 61, 60),
(456, '2015-01-28', '08:00:00', 61, 61),
(457, '2015-01-28', '08:00:00', 61, 62),
(458, '2015-01-08', '07:00:00', 62, 61),
(459, '2015-01-08', '08:00:00', 62, 62),
(460, '2015-01-08', '07:00:00', 62, 59),
(461, '2015-01-09', '04:00:00', 62, 61),
(462, '2015-01-09', '04:00:00', 62, 62),
(463, '2015-01-29', '04:00:00', 59, 65),
(464, '2015-01-29', '04:00:00', 59, 68),
(465, '2015-01-29', '04:00:00', 59, 138),
(466, '2015-01-29', '04:00:00', 59, 149),
(467, '2015-01-29', '05:00:00', 14, 144),
(468, '2015-01-29', '05:00:00', 14, 148),
(469, '2015-01-29', '03:30:00', 14, 88),
(470, '2015-01-29', '03:30:00', 14, 87),
(471, '2015-01-29', '03:35:00', 14, 79),
(472, '2015-01-29', '03:00:00', 15, 87),
(473, '2015-01-27', '05:00:00', 17, 77),
(474, '2015-01-27', '05:00:00', 17, 95),
(475, '2015-01-27', '05:00:00', 17, 139),
(476, '2015-01-28', '05:00:00', 17, 77),
(477, '2015-01-28', '05:00:00', 17, 139),
(478, '2015-01-28', '05:00:00', 17, 95),
(479, '2015-01-29', '05:00:00', 17, 139),
(480, '2015-01-29', '05:00:00', 17, 139),
(481, '2015-01-29', '05:00:00', 17, 77),
(482, '2015-01-29', '05:00:00', 17, 95),
(483, '2015-01-27', '01:30:00', 16, 75),
(484, '2015-01-27', '01:30:00', 16, 76),
(485, '2015-02-02', '04:30:00', 14, 144),
(486, '2015-02-02', '03:30:00', 14, 86),
(487, '2015-02-02', '05:00:00', 14, 95),
(488, '2015-02-02', '05:00:00', 14, 156),
(489, '2015-02-02', '01:30:00', 10, 144),
(490, '2015-02-02', '01:30:00', 10, 86),
(491, '2015-01-30', '01:30:00', 16, 85),
(492, '2015-01-30', '01:30:00', 16, 88),
(493, '2015-01-29', '06:30:00', 9, 76),
(494, '2015-01-29', '02:30:00', 9, 88),
(495, '2015-01-30', '05:00:00', 9, 88),
(496, '2015-01-30', '05:00:00', 9, 85),
(497, '2015-01-31', '05:30:00', 9, 79),
(498, '2015-01-31', '05:30:00', 9, 85),
(499, '2015-02-01', '05:30:00', 9, 76),
(500, '2015-02-01', '05:30:00', 9, 83),
(501, '2015-02-02', '06:30:00', 9, 75),
(502, '2015-02-02', '06:30:00', 9, 76),
(503, '2015-01-30', '02:00:00', 79, 144),
(504, '2015-01-30', '02:00:00', 79, 75),
(505, '2015-01-30', '02:00:00', 79, 79),
(506, '2015-01-30', '02:00:00', 79, 148),
(507, '2015-01-23', '01:30:00', 64, 144),
(508, '2015-01-23', '01:30:00', 64, 86),
(509, '2015-01-23', '01:30:00', 64, 87),
(510, '2015-02-02', '08:00:00', 76, 65),
(511, '2015-02-02', '08:00:00', 76, 66),
(512, '2015-02-02', '08:00:00', 76, 149),
(513, '2015-02-03', '03:30:00', 81, 144),
(514, '2015-02-03', '03:30:00', 81, 95),
(515, '2015-02-03', '04:00:00', 81, 156),
(516, '2015-01-30', '05:00:00', 17, 139),
(517, '2015-01-30', '05:00:00', 17, 77),
(518, '2015-01-30', '05:00:00', 17, 95),
(519, '2015-02-02', '05:00:00', 21, 77),
(520, '2015-02-02', '05:00:00', 21, 139),
(521, '2015-02-02', '05:00:00', 21, 148),
(522, '2015-02-03', '05:00:00', 21, 77),
(523, '2015-02-03', '05:00:00', 21, 148),
(524, '2015-02-03', '05:00:00', 21, 83),
(525, '2015-02-03', '05:00:00', 14, 144),
(526, '2015-02-03', '03:30:00', 14, 86),
(527, '2015-02-03', '05:00:00', 14, 75),
(528, '2015-02-03', '05:00:00', 14, 95),
(529, '2015-02-03', '05:00:00', 14, 156),
(530, '2015-02-03', '05:00:00', 9, 85),
(531, '2015-02-03', '05:00:00', 9, 88),
(532, '2015-02-03', '01:30:00', 16, 85),
(533, '2015-02-03', '01:30:00', 16, 88),
(534, '2015-02-04', '04:30:00', 14, 144),
(535, '2015-02-04', '03:30:00', 14, 86),
(536, '2015-02-04', '05:00:00', 14, 75),
(537, '2015-02-04', '04:00:00', 14, 95),
(538, '2015-02-04', '04:00:00', 14, 85),
(539, '2015-02-04', '05:00:00', 14, 156),
(540, '2015-02-04', '04:00:00', 14, 88),
(541, '2015-02-04', '01:30:00', 10, 144),
(542, '2015-02-04', '01:30:00', 10, 86),
(543, '2015-02-04', '01:30:00', 15, 85),
(544, '2015-02-04', '01:30:00', 15, 95),
(545, '2015-02-04', '01:30:00', 82, 75),
(546, '2015-02-04', '01:30:00', 82, 156),
(547, '2015-02-04', '02:00:00', 82, 86),
(548, '2015-02-04', '02:00:00', 82, 88),
(549, '2015-02-02', '08:00:00', 76, 149),
(550, '2015-02-02', '08:00:00', 76, 65),
(551, '2015-02-02', '08:00:00', 76, 66),
(552, '2015-02-03', '08:00:00', 76, 138),
(553, '2015-02-03', '08:00:00', 76, 138),
(554, '2015-02-03', '08:00:00', 76, 68),
(555, '2015-02-03', '08:00:00', 76, 65),
(556, '2015-02-04', '08:00:00', 76, 68),
(557, '2015-02-04', '08:00:00', 76, 138),
(558, '2015-02-04', '08:00:00', 76, 65),
(559, '2015-02-04', '08:00:00', 76, 66),
(560, '2015-01-30', '08:00:00', 61, 61),
(561, '2015-01-30', '08:00:00', 61, 62),
(562, '2015-01-30', '08:00:00', 61, 60),
(563, '2015-01-30', '08:00:00', 61, 57),
(564, '2015-02-03', '08:00:00', 61, 57),
(565, '2015-02-03', '08:00:00', 61, 59),
(566, '2015-02-03', '08:00:00', 61, 61),
(567, '2015-02-03', '04:00:00', 61, 60),
(568, '2015-02-04', '08:00:00', 61, 57),
(569, '2015-02-04', '08:00:00', 61, 59),
(570, '2015-02-04', '08:00:00', 61, 61),
(571, '2015-02-04', '04:00:00', 61, 60),
(572, '2015-02-02', '08:00:00', 83, 57),
(573, '2015-02-06', '01:30:00', 10, 144),
(574, '2015-02-06', '01:30:00', 10, 86),
(575, '2015-02-09', '01:30:00', 10, 144),
(576, '2015-02-09', '01:30:00', 10, 86),
(577, '2015-02-05', '03:00:00', 14, 86),
(578, '2015-02-05', '03:00:00', 14, 83),
(579, '2015-02-05', '02:00:00', 14, 144),
(580, '2015-02-05', '02:00:00', 14, 156),
(581, '2015-02-05', '02:00:00', 14, 95),
(582, '2015-02-04', '01:00:00', 15, 95),
(583, '2015-02-04', '01:00:00', 15, 85),
(584, '2015-02-04', '01:00:00', 15, 88),
(585, '2015-02-04', '01:00:00', 15, 86),
(586, '2015-02-05', '03:00:00', 15, 144),
(587, '2015-02-05', '02:00:00', 15, 86),
(588, '2015-02-05', '02:00:00', 15, 83),
(589, '2015-02-05', '03:00:00', 15, 156),
(590, '2015-02-05', '03:00:00', 15, 95),
(591, '2015-02-06', '05:00:00', 14, 144),
(592, '2015-02-06', '04:00:00', 14, 156),
(593, '2015-02-06', '04:00:00', 14, 83),
(594, '2015-02-06', '04:00:00', 14, 148),
(595, '2015-02-06', '05:00:00', 14, 86),
(596, '2015-02-06', '05:00:00', 14, 95),
(597, '2015-02-06', '01:00:00', 15, 144),
(598, '2015-02-06', '01:00:00', 15, 156),
(599, '2015-02-06', '01:00:00', 15, 148),
(600, '2015-02-04', '05:00:00', 21, 77),
(601, '2015-02-04', '05:00:00', 21, 148),
(602, '2015-02-04', '05:00:00', 21, 139),
(603, '2015-02-05', '05:00:00', 21, 77),
(604, '2015-02-05', '05:00:00', 21, 139),
(605, '2015-02-05', '05:00:00', 21, 148),
(606, '2015-02-06', '05:00:00', 21, 77),
(607, '2015-02-06', '05:00:00', 21, 139),
(608, '2015-02-06', '05:00:00', 21, 148),
(609, '2015-02-09', '05:00:00', 21, 77),
(610, '2015-02-09', '05:00:00', 21, 95),
(611, '2015-02-09', '03:00:00', 21, 148),
(612, '2015-02-09', '05:00:00', 14, 144),
(613, '2015-02-09', '05:00:00', 14, 86),
(614, '2015-02-09', '05:00:00', 14, 156),
(615, '2015-02-09', '02:00:00', 14, 148),
(616, '2015-02-09', '00:30:00', 14, 155),
(617, '2015-02-04', '06:30:00', 9, 83),
(618, '2015-02-04', '02:30:00', 9, 88),
(619, '2015-02-05', '06:30:00', 9, 75),
(620, '2015-02-05', '06:30:00', 9, 85),
(621, '2015-02-06', '05:00:00', 9, 75),
(622, '2015-02-06', '05:00:00', 9, 85),
(623, '2015-02-07', '05:30:00', 9, 85),
(624, '2015-02-07', '05:30:00', 9, 88),
(625, '2015-02-08', '05:30:00', 9, 85),
(626, '2015-02-09', '06:30:00', 9, 83),
(627, '2015-02-09', '06:30:00', 9, 77),
(628, '2015-02-10', '05:00:00', 9, 75),
(629, '2015-02-10', '05:00:00', 9, 83),
(630, '2015-02-06', '03:00:00', 85, 156),
(631, '2015-02-06', '02:30:00', 85, 83),
(632, '2015-02-06', '02:30:00', 85, 95),
(633, '2015-02-06', '03:00:00', 85, 148),
(634, '2015-02-09', '02:00:00', 86, 144),
(635, '2015-02-09', '02:00:00', 86, 156),
(636, '2015-02-09', '02:00:00', 86, 86),
(637, '2015-02-05', '05:00:00', 87, 76),
(638, '2015-02-09', '05:00:00', 88, 76),
(639, '2015-02-10', '05:00:00', 88, 76),
(640, '2015-02-11', '05:00:00', 88, 76),
(641, '2015-02-12', '05:00:00', 88, 85),
(642, '2015-02-13', '05:00:00', 88, 76),
(643, '2015-02-06', '08:00:00', 76, 149),
(644, '2015-02-06', '08:00:00', 76, 65),
(645, '2015-02-06', '08:00:00', 76, 68),
(646, '2015-02-06', '08:00:00', 76, 138),
(647, '2015-02-06', '04:00:00', 61, 61),
(648, '2015-02-06', '08:00:00', 61, 60),
(649, '2015-02-09', '08:00:00', 61, 57),
(650, '2015-02-09', '08:00:00', 61, 60),
(651, '2015-02-09', '09:00:00', 61, 59),
(652, '2015-02-10', '08:00:00', 76, 65),
(653, '2015-02-10', '08:00:00', 76, 138),
(654, '2015-02-10', '08:00:00', 76, 67),
(655, '2015-02-10', '08:00:00', 76, 68),
(656, '2015-02-09', '08:00:00', 90, 138),
(657, '2015-02-09', '08:00:00', 90, 68),
(658, '2015-02-10', '05:00:00', 14, 144),
(659, '2015-02-10', '05:00:00', 14, 156),
(660, '2015-02-10', '05:00:00', 14, 148),
(661, '2015-02-10', '05:00:00', 14, 86),
(662, '2015-02-10', '03:30:00', 14, 88),
(663, '2015-02-11', '04:30:00', 14, 144),
(664, '2015-02-11', '05:00:00', 14, 75),
(665, '2015-02-11', '03:30:00', 14, 88),
(666, '2015-02-11', '05:00:00', 14, 156),
(667, '2015-02-11', '05:00:00', 14, 148),
(668, '2015-02-10', '05:00:00', 21, 77),
(669, '2015-02-10', '05:00:00', 21, 87),
(670, '2015-02-10', '05:05:00', 21, 95),
(671, '2015-02-11', '05:00:00', 21, 77),
(672, '2015-02-11', '05:00:00', 21, 87),
(673, '2015-02-11', '05:00:00', 21, 95),
(674, '2015-02-11', '06:30:00', 9, 83),
(675, '2015-02-11', '02:30:00', 9, 88),
(676, '2015-02-11', '01:00:00', 11, 156),
(677, '2015-02-11', '01:00:00', 11, 88),
(678, '2015-02-11', '01:30:00', 10, 144),
(679, '2015-02-11', '01:30:00', 10, 86),
(680, '2015-02-10', '08:00:00', 61, 57),
(681, '2015-02-10', '08:00:00', 61, 60),
(682, '2015-02-10', '08:00:00', 61, 59),
(683, '2015-02-10', '08:00:00', 61, 61),
(684, '2015-02-11', '07:00:00', 61, 57),
(685, '2015-02-11', '07:00:00', 61, 60),
(686, '2015-02-11', '07:00:00', 61, 61),
(687, '2015-02-12', '02:30:00', 92, 144),
(688, '2015-02-12', '02:30:00', 92, 156),
(689, '2015-02-12', '02:30:00', 92, 86),
(690, '2015-02-12', '02:30:00', 92, 148),
(691, '2015-02-12', '03:30:00', 14, 144),
(692, '2015-02-12', '03:30:00', 14, 75),
(693, '2015-02-12', '05:00:00', 14, 156),
(694, '2015-02-12', '05:00:00', 14, 148),
(695, '2015-02-12', '03:30:00', 14, 86),
(696, '2015-02-12', '06:30:00', 9, 83),
(697, '2015-02-05', '02:30:00', 9, 88),
(698, '2015-02-06', '01:30:00', 16, 75),
(699, '2015-02-06', '01:30:00', 16, 76),
(700, '2015-02-10', '01:30:00', 16, 76),
(701, '2015-02-10', '01:30:00', 16, 75),
(702, '2015-02-10', '00:00:00', 90, 65),
(703, '2015-02-10', '00:00:00', 90, 67),
(704, '2015-02-12', '08:00:00', 61, 57),
(705, '2015-02-12', '08:00:00', 61, 61),
(706, '2015-02-12', '08:00:00', 61, 59),
(707, '2015-02-11', '08:00:00', 90, 65),
(708, '2015-02-11', '08:00:00', 90, 67),
(709, '2015-02-12', '08:00:00', 90, 65),
(710, '2015-02-12', '08:00:00', 90, 67),
(711, '2015-02-16', '00:00:00', 89, 68),
(712, '2015-02-16', '08:00:00', 89, 149),
(713, '2015-02-09', '08:00:00', 89, 65),
(714, '2015-02-09', '08:00:00', 89, 67),
(715, '2015-02-16', '08:00:00', 89, 66),
(716, '2015-02-10', '00:00:00', 89, 138),
(717, '2015-02-11', '08:00:00', 89, 68),
(718, '2015-02-12', '08:00:00', 89, 149),
(719, '2015-02-12', '08:00:00', 89, 138),
(720, '2015-02-12', '08:00:00', 89, 68),
(721, '2015-02-12', '00:00:00', 92, 139),
(722, '2015-02-12', '00:00:00', 92, 139),
(723, '2015-02-13', '03:30:00', 14, 144),
(724, '2015-02-13', '05:00:00', 14, 156),
(725, '2015-02-13', '05:00:00', 14, 148),
(726, '2015-02-12', '05:00:00', 21, 87),
(727, '2015-02-12', '05:00:00', 21, 77),
(728, '2015-02-12', '05:00:00', 21, 95),
(729, '2015-02-13', '05:00:00', 21, 87),
(730, '2015-02-12', '05:00:00', 21, 95),
(731, '2015-02-12', '05:00:00', 21, 77),
(732, '2015-02-13', '05:00:00', 21, 77),
(733, '2015-02-13', '05:00:00', 21, 95),
(734, '2015-02-13', '05:00:00', 21, 87),
(735, '2015-02-13', '01:30:00', 10, 144),
(736, '2015-02-13', '01:30:00', 10, 86),
(737, '2015-02-13', '05:00:00', 9, 85),
(738, '2015-02-13', '05:00:00', 9, 88),
(739, '2015-02-14', '05:30:00', 9, 76),
(740, '2015-02-14', '05:30:00', 9, 75),
(741, '2015-02-15', '05:30:00', 9, 75),
(742, '2015-02-15', '05:30:00', 9, 76),
(743, '2015-02-13', '08:00:00', 76, 138),
(744, '2015-02-13', '08:00:00', 76, 149),
(745, '2015-02-13', '08:00:00', 76, 68),
(746, '2015-01-05', '02:00:00', 19, 151),
(747, '2015-01-05', '02:00:00', 19, 162),
(748, '2015-01-05', '02:00:00', 19, 160),
(749, '2015-01-05', '02:00:00', 19, 163),
(750, '2015-02-16', '08:00:00', 90, 65),
(751, '2015-02-16', '08:00:00', 90, 67),
(752, '2015-02-16', '01:00:00', 14, 144),
(753, '2015-02-16', '05:00:00', 14, 156),
(754, '2015-02-16', '03:30:00', 14, 79),
(755, '2015-02-16', '05:00:00', 14, 95),
(756, '2015-02-16', '03:30:00', 14, 86),
(757, '2015-02-16', '05:00:00', 14, 88),
(758, '2015-02-16', '05:00:00', 14, 155),
(759, '2015-02-16', '01:00:00', 14, 148),
(760, '2015-02-16', '05:00:00', 21, 77),
(761, '2015-02-16', '04:00:00', 21, 144),
(762, '2015-02-16', '05:00:00', 21, 87),
(763, '2015-02-16', '04:00:00', 21, 148),
(764, '2015-02-16', '01:30:00', 10, 79),
(765, '2015-02-16', '01:30:00', 10, 86),
(766, '2015-02-16', '06:30:00', 9, 75),
(767, '2015-02-16', '06:30:00', 9, 85),
(768, '2015-02-11', '01:00:00', 94, 144),
(769, '2015-02-11', '01:00:00', 94, 148),
(770, '2015-02-16', '04:00:00', 93, 57),
(771, '2015-02-16', '04:00:00', 93, 59),
(772, '2015-02-16', '04:00:00', 93, 61),
(773, '2015-02-17', '08:00:00', 76, 65),
(774, '2015-02-17', '08:00:00', 76, 66),
(775, '2015-02-17', '08:00:00', 76, 67),
(776, '2015-02-17', '08:00:00', 76, 138),
(777, '2015-02-17', '08:00:00', 76, 68),
(778, '2015-02-17', '05:00:00', 14, 144),
(779, '2015-02-17', '05:00:00', 14, 79),
(780, '2015-02-17', '03:30:00', 14, 86),
(781, '2015-02-17', '05:00:00', 14, 88),
(782, '2015-02-17', '05:00:00', 14, 156),
(783, '2015-02-17', '05:00:00', 14, 95),
(784, '2015-02-17', '01:30:00', 15, 156),
(785, '2015-02-17', '01:30:00', 15, 95),
(786, '2015-02-13', '01:30:00', 16, 85),
(787, '2015-02-13', '01:30:00', 16, 88),
(788, '2015-02-17', '01:30:00', 16, 85),
(789, '2015-02-17', '01:30:00', 16, 75),
(790, '2015-02-17', '05:00:00', 9, 75),
(791, '2015-02-17', '05:00:00', 9, 85),
(792, '2015-02-16', '05:00:00', 88, 83),
(793, '2015-02-17', '05:00:00', 88, 83),
(794, '2015-02-18', '05:00:00', 88, 85),
(795, '2015-02-19', '05:00:00', 88, 85),
(796, '2015-02-20', '05:00:00', 88, 76),
(797, '2015-02-17', '02:00:00', 95, 144),
(798, '2015-02-17', '02:00:00', 95, 156),
(799, '2015-02-17', '02:00:00', 95, 79),
(800, '2015-02-17', '02:00:00', 95, 86),
(801, '2015-02-17', '02:00:00', 95, 95),
(802, '2015-02-17', '02:00:00', 95, 155),
(803, '2015-02-17', '02:00:00', 95, 88),
(804, '2015-02-17', '05:00:00', 21, 77),
(805, '2015-02-17', '05:00:00', 21, 148),
(806, '2015-02-17', '05:00:00', 21, 87),
(807, '2015-02-03', '02:00:00', 12, 144),
(808, '2015-02-03', '02:00:00', 12, 156),
(809, '2015-02-10', '02:00:00', 12, 144),
(810, '2015-02-10', '02:00:00', 12, 148),
(811, '2015-01-27', '01:00:00', 13, 144),
(812, '2015-01-27', '01:00:00', 13, 86),
(813, '2015-02-03', '01:00:00', 13, 144),
(814, '2015-02-03', '01:00:00', 13, 156),
(815, '2015-02-10', '01:00:00', 13, 144),
(816, '2015-02-10', '01:00:00', 13, 148),
(817, '2015-02-18', '05:00:00', 14, 144),
(818, '2015-02-18', '05:00:00', 14, 156),
(819, '2015-02-18', '05:00:00', 14, 79),
(820, '2015-02-18', '05:00:00', 14, 88),
(821, '2015-02-18', '05:00:00', 14, 86),
(822, '2015-02-18', '05:00:00', 14, 155),
(823, '2015-02-18', '01:30:00', 10, 79),
(824, '2015-02-18', '01:30:00', 10, 86),
(827, '2015-02-18', '02:00:00', 96, 156),
(828, '2015-02-18', '02:00:00', 96, 144),
(829, '2015-02-18', '02:00:00', 96, 79),
(830, '2015-02-18', '02:00:00', 96, 86),
(831, '2015-02-18', '02:00:00', 96, 155),
(832, '2015-02-18', '02:00:00', 96, 88),
(833, '2015-02-13', '08:00:00', 61, 61),
(834, '2015-02-13', '08:00:00', 61, 59),
(835, '2015-02-13', '08:00:00', 61, 60),
(836, '2015-02-16', '03:00:00', 61, 59),
(837, '2015-02-16', '04:00:00', 61, 57),
(838, '2015-02-16', '04:00:00', 61, 61),
(839, '2015-02-17', '08:00:00', 61, 57),
(840, '2015-02-17', '08:00:00', 61, 60),
(841, '2015-02-18', '08:00:00', 61, 57),
(842, '2015-02-18', '08:00:00', 61, 60),
(843, '2015-02-18', '08:00:00', 61, 61),
(844, '2015-02-18', '08:00:00', 76, 66),
(845, '2015-02-18', '08:00:00', 76, 65),
(846, '2015-02-18', '08:00:00', 76, 138),
(847, '2015-02-18', '08:00:00', 76, 67),
(848, '2015-02-19', '08:00:00', 76, 138),
(849, '2015-02-19', '08:00:00', 76, 68),
(850, '2015-02-19', '08:00:00', 97, 65),
(851, '2015-02-19', '08:00:00', 97, 149),
(852, '2015-02-19', '08:00:00', 61, 57),
(853, '2015-02-19', '08:55:00', 61, 61),
(854, '2015-02-19', '08:00:00', 61, 59),
(855, '2015-02-19', '05:00:00', 14, 144),
(856, '2015-02-19', '03:30:00', 14, 76),
(857, '2015-02-19', '03:30:00', 14, 79),
(858, '2015-02-19', '05:00:00', 14, 86),
(859, '2015-02-19', '05:00:00', 14, 88),
(860, '2015-02-19', '05:00:00', 14, 155),
(861, '2015-02-18', '05:00:00', 21, 77),
(862, '2015-02-18', '05:00:00', 21, 87),
(863, '2015-02-18', '05:00:00', 21, 148),
(864, '2015-02-19', '05:00:00', 21, 77),
(865, '2015-02-19', '05:00:00', 21, 148),
(866, '2015-02-19', '05:00:00', 21, 95),
(867, '2015-02-19', '04:00:00', 21, 156),
(868, '2015-02-20', '01:30:00', 10, 79),
(869, '2015-02-20', '01:30:00', 10, 86),
(870, '2015-02-18', '06:30:00', 9, 76),
(871, '2015-02-18', '02:30:00', 9, 75),
(872, '2015-02-19', '04:00:00', 9, 83),
(873, '2015-02-19', '02:30:00', 9, 76),
(874, '2015-02-19', '02:30:00', 9, 75),
(875, '2015-02-20', '05:00:00', 9, 83),
(876, '2015-02-20', '05:00:00', 9, 88),
(877, '2015-02-20', '08:00:00', 97, 149),
(878, '2015-02-20', '08:00:00', 97, 65),
(879, '2015-02-20', '08:00:00', 97, 66),
(880, '2015-02-20', '08:00:00', 97, 68),
(881, '2015-02-06', '02:00:00', 91, 175),
(882, '2015-02-06', '02:00:00', 91, 174),
(883, '2015-02-06', '02:00:00', 91, 173),
(884, '2015-02-23', '02:00:00', 91, 174),
(885, '2015-02-23', '02:00:00', 91, 173),
(886, '2015-02-23', '02:00:00', 91, 93),
(887, '2015-02-06', '02:00:00', 91, 93),
(888, '2015-02-23', '08:00:00', 97, 65),
(889, '2015-02-23', '08:00:00', 97, 66),
(890, '2015-02-23', '02:00:00', 19, 151),
(891, '2015-02-23', '02:00:00', 19, 160),
(892, '2015-02-23', '02:00:00', 19, 163),
(893, '2015-02-23', '02:00:00', 19, 167),
(894, '2015-02-23', '02:00:00', 19, 169),
(895, '2015-02-20', '05:00:00', 14, 156),
(896, '2015-02-20', '05:00:00', 14, 79),
(897, '2015-02-20', '05:00:00', 14, 86),
(898, '2015-02-20', '05:00:00', 14, 88),
(899, '2015-02-20', '05:00:00', 14, 144),
(900, '2015-02-20', '05:00:00', 14, 155),
(901, '2015-02-23', '05:00:00', 14, 79),
(902, '2015-02-23', '03:30:00', 14, 76),
(903, '2015-02-23', '05:00:00', 14, 86),
(904, '2015-02-23', '05:00:00', 14, 88),
(905, '2015-02-23', '05:00:00', 14, 155),
(906, '2015-02-23', '05:00:00', 14, 144),
(907, '2015-02-24', '06:00:00', 14, 144),
(908, '2015-02-24', '05:00:00', 14, 156),
(909, '2015-02-24', '06:00:00', 14, 79),
(910, '2015-02-24', '06:00:00', 14, 95),
(911, '2015-02-24', '06:00:00', 14, 88),
(912, '2015-02-24', '06:00:00', 14, 148),
(913, '2015-02-24', '06:00:00', 14, 85),
(914, '2015-02-24', '03:30:00', 14, 86),
(915, '2015-02-24', '05:00:00', 14, 155),
(916, '2015-02-20', '05:00:00', 21, 95),
(917, '2015-02-20', '05:00:00', 21, 87),
(918, '2015-02-20', '05:00:00', 21, 156),
(919, '2015-02-20', '05:00:00', 21, 148),
(920, '2015-02-21', '05:00:00', 21, 148),
(921, '2015-02-21', '05:00:00', 21, 95),
(922, '2015-02-21', '05:00:00', 21, 87),
(923, '2015-02-22', '05:00:00', 21, 77),
(924, '2015-02-22', '05:00:00', 21, 156),
(925, '2015-02-22', '05:00:00', 21, 148),
(926, '2015-02-22', '05:00:00', 21, 95),
(927, '2015-02-23', '05:00:00', 21, 77),
(928, '2015-02-23', '05:00:00', 21, 88),
(929, '2015-02-23', '05:00:00', 21, 156),
(930, '2015-02-23', '05:00:00', 21, 95),
(931, '2015-02-23', '05:00:00', 21, 77),
(932, '2015-02-24', '05:00:00', 21, 77),
(933, '2015-02-24', '05:00:00', 21, 139),
(934, '2015-02-24', '08:00:00', 97, 68),
(935, '2015-02-24', '08:00:00', 97, 66),
(936, '2015-02-24', '04:00:00', 97, 67),
(937, '2015-02-23', '08:00:00', 98, 68),
(938, '2015-02-23', '08:00:00', 98, 67),
(939, '2015-02-23', '04:00:00', 98, 149),
(940, '2015-02-23', '04:00:00', 98, 138),
(941, '2015-02-24', '02:30:00', 99, 144),
(942, '2015-02-24', '02:30:00', 99, 79),
(943, '2015-02-24', '02:30:00', 99, 85),
(944, '2015-02-24', '02:30:00', 99, 86),
(945, '2015-02-24', '02:30:00', 99, 155),
(946, '2015-02-24', '02:30:00', 99, 88),
(947, '2015-02-24', '02:30:00', 99, 148),
(948, '2015-02-24', '02:30:00', 99, 95),
(949, '2015-02-24', '08:00:00', 61, 57),
(950, '2015-02-24', '08:00:00', 61, 60),
(951, '2015-02-24', '08:00:00', 61, 59),
(952, '2015-02-24', '08:00:00', 61, 61),
(953, '2015-02-25', '05:00:00', 14, 156),
(954, '2015-02-25', '06:30:00', 14, 79),
(955, '2015-02-25', '06:30:00', 14, 86),
(956, '2015-02-25', '05:00:00', 14, 85),
(957, '2015-02-25', '05:00:00', 14, 155),
(958, '2015-02-25', '05:00:00', 14, 95),
(959, '2015-02-25', '05:00:00', 14, 88),
(960, '2015-02-25', '05:00:00', 14, 148),
(961, '2015-02-25', '05:00:00', 14, 144),
(962, '2015-02-25', '05:00:00', 21, 77),
(963, '2015-02-25', '05:00:00', 21, 139),
(964, '2015-02-25', '05:00:00', 21, 87),
(965, '2015-02-23', '01:30:00', 10, 79),
(966, '2015-02-23', '01:30:00', 10, 86),
(967, '2015-02-23', '01:30:00', 10, 79),
(968, '2015-02-25', '01:30:00', 10, 86),
(969, '2015-02-27', '01:30:00', 10, 79),
(970, '2015-02-27', '01:30:00', 10, 86),
(971, '2015-02-25', '01:00:00', 100, 86),
(972, '2015-02-25', '01:00:00', 100, 95),
(973, '2015-02-25', '01:30:00', 100, 88),
(974, '2015-02-25', '01:30:00', 100, 85),
(975, '2015-02-19', '01:30:00', 15, 156),
(976, '2015-02-19', '01:30:00', 15, 95),
(977, '2015-02-24', '01:30:00', 15, 144),
(978, '2015-02-24', '01:30:00', 15, 86),
(979, '2015-02-26', '01:30:00', 15, 86),
(980, '2015-02-26', '01:30:00', 15, 156),
(981, '2015-02-25', '01:00:00', 11, 144),
(982, '2015-02-25', '01:00:00', 11, 156),
(983, '2015-02-20', '01:30:00', 16, 83),
(984, '2015-02-20', '01:30:00', 16, 88),
(985, '2015-02-24', '01:30:00', 16, 75),
(986, '2015-02-24', '01:30:00', 16, 76),
(987, '2015-02-27', '01:30:00', 16, 83),
(988, '2015-02-27', '01:30:00', 16, 88),
(989, '2015-02-21', '05:30:00', 9, 83),
(990, '2015-02-21', '05:30:00', 9, 85),
(991, '2015-02-22', '05:30:00', 9, 83),
(992, '2015-02-22', '05:30:00', 9, 85),
(993, '2015-02-23', '06:30:00', 9, 75),
(994, '2015-02-23', '06:30:00', 9, 76),
(995, '2015-02-24', '05:00:00', 9, 75),
(996, '2015-02-24', '05:00:00', 9, 76),
(997, '2015-02-25', '06:30:00', 9, 83),
(998, '2015-02-25', '02:30:00', 9, 75),
(999, '2015-02-26', '06:30:00', 9, 76),
(1000, '2015-02-26', '02:30:00', 9, 75),
(1001, '2015-02-27', '05:00:00', 9, 83),
(1002, '2015-02-27', '05:00:00', 9, 88),
(1003, '2015-02-28', '05:30:00', 9, 75),
(1004, '2015-02-28', '05:30:00', 9, 79),
(1005, '2015-02-25', '03:00:00', 19, 169),
(1006, '2015-02-25', '03:00:00', 19, 151),
(1007, '2015-02-25', '04:00:00', 98, 66),
(1008, '2015-02-25', '04:00:00', 98, 65),
(1009, '2015-02-25', '04:00:00', 98, 67),
(1010, '2015-02-25', '04:00:00', 98, 138),
(1011, '2015-02-25', '04:00:00', 76, 65),
(1012, '2015-02-25', '04:00:00', 76, 66),
(1013, '2015-02-25', '04:00:00', 76, 67),
(1014, '2015-02-25', '04:00:00', 76, 138),
(1015, '2015-02-26', '05:00:00', 14, 156),
(1016, '2015-02-26', '05:00:00', 14, 88),
(1017, '2015-02-27', '02:30:00', 101, 148),
(1018, '2015-02-27', '02:30:00', 101, 156),
(1019, '2015-02-27', '02:30:00', 101, 85),
(1020, '2015-02-27', '02:30:00', 101, 95),
(1021, '2015-02-26', '02:30:00', 102, 144),
(1022, '2015-02-26', '02:30:00', 102, 148),
(1023, '2015-02-26', '02:30:00', 102, 155),
(1024, '2015-02-26', '02:30:00', 102, 95),
(1025, '2015-02-17', '02:00:00', 12, 79),
(1026, '2015-02-17', '02:00:00', 12, 155),
(1027, '2015-02-19', '02:00:00', 12, 79),
(1028, '2015-02-24', '02:30:00', 12, 79),
(1029, '2015-02-24', '02:30:00', 12, 155),
(1030, '2015-02-26', '02:30:00', 12, 88),
(1031, '2015-02-27', '04:00:00', 98, 68),
(1032, '2015-02-27', '04:00:00', 98, 66),
(1033, '2015-02-27', '04:00:00', 98, 149),
(1034, '2015-02-17', '01:00:00', 13, 155),
(1035, '2015-02-17', '01:00:00', 13, 79),
(1036, '2015-02-24', '01:00:00', 13, 85),
(1037, '2015-02-24', '01:00:00', 13, 155),
(1038, '2015-02-27', '05:00:00', 14, 144),
(1039, '2015-02-27', '05:00:00', 14, 156),
(1040, '2015-02-27', '05:00:00', 14, 155),
(1041, '2015-02-27', '05:00:00', 14, 86),
(1042, '2015-02-27', '05:00:00', 14, 148),
(1043, '2015-02-27', '05:00:00', 14, 85),
(1044, '2015-02-27', '05:00:00', 14, 95),
(1045, '2015-02-03', '04:00:00', 84, 171),
(1046, '2015-02-03', '04:00:00', 84, 150),
(1047, '2015-02-03', '04:00:00', 84, 168),
(1048, '2015-02-06', '05:00:00', 84, 150),
(1049, '2015-02-06', '05:00:00', 84, 171),
(1050, '2015-02-06', '05:00:00', 84, 172),
(1051, '2015-02-06', '05:00:00', 84, 163),
(1052, '2015-02-06', '05:00:00', 84, 170),
(1053, '2015-02-09', '05:00:00', 84, 171),
(1054, '2015-02-09', '05:00:00', 84, 150),
(1055, '2015-02-09', '05:00:00', 84, 151),
(1056, '2015-02-09', '03:00:00', 84, 169),
(1057, '2015-02-09', '03:00:00', 84, 167),
(1058, '2015-02-10', '05:00:00', 84, 171),
(1059, '2015-02-10', '05:00:00', 84, 150),
(1060, '2015-02-10', '05:00:00', 84, 163),
(1061, '2015-02-11', '05:00:00', 84, 151),
(1062, '2015-02-11', '05:00:00', 84, 153),
(1063, '2015-02-11', '05:00:00', 84, 167),
(1064, '2015-02-11', '05:00:00', 84, 159),
(1065, '2015-02-13', '03:00:00', 84, 162),
(1066, '2015-02-13', '03:00:00', 84, 163),
(1067, '2015-03-02', '00:30:00', 15, 88),
(1068, '2015-03-02', '01:30:00', 15, 76),
(1078, '2015-03-02', '06:30:00', 9, 76),
(1079, '2015-03-02', '06:30:00', 9, 88),
(1080, '2015-03-03', '05:00:00', 9, 83),
(1081, '2015-03-03', '05:30:00', 9, 88),
(1082, '2015-03-03', '01:30:00', 16, 88),
(1083, '2015-03-03', '01:30:00', 16, 83),
(1084, '2015-03-02', '01:00:00', 15, 144),
(1085, '2015-03-02', '01:00:00', 15, 156),
(1086, '2015-03-02', '03:30:00', 14, 85),
(1087, '2015-03-02', '02:30:00', 14, 139),
(1088, '2015-03-02', '01:30:00', 12, 139),
(1089, '2015-03-02', '01:30:00', 12, 83),
(1090, '2015-03-02', '01:30:00', 12, 79),
(1091, '2015-03-02', '01:00:00', 13, 79),
(1092, '2015-03-02', '01:00:00', 13, 139),
(1093, '2015-03-02', '01:00:00', 13, 155),
(1094, '2015-03-02', '01:30:00', 10, 79),
(1095, '2015-03-02', '01:30:00', 10, 86),
(1096, '2015-03-02', '04:00:00', 14, 86),
(1097, '2015-03-02', '04:30:00', 14, 155),
(1098, '2015-03-02', '05:00:00', 21, 77),
(1099, '2015-03-02', '04:00:00', 21, 144),
(1100, '2015-03-02', '05:00:00', 21, 148),
(1101, '2015-03-02', '04:00:00', 21, 156),
(1102, '2015-03-03', '05:00:00', 21, 144),
(1103, '2015-03-02', '05:00:00', 21, 77),
(1104, '2015-03-03', '05:00:00', 21, 148),
(1105, '2015-03-03', '05:00:00', 21, 87),
(1106, '2015-03-03', '05:00:00', 14, 156),
(1107, '2015-03-03', '05:00:00', 14, 75),
(1108, '2015-03-03', '05:00:00', 14, 155),
(1109, '2015-03-03', '05:00:00', 14, 86),
(1110, '2015-03-04', '01:15:00', 12, 83),
(1111, '2015-03-04', '02:00:00', 12, 155),
(1112, '2015-03-04', '02:00:00', 12, 79),
(1113, '2015-03-04', '01:00:00', 12, 75),
(1114, '2015-03-04', '01:00:00', 12, 86),
(1115, '2015-03-04', '05:00:00', 21, 144),
(1116, '2015-03-04', '05:00:00', 21, 77),
(1117, '2015-03-04', '05:00:00', 21, 87),
(1118, '2015-03-04', '05:00:00', 21, 148),
(1119, '2015-03-04', '05:00:00', 14, 79),
(1120, '2015-03-04', '05:00:00', 14, 86),
(1121, '2015-03-04', '05:00:00', 14, 83),
(1122, '2015-03-04', '05:00:00', 14, 155),
(1123, '2015-03-04', '03:30:00', 14, 75),
(1124, '2015-03-04', '06:30:00', 9, 76),
(1125, '2015-03-04', '01:30:00', 10, 86),
(1126, '2015-03-04', '01:30:00', 10, 79),
(1127, '2015-03-04', '02:00:00', 103, 75),
(1128, '2015-03-04', '02:00:00', 103, 79),
(1129, '2015-03-04', '02:00:00', 103, 86),
(1130, '2015-03-04', '02:00:00', 103, 155),
(1131, '2015-03-05', '05:00:00', 21, 77),
(1132, '2015-03-05', '05:00:00', 21, 148),
(1133, '2015-03-05', '05:00:00', 21, 87),
(1134, '2015-03-05', '05:00:00', 9, 144),
(1135, '2015-03-05', '05:00:00', 9, 83),
(1136, '2015-03-05', '05:00:00', 9, 156),
(1137, '2015-03-05', '03:00:00', 9, 155),
(1138, '2015-03-05', '02:00:00', 104, 155),
(1139, '2015-03-05', '06:30:00', 9, 75),
(1140, '2015-03-05', '02:30:00', 9, 76),
(1141, '2015-03-05', '03:30:00', 14, 79),
(1142, '2015-03-06', '05:00:00', 21, 77),
(1143, '2015-03-06', '05:00:00', 21, 148),
(1144, '2015-03-06', '05:00:00', 21, 87),
(1145, '2015-03-06', '01:30:00', 12, 79),
(1146, '2015-03-06', '01:30:00', 12, 75),
(1147, '2015-03-06', '01:30:00', 10, 86),
(1148, '2015-03-06', '01:30:00', 10, 79),
(1149, '2015-03-06', '05:00:00', 14, 156),
(1150, '2015-03-06', '02:00:00', 14, 79),
(1151, '2015-03-06', '03:30:00', 14, 86),
(1152, '2015-03-06', '03:00:00', 14, 75),
(1153, '2015-03-06', '01:30:00', 16, 76),
(1154, '2015-03-06', '01:30:00', 16, 88),
(1155, '2015-03-06', '04:30:00', 9, 88),
(1156, '2015-03-06', '05:00:00', 9, 76),
(1157, '2015-03-09', '05:00:00', 14, 144),
(1158, '2015-03-09', '05:00:00', 14, 79),
(1159, '2015-03-09', '03:30:00', 14, 75),
(1160, '2015-03-09', '04:00:00', 14, 86),
(1161, '2015-03-09', '05:00:00', 14, 176),
(1162, '2015-03-10', '05:00:00', 14, 144),
(1163, '2015-03-10', '05:00:00', 14, 156),
(1164, '2015-03-10', '05:00:00', 14, 79),
(1165, '2015-03-10', '05:00:00', 14, 86),
(1166, '2015-03-10', '05:00:00', 14, 95),
(1167, '2015-03-10', '05:00:00', 14, 88),
(1168, '2015-03-10', '05:00:00', 14, 75),
(1169, '2015-03-10', '05:00:00', 14, 176),
(1170, '2015-02-20', '02:30:00', 105, 144),
(1171, '2015-02-20', '02:30:00', 105, 79),
(1172, '2015-03-20', '02:30:00', 105, 156),
(1173, '2015-02-20', '02:30:00', 105, 155),
(1174, '2015-03-11', '01:00:00', 107, 75),
(1175, '2015-03-11', '01:00:00', 107, 95),
(1176, '2015-03-10', '01:00:00', 108, 75),
(1177, '2015-03-10', '01:00:00', 108, 176),
(1178, '2015-03-11', '05:00:00', 14, 156),
(1179, '2015-03-11', '05:00:00', 14, 75),
(1180, '2015-03-11', '05:00:00', 14, 95),
(1181, '2015-03-11', '05:00:00', 14, 144),
(1182, '2015-03-11', '05:00:00', 14, 86),
(1183, '2015-03-11', '04:30:00', 14, 88),
(1184, '2015-03-11', '05:00:00', 14, 79),
(1185, '2015-03-11', '05:00:00', 14, 95),
(1186, '2015-03-11', '01:30:00', 10, 79),
(1187, '2015-03-11', '01:30:00', 10, 86),
(1188, '2015-03-09', '04:00:00', 106, 65),
(1189, '2015-03-09', '04:00:00', 106, 67),
(1190, '2015-03-09', '08:00:00', 106, 149),
(1191, '2015-03-09', '08:00:00', 106, 138),
(1192, '2015-03-10', '08:00:00', 106, 149),
(1193, '2015-03-10', '08:00:00', 106, 68),
(1194, '2015-03-11', '08:00:00', 106, 138),
(1195, '2015-03-11', '08:00:00', 106, 68),
(1196, '2015-03-19', '08:00:00', 109, 65),
(1197, '2015-03-19', '04:00:00', 109, 68),
(1198, '2015-03-19', '08:00:00', 109, 66),
(1199, '2015-03-19', '08:00:00', 109, 149),
(1200, '2015-03-12', '05:00:00', 14, 144),
(1201, '2015-03-12', '05:00:00', 14, 156),
(1202, '2015-03-12', '03:30:00', 14, 88),
(1203, '2015-03-12', '05:00:00', 14, 176),
(1204, '2015-03-12', '05:00:00', 14, 86),
(1205, '2015-03-12', '05:00:00', 14, 95),
(1206, '2015-03-12', '02:30:00', 110, 156),
(1207, '2015-03-12', '02:30:00', 110, 144),
(1208, '2015-03-12', '02:30:00', 110, 176),
(1209, '2015-03-12', '02:30:00', 110, 95),
(1210, '2015-03-02', '05:00:00', 22, 77),
(1211, '2015-03-02', '05:00:00', 22, 144),
(1212, '2015-03-02', '04:00:00', 22, 156),
(1213, '2015-03-02', '05:00:00', 22, 148),
(1214, '2015-03-03', '05:00:00', 22, 77),
(1215, '2015-03-03', '05:00:00', 22, 87),
(1216, '2015-03-03', '04:00:00', 22, 144),
(1217, '2015-03-03', '05:00:00', 22, 148),
(1218, '2015-03-04', '05:00:00', 22, 144),
(1219, '2015-03-04', '05:00:00', 22, 77),
(1220, '2015-03-04', '05:00:00', 22, 87),
(1221, '2015-03-04', '05:00:00', 22, 148),
(1222, '2015-03-05', '05:00:00', 22, 77),
(1223, '2015-03-05', '05:00:00', 22, 148),
(1224, '2015-03-05', '05:00:00', 22, 87),
(1225, '2015-03-06', '05:00:00', 22, 77),
(1226, '2015-03-06', '05:00:00', 22, 148),
(1227, '2015-03-06', '05:00:00', 22, 87),
(1228, '2015-03-09', '05:00:00', 22, 156),
(1229, '2015-03-09', '05:00:00', 22, 77),
(1230, '2015-03-09', '05:00:00', 22, 148),
(1231, '2015-03-09', '05:00:00', 22, 95),
(1232, '2015-03-09', '05:00:00', 22, 87),
(1233, '2015-03-10', '05:00:00', 22, 77),
(1234, '2015-03-10', '05:00:00', 22, 148),
(1235, '2015-03-10', '05:00:00', 22, 87),
(1236, '2015-03-11', '05:00:00', 22, 77),
(1237, '2015-03-11', '05:00:00', 22, 148),
(1238, '2015-03-11', '05:00:00', 22, 87),
(1239, '2015-03-12', '05:00:00', 22, 77),
(1240, '2015-03-12', '05:00:00', 22, 87),
(1241, '2015-03-12', '05:00:00', 22, 148),
(1242, '2015-03-13', '05:00:00', 22, 77),
(1243, '2015-03-13', '05:00:00', 22, 87),
(1244, '2015-03-13', '05:00:00', 22, 148),
(1245, '2015-03-11', '02:00:00', 114, 176),
(1246, '2015-03-11', '02:00:00', 114, 148),
(1247, '2015-03-07', '05:30:00', 9, 83),
(1248, '2015-03-07', '05:30:00', 9, 88),
(1249, '2015-03-08', '05:30:00', 9, 83),
(1250, '2015-03-08', '05:30:00', 9, 88),
(1251, '2015-03-09', '06:30:00', 9, 83),
(1252, '2015-03-09', '06:30:00', 9, 76),
(1253, '2015-03-10', '05:00:00', 9, 76),
(1254, '2015-03-10', '05:00:00', 9, 83),
(1255, '2015-03-11', '02:30:00', 9, 75),
(1256, '2015-03-11', '02:30:00', 9, 88),
(1257, '2015-03-12', '06:30:00', 9, 75),
(1258, '2015-03-12', '02:30:00', 9, 88),
(1259, '2015-03-13', '05:00:00', 9, 88),
(1260, '2015-03-13', '05:00:00', 9, 83),
(1261, '2015-03-14', '05:30:00', 9, 75),
(1262, '2015-03-14', '05:30:00', 9, 76),
(1263, '2015-03-15', '05:30:00', 9, 75),
(1264, '2015-03-15', '05:30:00', 9, 76),
(1265, '2015-03-10', '01:30:00', 16, 76),
(1266, '2015-03-10', '01:30:00', 16, 83),
(1267, '2015-03-13', '01:30:00', 16, 83),
(1268, '2015-03-13', '01:30:00', 16, 88),
(1269, '2015-03-13', '05:00:00', 14, 144),
(1270, '2015-03-13', '05:00:00', 14, 156),
(1271, '2015-03-13', '05:00:00', 14, 176),
(1272, '2015-03-13', '05:00:00', 14, 95),
(1273, '2015-03-13', '05:00:00', 14, 79),
(1274, '2015-03-05', '01:30:00', 15, 144),
(1275, '2015-03-05', '01:30:00', 15, 79),
(1276, '2015-03-10', '01:30:00', 15, 156),
(1277, '2015-03-10', '01:30:00', 15, 95),
(1278, '2015-03-12', '01:30:00', 15, 144),
(1279, '2015-03-12', '01:30:00', 15, 176),
(1280, '2015-03-12', '04:00:00', 112, 173),
(1281, '2015-03-12', '04:00:00', 112, 174),
(1282, '2015-03-12', '04:00:00', 112, 93),
(1283, '2015-02-25', '08:00:00', 61, 57),
(1284, '2015-02-25', '08:00:00', 61, 60),
(1285, '2015-02-25', '08:00:00', 61, 61),
(1286, '2015-02-26', '04:00:00', 61, 57),
(1287, '2015-02-26', '04:00:00', 61, 59),
(1288, '2015-02-26', '04:00:00', 61, 61),
(1289, '2015-02-27', '08:00:00', 61, 61),
(1290, '2015-02-27', '08:00:00', 61, 60),
(1291, '2015-02-27', '08:00:00', 61, 59),
(1292, '2015-03-02', '08:00:00', 61, 57),
(1293, '2015-03-02', '08:00:00', 61, 60),
(1294, '2015-03-02', '08:00:00', 61, 59),
(1295, '2015-03-02', '08:00:00', 61, 61),
(1296, '2015-03-03', '08:00:00', 61, 57);
INSERT INTO `tempstravail` (`TRA_NumTravail`, `TRA_Date`, `TRA_Duree`, `CHA_NumDevis`, `SAL_NumSalarie`) VALUES
(1297, '2015-03-03', '08:00:00', 61, 60),
(1298, '2015-03-03', '08:00:00', 61, 59),
(1299, '2015-03-03', '08:00:00', 61, 61),
(1300, '2015-03-04', '08:00:00', 61, 57),
(1301, '2015-03-04', '08:00:00', 61, 60),
(1302, '2015-03-05', '08:00:00', 61, 61),
(1303, '2015-03-05', '08:00:00', 61, 59),
(1304, '2015-03-05', '08:00:00', 61, 57),
(1305, '2015-03-06', '08:00:00', 61, 60),
(1306, '2015-03-06', '08:00:00', 61, 59),
(1307, '2015-03-06', '08:00:00', 61, 61),
(1308, '2015-03-12', '02:00:00', 19, 150),
(1309, '2015-03-12', '02:00:00', 19, 171),
(1310, '2015-03-12', '02:00:00', 19, 166),
(1311, '2015-03-12', '02:00:00', 19, 160),
(1312, '2015-03-13', '03:00:00', 18, 166),
(1313, '2015-03-13', '03:00:00', 18, 171),
(1314, '2015-03-13', '03:00:00', 18, 163),
(1315, '2015-03-13', '03:00:00', 18, 162),
(1316, '2015-03-16', '05:00:00', 14, 144),
(1317, '2015-03-16', '05:00:00', 14, 176),
(1318, '2015-03-16', '05:00:00', 14, 79),
(1319, '2015-03-16', '05:00:00', 14, 79),
(1320, '2015-03-16', '02:00:00', 118, 144),
(1321, '2015-03-16', '02:00:00', 118, 176),
(1322, '2015-03-16', '02:00:00', 118, 79),
(1323, '2015-03-16', '02:00:00', 118, 155),
(1324, '2015-03-16', '05:00:00', 22, 156),
(1325, '2015-03-16', '05:00:00', 22, 148),
(1326, '2015-03-16', '05:00:00', 22, 87),
(1327, '2015-03-16', '05:00:00', 22, 95),
(1328, '2015-03-12', '08:00:00', 106, 138),
(1329, '2015-03-12', '08:00:00', 106, 68),
(1330, '2015-03-12', '08:00:00', 106, 149),
(1331, '2015-03-13', '08:00:00', 106, 138),
(1332, '2015-03-13', '08:00:00', 106, 68),
(1333, '2015-03-13', '08:00:00', 106, 66),
(1334, '2015-03-16', '08:00:00', 106, 66),
(1335, '2015-03-16', '08:00:00', 106, 149),
(1336, '2015-03-09', '04:00:00', 111, 57),
(1337, '2015-03-09', '04:00:00', 111, 61),
(1338, '2015-03-09', '08:00:00', 111, 60),
(1339, '2015-03-10', '04:00:00', 111, 57),
(1340, '2015-03-10', '04:00:00', 111, 60),
(1341, '2015-03-10', '04:00:00', 111, 59),
(1342, '2015-03-10', '04:00:00', 61, 57),
(1343, '2015-03-10', '04:00:00', 61, 60),
(1344, '2015-03-10', '04:00:00', 61, 59),
(1345, '2015-03-11', '08:00:00', 61, 57),
(1346, '2015-03-11', '08:00:00', 61, 61),
(1347, '2015-03-11', '08:00:00', 61, 60),
(1348, '2015-03-12', '08:00:00', 61, 57),
(1349, '2015-03-12', '08:00:00', 61, 61),
(1350, '2015-03-12', '08:00:00', 61, 59),
(1351, '2015-03-13', '08:00:00', 61, 59),
(1352, '2015-03-13', '08:00:00', 61, 61),
(1353, '2015-03-16', '04:00:00', 61, 57),
(1354, '2015-03-16', '04:00:00', 61, 61),
(1355, '2015-03-16', '08:00:00', 61, 59),
(1356, '2015-03-16', '08:00:00', 61, 60),
(1357, '2015-03-11', '08:00:00', 113, 67),
(1358, '2015-03-11', '08:00:00', 113, 65),
(1359, '2015-03-12', '08:00:00', 113, 65),
(1360, '2015-03-12', '08:00:00', 113, 67),
(1361, '2015-03-13', '04:00:00', 113, 65),
(1362, '2015-03-13', '04:00:00', 113, 66),
(1363, '2015-03-16', '04:00:00', 113, 65),
(1364, '2015-03-16', '04:00:00', 113, 67),
(1365, '2015-03-16', '02:00:00', 18, 163),
(1366, '2015-03-16', '02:00:00', 18, 151),
(1367, '2015-03-16', '02:00:00', 18, 160),
(1368, '2015-03-16', '02:00:00', 18, 162),
(1369, '2015-03-16', '02:00:00', 18, 167),
(1370, '2015-03-17', '03:00:00', 19, 163),
(1371, '2015-03-17', '03:00:00', 19, 171),
(1372, '2015-03-17', '08:00:00', 115, 57),
(1373, '2015-03-17', '08:00:00', 115, 59),
(1374, '2015-03-17', '08:00:00', 115, 60),
(1375, '2015-03-17', '02:00:00', 14, 144),
(1376, '2015-03-17', '02:00:00', 14, 176),
(1377, '2015-03-17', '02:00:00', 14, 75),
(1378, '2015-03-17', '02:00:00', 14, 156),
(1379, '2015-03-17', '03:30:00', 14, 79),
(1380, '2015-03-17', '02:00:00', 14, 155),
(1381, '2015-03-17', '02:00:00', 14, 95),
(1382, '2015-03-17', '03:30:00', 14, 86),
(1383, '2015-03-17', '02:00:00', 119, 156),
(1384, '2015-03-17', '02:00:00', 119, 144),
(1385, '2015-03-17', '02:00:00', 119, 176),
(1386, '2015-03-17', '02:00:00', 119, 75),
(1387, '2015-03-17', '02:00:00', 119, 155),
(1388, '2015-03-17', '02:00:00', 119, 95),
(1389, '2015-03-18', '02:30:00', 120, 144),
(1390, '2015-03-18', '02:30:00', 120, 156),
(1391, '2015-03-18', '02:30:00', 120, 176),
(1392, '2015-03-18', '02:30:00', 120, 79),
(1393, '2015-03-18', '02:30:00', 120, 86),
(1394, '2015-03-18', '02:30:00', 120, 155),
(1395, '2015-03-18', '02:30:00', 120, 95),
(1396, '2015-03-18', '02:30:00', 120, 75),
(1397, '2015-03-17', '01:30:00', 15, 144),
(1398, '2015-03-17', '01:30:00', 15, 156),
(1399, '2015-03-19', '01:30:00', 15, 79),
(1400, '2015-03-19', '01:30:00', 15, 176),
(1401, '2015-03-16', '06:30:00', 9, 83),
(1402, '2015-03-16', '06:30:00', 9, 88),
(1403, '2015-03-17', '05:00:00', 9, 76),
(1404, '2015-03-17', '05:00:00', 9, 88),
(1405, '2015-03-18', '05:00:00', 9, 83),
(1406, '2015-03-18', '02:30:00', 9, 75),
(1407, '2015-03-18', '02:30:00', 9, 88),
(1408, '2015-03-19', '06:30:00', 9, 76),
(1409, '2015-03-19', '02:30:00', 9, 88),
(1410, '2015-03-20', '05:00:00', 9, 76),
(1411, '2015-03-20', '05:00:00', 9, 88),
(1412, '2015-03-21', '05:30:00', 9, 83),
(1413, '2015-03-21', '05:30:00', 9, 79),
(1414, '2015-03-22', '05:30:00', 9, 83),
(1415, '2015-03-22', '05:30:00', 9, 79),
(1416, '2015-03-17', '05:00:00', 22, 77),
(1417, '2015-03-17', '05:00:00', 22, 148),
(1418, '2015-03-17', '05:00:00', 22, 87),
(1419, '2015-03-18', '05:00:00', 22, 77),
(1420, '2015-03-18', '05:00:00', 22, 148),
(1421, '2015-03-18', '05:00:00', 22, 87),
(1422, '2015-03-19', '05:00:00', 22, 77),
(1423, '2015-03-19', '05:00:00', 22, 148),
(1424, '2015-03-19', '05:00:00', 22, 87),
(1425, '2015-03-17', '04:00:00', 113, 66),
(1426, '2015-03-17', '04:00:00', 113, 65),
(1427, '2015-03-17', '04:00:00', 113, 68),
(1428, '2015-03-18', '08:00:00', 113, 66),
(1429, '2015-03-18', '08:00:00', 113, 65),
(1430, '2015-03-18', '04:00:00', 113, 138),
(1431, '2015-03-18', '04:00:00', 113, 68),
(1432, '2015-03-18', '04:00:00', 106, 138),
(1433, '2015-03-18', '04:00:00', 106, 68),
(1434, '2015-03-10', '08:00:00', 113, 65),
(1435, '2015-03-10', '08:00:00', 113, 67),
(1436, '2015-03-18', '05:00:00', 14, 144),
(1437, '2015-03-18', '05:00:00', 14, 156),
(1438, '2015-03-18', '05:00:00', 14, 176),
(1439, '2015-03-18', '05:00:00', 14, 75),
(1440, '2015-03-18', '05:00:00', 14, 79),
(1441, '2015-03-18', '05:00:00', 14, 86),
(1442, '2015-03-18', '05:00:00', 14, 95),
(1443, '2015-03-18', '05:00:00', 14, 155),
(1444, '2015-03-19', '05:00:00', 14, 144),
(1445, '2015-03-19', '05:00:00', 14, 156),
(1446, '2015-03-19', '05:00:00', 14, 176),
(1447, '2015-03-19', '03:30:00', 14, 79),
(1448, '2015-03-19', '05:00:00', 14, 155),
(1449, '2015-03-19', '03:30:00', 14, 88),
(1450, '2015-03-19', '05:00:00', 14, 95),
(1451, '2015-03-19', '05:00:00', 14, 83),
(1452, '2015-03-19', '05:00:00', 14, 86),
(1453, '2015-03-19', '02:00:00', 121, 144),
(1454, '2015-03-19', '02:00:00', 121, 156),
(1455, '2015-03-19', '02:00:00', 121, 176),
(1456, '2015-03-19', '02:00:00', 121, 83),
(1457, '2015-03-19', '02:00:00', 121, 155),
(1458, '2015-03-19', '02:00:00', 121, 86),
(1459, '2015-03-19', '02:00:00', 121, 95),
(1460, '2015-03-19', '04:00:00', 109, 138),
(1461, '2015-03-20', '04:00:00', 113, 66),
(1462, '2015-03-20', '04:00:00', 113, 149),
(1463, '2015-03-20', '04:00:00', 106, 138),
(1464, '2015-03-20', '04:00:00', 106, 68),
(1465, '2015-03-18', '08:00:00', 115, 57),
(1466, '2015-03-18', '08:00:00', 115, 60),
(1467, '2015-03-18', '08:00:00', 115, 61),
(1468, '2015-03-20', '04:00:00', 115, 59),
(1469, '2015-03-20', '04:00:00', 115, 60),
(1470, '2015-03-20', '04:00:00', 115, 61),
(1471, '2015-03-16', '05:00:00', 14, 180),
(1472, '2015-03-17', '05:00:00', 14, 180),
(1473, '2015-03-18', '05:00:00', 14, 180),
(1474, '2015-03-19', '05:00:00', 14, 180),
(1475, '2015-03-20', '05:00:00', 14, 180),
(1476, '2015-03-23', '05:00:00', 14, 144),
(1477, '2015-03-23', '05:00:00', 14, 176),
(1478, '2015-03-23', '05:00:00', 14, 180),
(1479, '2015-03-23', '05:00:00', 14, 155),
(1480, '2015-03-23', '05:00:00', 14, 86),
(1481, '2015-03-23', '02:00:00', 14, 79),
(1482, '2015-03-20', '05:00:00', 22, 77),
(1483, '2015-03-20', '05:00:00', 22, 148),
(1484, '2015-03-20', '05:00:00', 22, 87),
(1485, '2015-03-21', '05:00:00', 22, 95),
(1486, '2015-03-21', '05:00:00', 22, 144),
(1487, '2015-03-23', '05:00:00', 22, 156),
(1488, '2015-03-23', '05:00:00', 22, 77),
(1489, '2015-03-23', '03:30:00', 22, 95),
(1490, '2015-03-23', '05:00:00', 22, 87),
(1491, '2015-03-23', '05:00:00', 22, 148),
(1492, '2015-03-23', '06:30:00', 9, 75),
(1493, '2015-03-23', '06:30:00', 9, 76),
(1494, '2015-03-13', '01:30:00', 10, 79),
(1495, '2015-03-13', '01:30:00', 10, 86),
(1496, '2015-03-16', '01:30:00', 10, 79),
(1497, '2015-03-16', '01:30:00', 10, 86),
(1498, '2015-03-18', '01:30:00', 10, 79),
(1499, '2015-03-18', '01:30:00', 10, 86),
(1500, '2015-03-20', '01:30:00', 10, 79),
(1501, '2015-03-23', '01:30:00', 10, 67),
(1502, '2015-03-25', '01:30:00', 10, 79),
(1503, '2015-03-25', '01:30:00', 10, 86),
(1504, '2015-03-27', '01:30:00', 10, 86),
(1505, '2015-03-27', '01:30:00', 10, 79),
(1506, '2015-03-23', '08:00:00', 109, 66),
(1507, '2015-03-23', '08:00:00', 109, 149),
(1508, '2015-03-23', '08:00:00', 109, 67),
(1509, '2015-03-23', '04:00:00', 109, 65),
(1510, '2015-03-20', '04:00:00', 61, 59),
(1511, '2015-03-20', '04:00:00', 61, 60),
(1512, '2015-03-20', '04:00:00', 61, 61),
(1513, '2015-03-23', '08:00:00', 61, 57),
(1514, '2015-03-23', '08:00:00', 61, 59),
(1515, '2015-03-23', '08:00:00', 61, 60),
(1516, '2015-03-23', '08:00:00', 61, 61),
(1517, '2015-03-24', '05:00:00', 14, 86),
(1518, '2015-03-24', '05:00:00', 14, 95),
(1519, '2015-03-24', '05:00:00', 14, 181),
(1520, '2015-03-24', '02:30:00', 14, 144),
(1522, '2015-03-24', '02:30:00', 14, 155),
(1523, '2015-03-24', '02:30:00', 14, 148),
(1524, '2015-03-24', '02:30:00', 122, 144),
(1525, '2015-03-24', '02:30:00', 122, 176),
(1526, '2015-03-24', '02:30:00', 122, 155),
(1527, '2015-03-24', '02:30:00', 122, 180),
(1528, '2015-03-24', '02:30:00', 122, 148),
(1529, '2015-03-24', '05:00:00', 22, 77),
(1530, '2015-03-24', '05:00:00', 22, 148),
(1531, '2015-03-24', '05:00:00', 22, 87),
(1532, '2015-03-25', '05:00:00', 22, 77),
(1533, '2015-03-25', '05:00:00', 22, 148),
(1534, '2015-03-25', '05:00:00', 22, 87),
(1535, '2015-03-24', '08:00:00', 109, 66),
(1536, '2015-03-24', '08:00:00', 109, 65),
(1537, '2015-03-24', '08:00:00', 109, 67),
(1538, '2015-03-24', '08:00:00', 109, 68),
(1539, '2015-03-24', '08:00:00', 61, 57),
(1540, '2015-03-24', '08:00:00', 61, 60),
(1541, '2015-03-24', '04:00:00', 61, 59),
(1542, '2015-03-25', '04:00:00', 109, 138),
(1543, '2015-03-25', '04:00:00', 109, 66),
(1544, '2015-03-25', '04:00:00', 109, 138),
(1545, '2015-03-25', '04:00:00', 109, 67),
(1546, '2015-03-25', '02:30:00', 123, 77),
(1547, '2015-03-25', '02:30:00', 123, 76),
(1548, '2015-03-25', '02:30:00', 123, 83),
(1549, '2015-03-25', '02:30:00', 123, 75),
(1550, '2015-03-25', '02:30:00', 123, 180),
(1551, '2015-03-25', '02:30:00', 123, 87),
(1552, '2015-03-25', '02:30:00', 124, 144),
(1553, '2015-03-25', '02:30:00', 124, 176),
(1554, '2015-03-25', '02:30:00', 124, 155),
(1555, '2015-03-25', '02:30:00', 124, 95),
(1556, '2015-03-25', '03:00:00', 125, 156),
(1557, '2015-03-25', '03:00:00', 125, 181),
(1558, '2015-03-25', '03:00:00', 125, 86),
(1559, '2015-03-25', '05:00:00', 14, 144),
(1560, '2015-03-25', '05:00:00', 14, 156),
(1561, '2015-03-25', '02:30:00', 14, 75),
(1562, '2015-03-25', '02:30:00', 14, 77),
(1563, '2015-03-25', '02:30:00', 14, 76),
(1564, '2015-03-25', '05:00:00', 14, 176),
(1565, '2015-03-25', '05:00:00', 14, 181),
(1566, '2015-03-25', '02:30:00', 14, 83),
(1567, '2015-03-25', '02:30:00', 14, 180),
(1568, '2015-03-25', '05:00:00', 14, 86),
(1569, '2015-03-25', '02:30:00', 14, 87),
(1570, '2015-03-25', '05:00:00', 14, 155),
(1571, '2015-03-25', '05:00:00', 14, 95),
(1572, '2015-03-25', '08:00:00', 61, 57),
(1573, '2015-03-25', '08:00:00', 61, 59),
(1574, '2015-03-25', '08:00:00', 61, 60),
(1575, '2015-03-26', '04:00:00', 109, 149),
(1576, '2015-03-26', '04:00:00', 109, 68),
(1577, '2015-03-26', '04:00:00', 109, 138),
(1578, '2015-03-26', '05:00:00', 14, 156),
(1579, '2015-03-26', '05:00:00', 14, 144),
(1580, '2015-03-26', '05:00:00', 14, 176),
(1581, '2015-03-26', '05:00:00', 14, 181),
(1582, '2015-03-26', '05:00:00', 14, 180),
(1583, '2015-03-26', '03:30:00', 14, 86),
(1584, '2015-03-26', '05:00:00', 14, 155),
(1585, '2015-03-26', '05:00:00', 14, 95),
(1586, '2015-03-26', '02:30:00', 126, 144),
(1587, '2015-03-26', '02:30:00', 126, 155),
(1588, '2015-03-26', '02:30:00', 126, 95),
(1589, '2015-03-26', '08:00:00', 61, 57),
(1590, '2015-03-26', '08:00:00', 61, 59),
(1591, '2015-03-27', '05:00:00', 14, 144),
(1592, '2015-03-27', '05:00:00', 14, 176),
(1593, '2015-03-27', '05:00:00', 14, 79),
(1594, '2015-03-27', '05:00:00', 14, 86),
(1595, '2015-03-27', '05:00:00', 14, 95),
(1596, '2015-03-26', '05:00:00', 22, 77),
(1597, '2015-03-26', '05:00:00', 22, 148),
(1598, '2015-03-26', '05:00:00', 22, 87),
(1599, '2015-03-27', '05:00:00', 22, 156),
(1600, '2015-03-27', '05:00:00', 22, 181),
(1601, '2015-03-27', '05:00:00', 22, 87),
(1602, '2015-03-27', '05:00:00', 22, 156),
(1603, '2015-03-27', '05:00:00', 22, 95),
(1604, '2015-03-27', '02:30:00', 127, 144),
(1605, '2015-03-27', '02:30:00', 127, 176),
(1606, '2015-03-27', '02:30:00', 127, 95),
(1607, '2015-03-27', '02:30:00', 127, 180),
(1608, '2015-03-30', '05:00:00', 14, 144),
(1609, '2015-03-30', '05:00:00', 14, 176),
(1610, '2015-03-30', '05:30:00', 14, 79),
(1611, '2015-03-30', '05:00:00', 14, 181),
(1612, '2015-03-30', '05:00:00', 14, 180),
(1613, '2015-03-30', '05:30:00', 14, 86),
(1614, '2015-03-30', '03:30:00', 14, 83),
(1615, '2015-03-30', '05:00:00', 14, 155),
(1616, '2015-03-30', '02:00:00', 128, 180),
(1617, '2015-03-30', '02:00:00', 128, 155),
(1618, '2015-03-30', '02:00:00', 128, 83),
(1619, '2015-03-30', '02:00:00', 129, 176),
(1620, '2015-03-30', '02:00:00', 129, 144),
(1621, '2015-03-30', '02:00:00', 129, 144),
(1622, '2015-03-28', '05:00:00', 22, 156),
(1623, '2015-03-28', '05:00:00', 22, 95),
(1624, '2015-03-29', '05:00:00', 22, 156),
(1625, '2015-03-29', '05:00:00', 22, 77),
(1626, '2015-03-29', '05:00:00', 22, 148),
(1627, '2015-03-30', '05:00:00', 22, 77),
(1628, '2015-03-30', '05:00:00', 22, 148),
(1629, '2015-03-30', '05:00:00', 22, 87),
(1630, '2015-03-24', '05:00:00', 9, 75),
(1631, '2015-03-24', '05:00:00', 9, 76),
(1632, '2015-03-25', '04:00:00', 9, 83),
(1633, '2015-03-25', '02:30:00', 9, 76),
(1634, '2015-03-25', '02:30:00', 9, 75),
(1635, '2015-03-26', '06:30:00', 9, 75),
(1636, '2015-03-26', '02:30:00', 9, 83),
(1637, '2015-03-27', '05:00:00', 9, 83),
(1638, '2015-03-28', '05:30:00', 9, 79),
(1639, '2015-03-28', '05:30:00', 9, 76),
(1640, '2015-03-29', '05:30:00', 9, 79),
(1641, '2015-03-29', '05:30:00', 9, 75),
(1642, '2015-03-30', '06:30:00', 9, 76),
(1643, '2015-03-30', '06:30:00', 9, 75),
(1644, '2015-03-31', '05:00:00', 9, 76),
(1645, '2015-03-31', '05:00:00', 9, 155),
(1646, '2015-03-11', '01:00:00', 11, 156),
(1647, '2015-03-11', '01:00:00', 11, 79),
(1648, '2015-03-25', '01:00:00', 11, 176),
(1649, '2015-03-25', '01:00:00', 11, 144),
(1650, '2015-03-30', '01:30:00', 10, 79),
(1651, '2015-03-30', '01:30:00', 10, 86),
(1652, '2015-03-09', '01:30:00', 12, 79),
(1653, '2015-03-09', '01:30:00', 12, 176),
(1654, '2015-03-09', '01:30:00', 12, 75),
(1655, '2015-03-09', '01:30:00', 12, 144),
(1656, '2015-03-11', '02:00:00', 12, 144),
(1657, '2015-03-11', '02:00:00', 12, 176),
(1658, '2015-03-13', '01:30:00', 12, 95),
(1659, '2015-03-13', '01:30:00', 12, 156),
(1660, '2015-03-13', '01:30:00', 12, 176),
(1661, '2015-03-16', '01:30:00', 12, 79),
(1662, '2015-03-16', '01:30:00', 12, 155),
(1663, '2015-03-16', '01:30:00', 12, 176),
(1664, '2015-03-19', '01:30:00', 12, 79),
(1665, '2015-03-19', '01:30:00', 12, 155),
(1666, '2015-03-23', '01:30:00', 12, 144),
(1667, '2015-03-23', '01:30:00', 12, 176),
(1668, '2015-03-26', '01:30:00', 12, 181),
(1669, '2015-03-26', '01:30:00', 12, 180),
(1670, '2015-03-11', '01:00:00', 13, 156),
(1671, '2015-03-11', '01:00:00', 13, 176),
(1672, '2015-03-18', '01:00:00', 13, 86),
(1673, '2015-03-18', '01:00:00', 13, 155),
(1674, '2015-03-25', '01:00:00', 13, 176),
(1675, '2015-03-25', '01:00:00', 13, 155),
(1676, '2015-03-17', '01:30:00', 16, 76),
(1677, '2015-03-17', '01:30:00', 16, 88),
(1678, '2015-03-20', '01:30:00', 16, 76),
(1679, '2015-03-20', '01:30:00', 16, 75),
(1680, '2015-03-24', '01:30:00', 16, 75),
(1681, '2015-03-24', '01:30:00', 16, 76),
(1682, '2015-03-27', '01:30:00', 16, 83),
(1683, '2015-03-31', '01:30:00', 16, 76),
(1684, '2015-03-31', '01:30:00', 16, 155),
(1685, '2015-03-24', '01:30:00', 15, 156),
(1686, '2015-03-24', '01:30:00', 15, 176),
(1687, '2015-03-27', '01:30:00', 15, 86),
(1688, '2015-03-27', '01:30:00', 15, 180),
(1689, '2015-03-31', '01:30:00', 15, 176),
(1690, '2015-03-31', '01:30:00', 15, 144),
(1691, '2015-03-30', '02:00:00', 18, 151),
(1692, '2015-03-30', '02:00:00', 18, 172),
(1693, '2015-03-30', '02:00:00', 18, 179),
(1694, '2015-03-30', '02:00:00', 18, 160),
(1695, '2015-03-27', '08:00:00', 61, 60),
(1696, '2015-03-30', '08:00:00', 61, 60),
(1697, '2015-03-30', '04:00:00', 61, 59),
(1698, '2015-03-31', '03:00:00', 134, 176),
(1699, '2015-03-31', '03:00:00', 134, 181),
(1700, '2015-03-31', '03:00:00', 134, 144),
(1701, '2015-03-31', '03:00:00', 134, 95),
(1702, '2015-03-31', '05:00:00', 14, 176),
(1703, '2015-03-31', '05:00:00', 14, 181),
(1704, '2015-03-31', '05:00:00', 14, 144),
(1705, '2015-03-31', '05:00:00', 14, 95),
(1706, '2015-03-31', '03:30:00', 14, 86),
(1707, '2015-03-31', '05:00:00', 22, 77),
(1708, '2015-03-31', '05:00:00', 22, 148),
(1709, '2015-03-31', '05:00:00', 22, 87),
(1710, '2015-03-25', '04:00:00', 130, 66),
(1711, '2015-03-25', '04:00:00', 130, 138),
(1712, '2015-03-25', '04:00:00', 130, 67),
(1713, '2015-03-25', '04:00:00', 130, 65),
(1714, '2015-03-26', '04:00:00', 130, 138),
(1715, '2015-03-26', '04:00:00', 130, 68),
(1716, '2015-03-26', '04:00:00', 130, 149),
(1717, '2015-03-27', '08:00:00', 130, 138),
(1718, '2015-03-27', '08:00:00', 130, 66),
(1719, '2015-03-27', '08:00:00', 131, 68),
(1720, '2015-03-27', '08:00:00', 131, 149),
(1721, '2015-03-30', '08:00:00', 131, 65),
(1722, '2015-03-30', '08:00:00', 131, 149),
(1723, '2015-03-31', '08:00:00', 131, 65),
(1724, '2015-03-31', '08:00:00', 131, 67),
(1725, '2015-03-31', '08:00:00', 131, 68),
(1726, '2015-03-27', '08:00:00', 132, 61),
(1727, '2015-03-26', '08:00:00', 132, 61),
(1728, '2015-03-25', '08:00:00', 132, 61),
(1729, '2015-03-24', '04:00:00', 132, 59),
(1730, '2015-03-30', '04:00:00', 132, 59),
(1731, '2015-03-31', '04:00:00', 132, 59),
(1732, '2015-04-01', '04:30:00', 135, 79),
(1733, '2015-04-01', '04:30:00', 135, 181),
(1734, '2015-04-01', '04:30:00', 135, 180),
(1735, '2015-04-01', '04:30:00', 135, 155),
(1736, '2015-03-12', '04:00:00', 136, 138),
(1737, '2015-03-12', '04:00:00', 136, 68),
(1738, '2015-04-01', '02:00:00', 20, 151),
(1739, '2015-04-01', '05:00:00', 80, 169),
(1740, '2015-04-01', '05:00:00', 80, 150),
(1741, '2015-04-01', '02:00:00', 19, 163),
(1742, '2015-04-01', '02:00:00', 19, 171),
(1743, '2015-04-01', '08:00:00', 61, 60),
(1744, '2015-04-01', '08:00:00', 61, 57),
(1745, '2015-04-01', '08:00:00', 132, 61),
(1746, '2015-04-01', '08:00:00', 131, 65),
(1747, '2015-04-01', '08:00:00', 131, 138),
(1748, '2015-04-01', '08:00:00', 131, 67),
(1749, '2015-04-01', '05:00:00', 47, 156),
(1750, '2015-04-01', '03:30:00', 47, 75),
(1751, '2015-04-01', '05:00:00', 47, 176),
(1752, '2015-04-01', '03:30:00', 47, 76),
(1753, '2015-04-01', '05:00:00', 47, 181),
(1754, '2015-04-01', '05:00:00', 47, 79),
(1755, '2015-04-01', '05:00:00', 47, 180),
(1756, '2015-04-01', '05:00:00', 47, 155),
(1757, '2015-04-01', '05:00:00', 47, 86),
(1758, '2015-04-01', '05:00:00', 47, 144),
(1759, '2015-04-02', '08:00:00', 132, 61),
(1760, '2015-04-02', '08:00:00', 132, 59),
(1761, '2015-04-02', '08:00:00', 131, 138),
(1762, '2015-04-02', '08:00:00', 131, 65),
(1763, '2015-04-02', '08:00:00', 131, 68),
(1764, '2015-04-02', '08:00:00', 131, 149),
(1765, '2015-04-02', '05:00:00', 47, 176),
(1766, '2015-04-02', '05:00:00', 47, 79),
(1767, '2015-04-02', '05:00:00', 47, 181),
(1768, '2015-04-02', '05:00:00', 47, 180),
(1769, '2015-04-02', '05:00:00', 47, 86),
(1770, '2015-04-02', '05:00:00', 47, 144),
(1771, '2015-04-02', '05:00:00', 47, 155),
(1772, '2015-04-02', '00:00:00', 47, 156),
(1773, '2015-04-01', '05:00:00', 23, 77),
(1774, '2015-04-01', '05:00:00', 23, 148),
(1775, '2015-04-01', '05:00:00', 23, 87),
(1776, '2015-04-02', '05:00:00', 23, 77),
(1777, '2015-04-02', '05:00:00', 23, 156),
(1778, '2015-04-02', '05:00:00', 23, 87),
(1779, '2015-04-03', '05:00:00', 23, 156),
(1780, '2015-04-03', '05:00:00', 23, 148),
(1781, '2015-04-03', '05:00:00', 23, 77),
(1782, '2015-04-04', '05:00:00', 23, 148),
(1783, '2015-04-04', '05:00:00', 23, 83),
(1784, '2015-04-04', '05:00:00', 23, 144),
(1785, '2015-04-05', '05:00:00', 23, 77),
(1786, '2015-04-05', '05:00:00', 23, 156),
(1787, '2015-04-05', '05:00:00', 23, 148),
(1788, '2015-04-05', '05:00:00', 23, 181),
(1789, '2015-04-06', '05:00:00', 23, 156),
(1790, '2015-04-06', '05:00:00', 23, 148),
(1791, '2015-04-06', '05:00:00', 23, 77),
(1792, '2015-04-06', '05:00:00', 23, 87),
(1793, '2015-03-19', '05:00:00', 133, 171),
(1794, '2015-03-19', '05:00:00', 133, 168),
(1795, '2015-03-19', '05:00:00', 133, 166),
(1796, '2015-03-19', '05:00:00', 133, 152),
(1797, '2015-03-19', '05:00:00', 133, 150),
(1798, '2015-03-20', '03:00:00', 133, 179),
(1799, '2015-03-20', '03:00:00', 133, 169),
(1800, '2015-03-20', '03:00:00', 133, 163),
(1801, '2015-03-20', '03:00:00', 133, 150),
(1802, '2015-01-05', '03:00:00', 80, 162),
(1803, '2015-01-05', '03:00:00', 80, 163),
(1804, '2015-01-05', '03:00:00', 80, 160),
(1805, '2015-01-05', '03:00:00', 80, 151),
(1806, '2015-01-06', '01:00:00', 18, 150),
(1807, '2015-01-06', '01:00:00', 18, 171),
(1808, '2015-01-06', '01:00:00', 18, 163),
(1809, '2015-01-06', '01:00:00', 18, 152),
(1810, '2015-01-06', '04:00:00', 80, 150),
(1811, '2015-01-06', '04:00:00', 80, 171),
(1812, '2015-01-06', '04:00:00', 80, 163),
(1813, '2015-01-06', '04:00:00', 80, 152),
(1814, '2015-01-08', '05:00:00', 80, 150),
(1815, '2015-01-08', '05:00:00', 80, 168),
(1816, '2015-01-08', '05:00:00', 80, 161),
(1817, '2015-01-08', '05:00:00', 80, 152),
(1818, '2015-01-08', '05:00:00', 80, 166),
(1819, '2015-01-09', '05:00:00', 80, 171),
(1820, '2015-01-09', '05:00:00', 80, 162),
(1821, '2015-01-09', '05:00:00', 80, 165),
(1822, '2015-01-09', '05:00:00', 80, 163),
(1823, '2015-01-12', '04:00:00', 80, 151),
(1824, '2015-01-12', '02:00:00', 80, 169),
(1825, '2015-01-12', '04:00:00', 80, 160),
(1826, '2015-01-12', '04:00:00', 80, 163),
(1827, '2015-01-12', '04:00:00', 80, 172),
(1828, '2015-01-13', '05:00:00', 80, 150),
(1829, '2015-01-13', '05:00:00', 80, 170),
(1830, '2015-01-13', '05:00:00', 80, 168),
(1831, '2015-01-13', '05:00:00', 80, 152),
(1832, '2015-01-13', '05:00:00', 80, 163),
(1833, '2015-01-13', '05:00:00', 80, 171),
(1834, '2015-01-14', '02:00:00', 18, 151),
(1835, '2015-01-14', '02:00:00', 18, 158),
(1836, '2015-01-14', '02:00:00', 18, 159),
(1837, '2015-01-14', '03:00:00', 80, 151),
(1838, '2015-01-14', '03:00:00', 80, 158),
(1839, '2015-01-14', '03:00:00', 80, 159),
(1840, '2015-01-14', '01:00:00', 80, 167),
(1841, '2015-01-15', '05:00:00', 80, 150),
(1842, '2015-01-15', '05:00:00', 80, 152),
(1843, '2015-01-15', '05:00:00', 80, 166),
(1844, '2015-01-15', '03:00:00', 80, 160),
(1845, '2015-01-15', '05:00:00', 80, 161),
(1846, '2015-01-15', '00:00:00', 80, 164),
(1847, '2015-01-19', '02:00:00', 18, 151),
(1848, '2015-01-19', '02:00:00', 18, 169),
(1849, '2015-01-19', '02:00:00', 18, 151),
(1850, '2015-01-19', '02:00:00', 18, 162),
(1851, '2015-01-19', '03:00:00', 80, 151),
(1852, '2015-01-19', '02:00:00', 80, 169),
(1853, '2015-01-20', '05:00:00', 80, 150),
(1854, '2015-01-20', '05:00:00', 80, 152),
(1855, '2015-01-20', '05:00:00', 80, 163),
(1856, '2015-01-20', '05:00:00', 80, 171),
(1857, '2015-01-21', '05:00:00', 80, 151),
(1858, '2015-01-21', '05:00:00', 80, 169),
(1859, '2015-01-21', '01:00:00', 80, 167),
(1860, '2015-01-21', '03:00:00', 80, 159),
(1861, '2015-01-22', '05:00:00', 80, 150),
(1862, '2015-01-22', '04:00:00', 80, 168),
(1863, '2015-01-22', '05:00:00', 80, 166),
(1864, '2015-01-22', '04:00:00', 80, 161),
(1865, '2015-01-22', '03:00:00', 80, 152),
(1866, '2015-01-22', '03:00:00', 80, 159),
(1867, '2015-01-23', '05:00:00', 80, 162),
(1868, '2015-01-23', '05:00:00', 80, 171),
(1870, '2015-01-23', '05:00:00', 80, 163),
(1871, '2015-01-26', '05:00:00', 80, 162),
(1872, '2015-01-26', '05:00:00', 80, 151),
(1873, '2015-01-26', '05:00:00', 80, 169),
(1874, '2015-01-26', '05:00:00', 80, 160),
(1875, '2015-01-26', '03:00:00', 80, 167),
(1876, '2015-01-26', '05:00:00', 80, 172),
(1877, '2015-01-26', '03:00:00', 80, 163),
(1878, '2015-01-27', '05:00:00', 80, 150),
(1879, '2015-01-27', '05:00:00', 80, 171),
(1880, '2015-01-27', '05:00:00', 80, 168),
(1881, '2015-01-27', '04:00:00', 80, 152),
(1882, '2015-01-27', '05:00:00', 80, 163),
(1883, '2015-01-28', '05:00:00', 80, 167),
(1884, '2015-01-28', '05:00:00', 80, 169),
(1885, '2015-01-28', '05:00:00', 80, 167),
(1886, '2015-01-28', '03:00:00', 80, 159),
(1887, '2015-01-29', '05:00:00', 80, 150),
(1888, '2015-01-29', '05:00:00', 80, 168),
(1889, '2015-01-29', '05:00:00', 80, 166),
(1890, '2015-01-29', '05:00:00', 80, 161),
(1892, '2015-01-29', '03:00:00', 80, 160),
(1893, '2015-04-03', '08:00:00', 131, 138),
(1894, '2015-04-03', '08:00:00', 131, 149),
(1895, '2015-04-03', '08:00:00', 131, 66),
(1896, '2015-04-03', '08:00:00', 131, 68),
(1897, '2015-01-30', '03:00:00', 80, 161),
(1898, '2015-01-30', '03:00:00', 80, 150),
(1899, '2015-01-30', '03:00:00', 80, 160),
(1900, '2015-01-30', '03:00:00', 80, 172),
(1901, '2015-01-30', '03:00:00', 80, 151),
(1902, '2015-01-30', '03:00:00', 80, 153),
(1903, '2015-01-30', '03:00:00', 80, 168),
(1904, '2015-01-30', '03:00:00', 80, 159),
(1905, '2015-01-30', '03:00:00', 80, 157),
(1906, '2015-01-30', '03:00:00', 80, 167),
(1907, '2015-01-30', '03:00:00', 80, 170),
(1908, '2015-01-30', '03:00:00', 80, 152),
(1909, '2015-01-30', '03:00:00', 80, 171),
(1910, '2015-01-30', '03:00:00', 80, 164),
(1911, '2015-01-30', '03:00:00', 80, 163),
(1912, '2015-01-30', '03:00:00', 80, 162),
(1913, '2015-01-30', '03:00:00', 80, 165),
(1914, '2015-01-30', '03:00:00', 80, 166),
(1915, '2015-02-03', '04:00:00', 80, 150),
(1916, '2015-02-03', '04:00:00', 80, 171),
(1917, '2015-02-03', '04:00:00', 80, 168),
(1918, '2015-02-04', '05:00:00', 80, 151),
(1919, '2015-02-04', '05:00:00', 80, 167),
(1920, '2015-02-12', '04:00:00', 80, 150),
(1921, '2015-02-12', '04:00:00', 80, 168),
(1922, '2015-02-12', '04:00:00', 80, 161),
(1923, '2015-02-12', '04:00:00', 80, 152),
(1924, '2015-02-12', '04:00:00', 80, 166),
(1925, '2015-02-12', '02:00:00', 80, 172),
(1926, '2015-02-12', '02:00:00', 80, 167),
(1927, '2015-02-13', '03:00:00', 80, 171),
(1928, '2015-02-13', '03:00:00', 80, 163),
(1929, '2015-02-16', '03:00:00', 80, 171),
(1930, '2015-02-16', '05:00:00', 80, 151),
(1931, '2015-02-16', '05:00:00', 80, 160),
(1932, '2015-02-16', '03:00:00', 80, 167),
(1933, '2015-02-17', '06:00:00', 80, 171),
(1934, '2015-02-17', '06:00:00', 80, 150),
(1935, '2015-02-17', '05:00:00', 80, 168),
(1936, '2015-02-17', '06:00:00', 80, 152),
(1937, '2015-02-18', '05:00:00', 80, 151),
(1938, '2015-02-18', '05:00:00', 80, 167),
(1939, '2015-02-19', '05:00:00', 80, 150),
(1940, '2015-02-19', '05:00:00', 80, 168),
(1941, '2015-02-19', '05:00:00', 80, 152),
(1942, '2015-02-19', '05:00:00', 80, 161),
(1943, '2015-02-19', '03:00:00', 80, 167),
(1944, '2015-02-20', '05:00:00', 80, 171),
(1945, '2015-02-20', '01:00:00', 80, 172),
(1946, '2015-02-20', '05:00:00', 80, 163),
(1947, '2015-02-20', '05:00:00', 80, 162),
(1948, '2015-02-20', '00:00:00', 80, 172),
(1949, '2015-03-23', '05:00:00', 137, 171),
(1950, '2015-03-23', '05:00:00', 137, 163),
(1951, '2015-03-23', '05:00:00', 137, 150),
(1952, '2015-03-23', '05:00:00', 137, 151),
(1953, '2015-03-23', '05:00:00', 137, 160),
(1954, '2015-03-24', '01:00:00', 137, 152),
(1955, '2015-03-24', '01:00:00', 137, 157),
(1956, '2015-03-16', '02:00:00', 138, 162),
(1957, '2015-03-16', '02:00:00', 138, 167),
(1958, '2015-03-16', '02:00:00', 138, 163),
(1959, '2015-03-16', '02:00:00', 138, 151),
(1960, '2015-03-16', '02:00:00', 138, 160),
(1961, '2015-04-03', '06:00:00', 132, 61),
(1962, '2015-04-02', '05:00:00', 140, 79),
(1963, '2015-04-02', '05:00:00', 140, 180),
(1964, '2015-04-02', '05:00:00', 140, 181),
(1965, '2015-04-03', '05:00:00', 47, 79),
(1966, '2015-04-03', '05:00:00', 47, 176),
(1967, '2015-04-03', '05:00:00', 47, 181),
(1968, '2015-04-03', '05:00:00', 47, 180),
(1969, '2015-04-03', '05:00:00', 47, 86),
(1970, '2015-04-03', '05:00:00', 47, 155),
(1971, '2015-04-07', '05:00:00', 47, 176),
(1972, '2015-04-07', '05:00:00', 47, 181),
(1973, '2015-04-07', '05:00:00', 47, 187),
(1974, '2015-04-07', '05:00:00', 47, 86),
(1975, '2015-04-07', '05:00:00', 47, 180),
(1976, '2015-04-07', '05:00:00', 23, 156),
(1977, '2015-04-07', '05:00:00', 23, 144),
(1978, '2015-04-07', '05:00:00', 23, 148),
(1979, '2015-04-07', '04:00:00', 18, 150),
(1980, '2015-04-07', '04:00:00', 18, 171),
(1981, '2015-04-07', '04:00:00', 18, 163),
(1982, '2015-04-07', '04:00:00', 18, 157),
(1983, '2015-04-08', '05:00:00', 23, 181),
(1984, '2015-04-08', '05:00:00', 23, 87),
(1985, '2015-04-08', '05:00:00', 23, 180),
(1986, '2015-04-08', '05:00:00', 23, 95),
(1987, '2015-04-08', '05:00:00', 47, 176),
(1988, '2015-04-08', '05:00:00', 47, 187),
(1989, '2015-04-08', '05:00:00', 47, 155),
(1990, '2015-04-08', '06:30:00', 47, 79),
(1991, '2015-04-08', '06:00:00', 47, 86),
(1992, '2015-04-01', '01:30:00', 35, 79),
(1993, '2015-04-01', '01:30:00', 35, 86),
(1994, '2015-04-03', '01:30:00', 35, 79),
(1995, '2015-04-03', '01:30:00', 35, 86),
(1996, '2015-04-06', '01:30:00', 35, 79),
(1997, '2015-04-06', '01:30:00', 35, 86),
(1998, '2015-04-08', '01:30:00', 35, 79),
(1999, '2015-04-08', '01:30:00', 35, 86),
(2000, '2015-04-10', '01:30:00', 35, 79),
(2001, '2015-04-10', '01:30:00', 35, 86),
(2002, '2015-04-09', '02:30:00', 141, 156),
(2003, '2015-04-09', '02:30:00', 141, 176),
(2004, '2015-04-09', '02:30:00', 141, 95),
(2005, '2015-04-09', '02:30:00', 141, 187),
(2006, '2015-04-09', '05:00:00', 47, 156),
(2007, '2015-04-09', '05:00:00', 47, 187),
(2008, '2015-04-09', '05:00:00', 47, 176),
(2009, '2015-04-09', '05:00:00', 47, 86),
(2010, '2015-04-09', '05:00:00', 47, 95),
(2011, '2015-04-09', '05:00:00', 23, 77),
(2012, '2015-04-09', '05:00:00', 23, 144),
(2013, '2015-04-09', '05:00:00', 23, 148),
(2014, '2015-04-03', '04:00:00', 142, 176),
(2015, '2015-04-03', '04:00:00', 142, 181),
(2016, '2015-04-03', '04:00:00', 142, 155),
(2017, '2015-04-07', '08:00:00', 61, 57),
(2018, '2015-04-07', '08:00:00', 61, 60),
(2019, '2015-04-08', '08:55:00', 61, 57),
(2020, '2015-04-08', '08:00:00', 61, 60),
(2021, '2015-04-09', '08:00:00', 61, 57),
(2022, '2015-04-07', '08:00:00', 132, 59),
(2023, '2015-04-08', '08:00:00', 132, 61),
(2024, '2015-04-09', '08:00:00', 132, 61),
(2025, '2015-04-10', '05:00:00', 47, 156),
(2026, '2015-04-10', '05:00:00', 47, 181),
(2027, '2015-04-10', '01:30:00', 47, 79),
(2028, '2015-04-10', '05:00:00', 47, 187),
(2029, '2015-04-10', '05:00:00', 47, 86),
(2030, '2015-04-10', '05:00:00', 47, 95),
(2031, '2015-04-01', '06:30:00', 32, 83),
(2032, '2015-04-01', '02:30:00', 32, 75),
(2033, '2015-04-02', '06:30:00', 32, 76),
(2034, '2015-04-02', '02:30:00', 32, 83),
(2035, '2015-04-03', '05:00:00', 32, 83),
(2036, '2015-04-03', '05:00:00', 32, 144),
(2037, '2015-04-04', '05:30:00', 32, 79),
(2038, '2015-04-04', '05:30:00', 32, 75),
(2039, '2015-04-05', '05:30:00', 32, 79),
(2040, '2015-04-05', '05:30:00', 32, 75),
(2041, '2015-04-06', '05:30:00', 32, 76),
(2042, '2015-04-06', '05:30:00', 32, 83),
(2043, '2015-04-07', '05:00:00', 32, 76),
(2044, '2015-04-07', '05:00:00', 32, 155),
(2045, '2015-04-08', '06:30:00', 32, 83),
(2046, '2015-04-09', '04:00:00', 32, 76),
(2047, '2015-04-09', '02:30:00', 32, 79),
(2048, '2015-04-10', '05:00:00', 32, 76),
(2049, '2015-04-11', '05:30:00', 32, 76),
(2050, '2015-04-12', '05:30:00', 32, 76),
(2051, '2015-04-02', '01:30:00', 50, 156),
(2052, '2015-04-02', '01:30:00', 50, 187),
(2053, '2015-04-07', '01:30:00', 50, 176),
(2054, '2015-04-07', '01:30:00', 50, 86),
(2055, '2015-04-09', '01:30:00', 50, 176),
(2056, '2015-04-09', '01:30:00', 50, 86),
(2057, '2015-04-03', '01:30:00', 53, 83),
(2058, '2015-04-03', '01:30:00', 53, 144),
(2059, '2015-04-07', '01:30:00', 53, 76),
(2060, '2015-04-07', '01:30:00', 53, 155),
(2061, '2015-04-10', '01:30:00', 53, 76),
(2062, '2015-04-10', '01:30:00', 53, 181),
(2063, '2015-04-13', '03:00:00', 143, 75),
(2064, '2015-04-13', '03:00:00', 143, 176),
(2065, '2015-04-13', '03:00:00', 143, 86),
(2066, '2015-04-13', '03:00:00', 143, 155),
(2067, '2015-04-13', '03:00:00', 144, 181),
(2068, '2015-04-13', '03:00:00', 144, 187),
(2069, '2015-04-13', '03:00:00', 144, 79),
(2070, '2015-04-13', '03:00:00', 144, 180),
(2071, '2015-04-10', '05:00:00', 23, 77),
(2072, '2015-04-10', '05:00:00', 23, 176),
(2073, '2015-04-10', '05:00:00', 23, 87),
(2074, '2015-04-11', '05:00:00', 23, 95),
(2075, '2015-04-11', '05:00:00', 23, 148),
(2076, '2015-04-12', '05:00:00', 23, 144),
(2077, '2015-04-12', '05:00:00', 23, 87),
(2078, '2015-04-13', '05:00:00', 23, 156),
(2079, '2015-04-13', '05:00:00', 23, 148),
(2080, '2015-04-13', '05:00:00', 23, 77),
(2081, '2015-04-13', '05:00:00', 23, 95),
(2082, '2015-04-13', '03:00:00', 47, 75),
(2083, '2015-04-13', '05:00:00', 47, 176),
(2084, '2015-04-13', '05:00:00', 47, 181),
(2085, '2015-04-13', '05:00:00', 47, 187),
(2086, '2015-04-13', '05:00:00', 47, 79),
(2087, '2015-04-13', '05:00:00', 47, 86),
(2088, '2015-04-13', '05:00:00', 47, 155),
(2089, '2015-04-13', '05:00:00', 47, 180),
(2090, '2015-04-13', '06:30:00', 32, 83),
(2091, '2015-04-13', '06:30:00', 32, 144),
(2092, '2015-04-13', '01:30:00', 35, 79),
(2093, '2015-04-13', '01:30:00', 35, 86),
(2094, '2015-03-16', '07:00:00', 146, 173),
(2095, '2015-03-17', '07:00:00', 146, 173),
(2096, '2015-03-18', '07:00:00', 146, 173),
(2097, '2015-03-19', '07:00:00', 146, 173),
(2098, '2015-03-20', '07:00:00', 146, 173),
(2099, '2015-03-16', '07:00:00', 146, 174),
(2100, '2015-03-17', '07:00:00', 146, 174),
(2101, '2015-03-18', '07:00:00', 146, 174),
(2102, '2015-03-19', '07:00:00', 146, 174),
(2103, '2015-03-20', '07:00:00', 146, 174),
(2104, '2015-03-16', '07:00:00', 146, 93),
(2105, '2015-03-17', '07:00:00', 146, 93),
(2106, '2015-03-18', '07:00:00', 146, 93),
(2107, '2015-03-19', '07:00:00', 146, 93),
(2108, '2015-03-20', '07:00:00', 146, 93),
(2109, '2015-04-10', '02:00:00', 19, 163),
(2110, '2015-04-13', '03:00:00', 19, 172),
(2111, '2015-04-13', '03:00:00', 19, 163),
(2112, '2015-04-13', '03:00:00', 19, 162),
(2113, '2015-04-13', '03:00:00', 19, 151),
(2114, '2015-04-13', '03:00:00', 19, 160),
(2115, '2015-04-09', '02:00:00', 138, 161),
(2116, '2015-04-09', '02:00:00', 138, 160),
(2117, '2015-04-09', '02:00:00', 138, 166),
(2118, '2015-04-09', '02:00:00', 138, 152),
(2119, '2015-04-13', '01:00:00', 20, 163),
(2120, '2015-04-13', '01:00:00', 20, 151),
(2121, '2015-04-14', '02:30:00', 150, 156),
(2122, '2015-04-14', '03:00:00', 150, 181),
(2123, '2015-04-14', '02:30:00', 150, 79),
(2124, '2015-04-13', '08:00:00', 149, 65),
(2125, '2015-04-13', '08:00:00', 149, 149),
(2126, '2015-04-13', '08:00:00', 149, 66),
(2127, '2015-04-14', '04:00:00', 148, 65),
(2128, '2015-04-14', '08:00:00', 148, 66),
(2129, '2015-04-14', '08:00:00', 148, 68),
(2130, '2015-04-03', '02:00:00', 139, 61),
(2131, '2015-04-14', '08:00:00', 151, 174),
(2132, '2015-04-14', '08:00:00', 151, 178),
(2133, '2015-04-14', '08:00:00', 151, 190),
(2134, '2015-04-14', '08:00:00', 151, 93),
(2135, '2015-03-16', '07:00:00', 146, 190),
(2136, '2015-03-17', '07:00:00', 146, 190),
(2137, '2015-03-18', '07:00:00', 146, 190),
(2138, '2015-03-19', '07:00:00', 146, 190),
(2139, '2015-03-20', '07:00:00', 146, 190),
(2140, '2015-04-09', '07:00:00', 145, 174),
(2141, '2015-04-09', '07:00:00', 145, 93),
(2142, '2015-04-07', '07:00:00', 147, 190),
(2143, '2015-04-08', '07:00:00', 147, 93),
(2144, '2015-04-01', '07:00:00', 147, 190),
(2145, '2015-04-01', '07:00:00', 147, 93),
(2146, '2015-04-02', '07:00:00', 147, 190),
(2147, '2015-04-02', '07:00:00', 147, 93),
(2148, '2015-04-03', '07:00:00', 147, 190),
(2149, '2015-04-03', '07:00:00', 147, 93),
(2150, '2015-04-07', '07:00:00', 147, 93),
(2151, '2015-04-08', '07:00:00', 147, 190),
(2152, '2015-04-15', '02:00:00', 152, 176),
(2153, '2015-04-15', '02:00:00', 152, 86),
(2154, '2015-04-15', '02:00:00', 152, 95),
(2155, '2015-04-15', '02:00:00', 152, 155),
(2156, '2015-04-14', '05:00:00', 47, 156),
(2157, '2015-04-14', '05:00:00', 47, 176),
(2158, '2015-04-14', '06:30:00', 47, 79),
(2159, '2015-04-14', '05:00:00', 47, 181),
(2160, '2015-04-14', '05:00:00', 47, 187),
(2161, '2015-04-14', '03:30:00', 47, 86),
(2162, '2015-04-14', '05:00:00', 47, 155),
(2163, '2015-04-14', '05:00:00', 47, 95),
(2164, '2015-04-15', '03:30:00', 47, 156),
(2165, '2015-04-15', '05:00:00', 47, 176),
(2166, '2015-04-15', '05:00:00', 47, 181),
(2167, '2015-04-15', '05:00:00', 47, 187),
(2168, '2015-04-15', '05:00:00', 47, 95),
(2169, '2015-04-15', '05:00:00', 47, 155),
(2170, '2015-04-15', '05:00:00', 47, 180),
(2171, '2015-04-14', '05:00:00', 23, 77),
(2172, '2015-04-14', '05:00:00', 23, 148),
(2173, '2015-04-14', '05:00:00', 23, 87),
(2174, '2015-04-15', '05:00:00', 23, 77),
(2175, '2015-04-15', '05:00:00', 23, 87),
(2176, '2015-04-15', '05:00:00', 23, 148),
(2177, '2015-04-15', '08:00:00', 149, 66),
(2178, '2015-04-15', '08:00:00', 149, 65),
(2179, '2015-04-15', '08:00:00', 149, 138),
(2180, '2015-04-13', '08:00:00', 117, 60),
(2181, '2015-04-13', '08:00:00', 117, 57),
(2182, '2015-04-13', '08:00:00', 117, 59),
(2183, '2015-04-14', '08:00:00', 117, 60),
(2184, '2015-04-14', '08:00:00', 117, 57),
(2185, '2015-04-14', '08:00:00', 117, 59),
(2186, '2015-04-15', '04:00:00', 117, 60),
(2187, '2015-04-15', '04:00:00', 117, 57),
(2188, '2015-04-15', '04:00:00', 117, 61),
(2189, '2015-04-15', '02:00:00', 153, 57),
(2190, '2015-04-15', '02:00:00', 153, 60),
(2191, '2015-04-15', '02:00:00', 153, 61),
(2192, '2015-04-16', '08:00:00', 148, 149),
(2193, '2015-04-16', '08:00:00', 148, 68),
(2194, '2015-04-16', '08:00:00', 148, 65),
(2195, '2015-04-16', '05:00:00', 47, 79),
(2196, '2015-04-16', '05:00:00', 47, 181),
(2197, '2015-04-16', '03:30:00', 47, 75),
(2198, '2015-04-16', '02:00:00', 47, 187),
(2199, '2015-04-16', '05:00:00', 47, 95),
(2200, '2015-04-16', '03:00:00', 154, 79),
(2201, '2015-04-16', '03:00:00', 154, 180),
(2202, '2015-04-16', '03:00:00', 154, 181),
(2203, '2015-04-16', '03:00:00', 154, 95),
(2204, '2015-04-10', '08:00:00', 132, 61),
(2205, '2015-04-16', '08:00:00', 132, 59),
(2206, '2015-04-16', '08:00:00', 132, 61),
(2207, '2015-04-17', '08:00:00', 148, 68),
(2208, '2015-04-17', '08:00:00', 148, 149),
(2209, '2015-04-17', '05:00:00', 47, 176),
(2210, '2015-04-17', '05:00:00', 47, 187),
(2211, '2015-04-17', '05:00:00', 47, 181),
(2212, '2015-04-17', '05:00:00', 47, 75),
(2213, '2015-04-17', '05:00:00', 47, 180),
(2214, '2015-04-17', '05:00:00', 47, 86),
(2215, '2015-04-17', '05:00:00', 47, 79),
(2216, '2015-04-20', '08:00:00', 148, 149),
(2217, '2015-04-20', '08:00:00', 148, 67),
(2218, '2015-04-20', '05:00:00', 47, 79),
(2219, '2015-04-20', '05:00:00', 47, 176),
(2220, '2015-04-20', '05:00:00', 47, 95),
(2221, '2015-04-20', '05:00:00', 47, 187),
(2222, '2015-04-20', '05:00:00', 47, 191),
(2223, '2015-04-20', '05:00:00', 47, 180),
(2224, '2015-04-20', '05:00:00', 47, 86),
(2225, '2015-04-20', '05:00:00', 47, 181),
(2226, '2015-04-21', '05:00:00', 47, 187),
(2227, '2015-04-21', '03:30:00', 47, 95),
(2228, '2015-04-21', '03:30:00', 47, 86),
(2229, '2015-04-21', '03:30:00', 47, 144),
(2230, '2015-04-21', '05:00:00', 47, 181),
(2231, '2015-04-21', '05:00:00', 47, 191),
(2232, '2015-04-17', '02:00:00', 161, 75),
(2233, '2015-04-17', '02:00:00', 161, 181),
(2234, '2015-04-17', '02:00:00', 161, 79),
(2235, '2015-04-17', '02:00:00', 161, 180),
(2236, '2015-04-20', '02:00:00', 162, 176),
(2237, '2015-04-20', '02:00:00', 162, 181),
(2238, '2015-04-20', '02:00:00', 162, 79),
(2239, '2015-04-20', '02:00:00', 162, 191),
(2240, '2015-04-20', '02:00:00', 162, 187),
(2241, '2015-04-20', '02:00:00', 162, 180),
(2242, '2015-04-20', '02:00:00', 162, 95),
(2243, '2015-04-21', '02:00:00', 163, 176),
(2244, '2015-04-21', '02:00:00', 163, 181),
(2245, '2015-04-21', '02:00:00', 163, 187),
(2246, '2015-04-21', '02:00:00', 163, 191),
(2247, '2015-04-21', '02:00:00', 163, 180),
(2248, '2015-04-21', '02:00:00', 163, 144),
(2249, '2015-04-21', '02:00:00', 163, 95),
(2250, '2015-04-21', '02:00:00', 163, 86),
(2251, '2015-04-21', '08:00:00', 149, 65),
(2252, '2015-04-21', '08:00:00', 149, 68),
(2253, '2015-04-21', '08:00:00', 149, 66),
(2254, '2015-04-14', '02:30:00', 32, 75),
(2255, '2015-04-14', '05:00:00', 32, 83),
(2256, '2015-04-14', '05:00:00', 32, 144),
(2257, '2015-04-15', '06:30:00', 32, 75),
(2258, '2015-04-15', '02:30:00', 32, 79),
(2259, '2015-04-16', '04:00:00', 32, 83),
(2260, '2015-04-16', '02:30:00', 32, 79),
(2261, '2015-04-16', '02:30:00', 32, 75),
(2262, '2015-04-17', '05:00:00', 32, 83),
(2263, '2015-04-17', '05:00:00', 32, 144),
(2264, '2015-04-18', '05:30:00', 32, 83),
(2265, '2015-04-18', '05:30:00', 32, 144),
(2266, '2015-04-19', '05:30:00', 32, 144),
(2267, '2015-04-19', '05:30:00', 32, 83),
(2268, '2015-04-20', '06:30:00', 32, 75),
(2269, '2015-04-20', '06:30:00', 32, 76),
(2270, '2015-04-21', '05:00:00', 32, 75),
(2271, '2015-04-21', '05:00:00', 32, 76),
(2272, '2015-04-22', '02:30:00', 32, 75),
(2273, '2015-04-22', '06:30:00', 32, 83),
(2274, '2015-04-23', '06:30:00', 32, 76),
(2275, '2015-04-23', '02:30:00', 32, 75),
(2276, '2015-04-15', '01:30:00', 35, 79),
(2277, '2015-04-15', '01:30:00', 35, 86),
(2278, '2015-04-17', '01:30:00', 35, 86),
(2279, '2015-04-17', '01:30:00', 35, 79),
(2280, '2015-04-20', '01:30:00', 35, 79),
(2281, '2015-04-20', '01:30:00', 35, 86),
(2282, '2015-04-22', '01:30:00', 35, 86),
(2283, '2015-04-22', '01:30:00', 35, 79),
(2284, '2015-04-24', '01:30:00', 35, 79),
(2285, '2015-04-24', '01:30:00', 35, 86),
(2286, '2015-04-22', '05:00:00', 47, 156),
(2287, '2015-04-22', '05:00:00', 47, 181),
(2288, '2015-04-22', '05:00:00', 47, 187),
(2289, '2015-04-22', '05:00:00', 47, 191),
(2290, '2015-04-22', '06:30:00', 47, 86),
(2291, '2015-04-22', '06:30:00', 47, 79),
(2292, '2015-04-16', '05:00:00', 23, 77),
(2293, '2015-04-16', '05:00:00', 23, 176),
(2294, '2015-04-16', '05:00:00', 23, 87),
(2295, '2015-04-17', '05:00:00', 23, 77),
(2296, '2015-04-17', '05:00:00', 23, 156),
(2297, '2015-04-17', '05:00:00', 23, 87),
(2298, '2015-04-18', '05:00:00', 23, 156),
(2299, '2015-04-18', '05:00:00', 23, 148),
(2300, '2015-04-19', '05:00:00', 23, 187),
(2301, '2015-04-19', '05:00:00', 23, 148),
(2302, '2015-04-20', '05:00:00', 23, 156),
(2303, '2015-04-20', '05:00:00', 23, 77),
(2304, '2015-04-20', '05:00:00', 23, 187),
(2305, '2015-04-21', '05:00:00', 23, 77),
(2306, '2015-04-21', '05:00:00', 23, 148),
(2307, '2015-04-21', '05:00:00', 23, 87),
(2308, '2015-04-22', '05:00:00', 23, 77),
(2309, '2015-04-22', '05:00:00', 23, 176),
(2310, '2015-04-22', '05:00:00', 23, 148),
(2311, '2015-04-22', '05:00:00', 23, 144),
(2312, '2015-04-22', '05:00:00', 23, 87),
(2313, '2015-04-22', '02:00:00', 165, 156),
(2314, '2015-04-22', '02:00:00', 165, 181),
(2315, '2015-04-22', '02:00:00', 165, 191),
(2316, '2015-04-22', '02:00:00', 165, 95),
(2317, '2015-04-22', '08:00:00', 131, 65),
(2318, '2015-04-22', '08:00:00', 131, 66),
(2319, '2015-04-22', '08:00:00', 131, 138),
(2320, '2015-04-22', '02:00:00', 156, 57),
(2321, '2015-04-22', '02:00:00', 156, 60),
(2322, '2015-04-22', '02:00:00', 156, 61),
(2323, '2015-04-23', '08:00:00', 131, 65),
(2324, '2015-04-23', '08:00:00', 131, 149),
(2325, '2015-04-23', '08:00:00', 131, 138),
(2326, '2015-04-23', '08:00:00', 131, 68),
(2327, '2015-04-20', '08:00:00', 155, 60),
(2328, '2015-04-20', '08:00:00', 155, 59),
(2329, '2015-04-21', '08:00:00', 155, 60),
(2330, '2015-04-21', '08:00:00', 155, 59),
(2331, '2015-04-21', '08:00:00', 155, 57),
(2332, '2015-04-22', '06:00:00', 155, 60),
(2333, '2015-04-22', '06:00:00', 155, 57),
(2334, '2015-04-22', '06:00:00', 155, 61),
(2335, '2015-04-23', '02:00:00', 166, 187),
(2336, '2015-04-23', '02:00:00', 166, 144),
(2337, '2015-04-23', '02:00:00', 166, 83),
(2338, '2015-04-23', '02:00:00', 166, 95),
(2339, '2015-04-23', '05:00:00', 47, 156),
(2340, '2015-04-23', '05:00:00', 47, 176),
(2341, '2015-04-23', '05:00:00', 47, 187),
(2342, '2015-04-23', '05:00:00', 47, 181),
(2343, '2015-04-23', '05:00:00', 47, 86),
(2344, '2015-04-23', '05:00:00', 47, 95),
(2345, '2015-04-23', '05:00:00', 47, 191),
(2346, '2015-04-23', '03:30:00', 47, 144),
(2347, '2015-04-23', '08:00:00', 155, 60),
(2348, '2015-04-23', '08:00:00', 155, 61),
(2349, '2015-04-24', '04:00:00', 155, 61),
(2350, '2015-04-24', '04:00:00', 156, 61),
(2351, '2015-04-24', '08:00:00', 131, 138),
(2352, '2015-04-24', '08:00:00', 131, 149),
(2353, '2015-04-24', '08:00:00', 131, 68),
(2354, '2015-04-24', '05:00:00', 47, 79),
(2355, '2015-04-24', '05:00:00', 47, 181),
(2356, '2015-04-24', '05:00:00', 47, 180),
(2357, '2015-04-24', '05:00:00', 47, 86),
(2358, '2015-04-24', '05:00:00', 47, 144),
(2359, '2015-04-27', '05:00:00', 47, 176),
(2360, '2015-04-27', '05:00:00', 47, 79),
(2361, '2015-04-27', '03:30:00', 47, 181),
(2362, '2015-04-27', '05:00:00', 47, 191),
(2363, '2015-04-27', '05:00:00', 47, 155),
(2364, '2015-04-27', '05:00:00', 47, 95),
(2365, '2015-04-27', '05:00:00', 47, 86),
(2366, '2015-04-23', '05:00:00', 23, 77),
(2367, '2015-04-23', '05:00:00', 23, 148),
(2368, '2015-04-23', '05:00:00', 23, 87),
(2369, '2015-04-24', '05:00:00', 23, 156),
(2370, '2015-04-24', '05:00:00', 23, 87),
(2371, '2015-04-24', '05:00:00', 23, 148),
(2372, '2015-04-25', '05:00:00', 23, 176),
(2373, '2015-04-25', '05:00:00', 23, 95),
(2374, '2015-04-26', '05:00:00', 23, 156),
(2375, '2015-04-26', '05:00:00', 23, 77),
(2376, '2015-04-27', '05:00:00', 23, 187),
(2377, '2015-04-27', '05:00:00', 23, 148),
(2378, '2015-04-27', '05:00:00', 23, 144),
(2379, '2015-04-27', '05:00:00', 23, 87),
(2380, '2015-04-27', '02:30:00', 167, 176),
(2381, '2015-04-27', '02:30:00', 167, 181),
(2382, '2015-04-27', '02:30:00', 167, 95),
(2383, '2015-04-27', '02:30:00', 167, 79),
(2384, '2015-04-27', '01:00:00', 131, 149),
(2385, '2015-04-27', '01:00:00', 131, 65),
(2386, '2015-04-27', '01:00:00', 131, 66),
(2387, '2015-04-24', '05:00:00', 32, 75),
(2388, '2015-04-24', '05:00:00', 32, 83),
(2389, '2015-04-25', '05:30:00', 32, 76),
(2390, '2015-04-25', '05:30:00', 32, 79),
(2391, '2015-04-26', '05:30:00', 32, 79),
(2392, '2015-04-26', '05:30:00', 32, 75),
(2393, '2015-04-27', '06:30:00', 32, 88),
(2394, '2015-04-27', '06:30:00', 32, 83),
(2395, '2015-04-28', '05:00:00', 32, 88),
(2396, '2015-04-28', '05:00:00', 32, 83),
(2397, '2015-04-29', '06:30:00', 32, 83),
(2398, '2015-04-29', '02:30:00', 32, 88),
(2399, '2015-04-30', '06:30:00', 32, 76),
(2400, '2015-04-30', '02:30:00', 32, 75),
(2401, '2015-04-27', '01:30:00', 35, 79),
(2402, '2015-04-27', '01:30:00', 35, 86),
(2403, '2015-04-29', '01:30:00', 35, 79),
(2404, '2015-04-29', '01:30:00', 35, 86),
(2405, '2015-04-28', '05:00:00', 47, 156),
(2406, '2015-04-28', '03:30:00', 47, 75),
(2407, '2015-04-28', '03:30:00', 47, 76),
(2408, '2015-04-28', '05:00:00', 47, 176),
(2409, '2015-04-28', '05:00:00', 47, 181),
(2410, '2015-04-28', '05:00:00', 47, 187),
(2411, '2015-04-28', '05:00:00', 47, 180),
(2412, '2015-04-28', '03:30:00', 47, 144),
(2413, '2015-04-28', '03:30:00', 47, 86),
(2414, '2015-04-28', '05:00:00', 47, 155),
(2415, '2015-04-28', '05:00:00', 47, 95),
(2416, '2015-04-28', '02:00:00', 168, 138),
(2417, '2015-04-28', '02:00:00', 168, 95),
(2418, '2015-04-28', '02:00:00', 168, 144),
(2419, '2015-04-28', '02:00:00', 168, 86),
(2420, '2015-04-28', '02:00:00', 169, 156),
(2421, '2015-04-28', '02:00:00', 169, 75),
(2422, '2015-04-28', '02:00:00', 169, 187),
(2423, '2015-04-28', '02:00:00', 169, 76),
(2424, '2015-04-28', '02:00:00', 169, 181),
(2425, '2015-04-28', '02:00:00', 169, 180),
(2426, '2015-04-28', '02:00:00', 169, 155),
(2427, '2015-04-29', '05:00:00', 47, 156),
(2428, '2015-04-29', '03:30:00', 47, 76),
(2429, '2015-04-29', '03:30:00', 47, 75),
(2430, '2015-04-29', '06:30:00', 47, 79),
(2431, '2015-04-29', '05:00:00', 47, 155),
(2432, '2015-04-29', '06:30:00', 47, 86),
(2433, '2015-04-29', '05:00:00', 47, 180),
(2434, '2015-04-29', '05:00:00', 47, 95),
(2435, '2015-04-28', '05:00:00', 23, 77),
(2436, '2015-04-28', '05:00:00', 23, 148),
(2437, '2015-04-28', '05:00:00', 23, 87),
(2438, '2015-04-29', '05:00:00', 23, 77),
(2439, '2015-04-29', '05:00:00', 23, 176),
(2440, '2015-04-29', '05:00:00', 23, 187),
(2441, '2015-04-29', '05:00:00', 23, 148),
(2442, '2015-04-29', '05:00:00', 23, 87),
(2443, '2015-04-27', '07:00:00', 170, 65),
(2444, '2015-04-27', '07:00:00', 170, 149),
(2445, '2015-04-27', '07:00:00', 170, 66),
(2446, '2015-04-28', '08:00:00', 170, 65),
(2447, '2015-04-28', '08:00:00', 170, 66),
(2448, '2015-04-28', '08:00:00', 170, 68),
(2449, '2015-04-29', '08:00:00', 170, 66),
(2450, '2015-04-29', '08:00:00', 170, 65),
(2451, '2015-04-30', '01:30:00', 173, 75),
(2452, '2015-04-30', '01:30:00', 173, 181),
(2453, '2015-04-30', '01:30:00', 173, 155),
(2454, '2015-04-30', '01:30:00', 173, 181),
(2455, '2015-04-30', '05:00:00', 47, 156),
(2456, '2015-04-30', '03:30:00', 47, 75),
(2457, '2015-04-30', '05:00:00', 47, 181),
(2458, '2015-04-30', '00:30:00', 47, 187),
(2459, '2015-04-30', '00:30:00', 47, 144),
(2460, '2015-04-30', '03:30:00', 47, 86),
(2461, '2015-04-30', '05:00:00', 47, 155),
(2462, '2015-04-30', '05:00:00', 47, 180),
(2463, '2015-04-30', '05:00:00', 23, 77),
(2464, '2015-04-30', '05:00:00', 23, 87),
(2465, '2015-04-30', '04:30:00', 23, 187),
(2466, '2015-04-30', '03:00:00', 23, 144),
(2467, '2015-04-30', '08:00:00', 170, 149),
(2468, '2015-04-30', '08:00:00', 170, 65),
(2469, '2015-04-30', '08:00:00', 170, 68),
(2470, '2015-04-27', '08:00:00', 172, 57),
(2471, '2015-04-27', '08:00:00', 172, 60),
(2472, '2015-04-27', '08:00:00', 172, 59),
(2473, '2015-04-28', '04:00:00', 172, 57),
(2474, '2015-04-28', '04:00:00', 172, 59),
(2475, '2015-04-29', '08:00:00', 172, 57),
(2476, '2015-04-29', '08:00:00', 172, 60),
(2477, '2015-04-29', '08:00:00', 172, 61),
(2478, '2015-04-29', '08:00:00', 172, 59),
(2479, '2015-04-30', '04:00:00', 172, 60),
(2480, '2015-04-30', '08:00:00', 172, 61),
(2481, '2015-05-01', '05:00:00', 24, 176),
(2482, '2015-05-01', '05:00:00', 24, 181),
(2483, '2015-05-01', '05:00:00', 24, 77),
(2484, '2015-05-01', '05:00:00', 24, 148),
(2485, '2015-05-01', '05:00:00', 24, 95),
(2486, '2015-05-01', '05:00:00', 24, 144),
(2487, '2015-05-02', '05:00:00', 24, 176),
(2488, '2015-05-02', '05:00:00', 24, 181),
(2489, '2015-05-02', '05:00:00', 24, 144),
(2490, '2015-05-02', '05:00:00', 24, 148),
(2491, '2015-05-02', '05:00:00', 24, 95),
(2492, '2015-05-02', '05:00:00', 24, 83),
(2493, '2015-05-03', '05:00:00', 24, 181),
(2494, '2015-05-03', '05:00:00', 24, 176),
(2495, '2015-05-03', '05:00:00', 24, 148),
(2496, '2015-05-03', '05:00:00', 24, 144),
(2497, '2015-05-03', '05:00:00', 24, 95),
(2498, '2015-05-03', '05:00:00', 24, 83),
(2499, '2015-05-04', '05:00:00', 24, 77),
(2500, '2015-05-04', '05:00:00', 24, 156),
(2501, '2015-05-04', '02:30:00', 24, 187),
(2502, '2015-05-04', '02:30:00', 47, 187),
(2503, '2015-05-04', '05:00:00', 47, 180),
(2504, '2015-05-04', '05:00:00', 174, 76),
(2505, '2015-05-05', '08:00:00', 170, 65),
(2506, '2015-05-05', '08:00:00', 170, 66),
(2507, '2015-05-05', '08:00:00', 170, 68),
(2508, '2015-05-05', '05:00:00', 24, 77),
(2509, '2015-05-05', '05:00:00', 24, 156),
(2510, '2015-05-05', '05:00:00', 24, 87),
(2511, '2015-05-05', '05:00:00', 174, 76),
(2512, '2015-05-05', '05:00:00', 47, 187),
(2513, '2015-05-05', '05:00:00', 47, 155),
(2514, '2015-05-05', '05:00:00', 47, 86),
(2515, '2015-05-05', '05:00:00', 47, 180),
(2516, '2015-05-01', '05:30:00', 32, 79),
(2517, '2015-05-01', '05:30:00', 32, 88),
(2518, '2015-05-02', '05:30:00', 32, 79),
(2519, '2015-05-02', '05:30:00', 32, 88),
(2520, '2015-05-03', '05:30:00', 32, 79),
(2521, '2015-05-03', '05:30:00', 32, 88);
INSERT INTO `tempstravail` (`TRA_NumTravail`, `TRA_Date`, `TRA_Duree`, `CHA_NumDevis`, `SAL_NumSalarie`) VALUES
(2522, '2015-05-04', '02:30:00', 32, 76),
(2523, '2015-05-04', '04:00:00', 32, 181),
(2524, '2015-05-04', '02:30:00', 32, 75),
(2525, '2015-05-04', '02:30:00', 32, 86),
(2526, '2015-05-05', '02:30:00', 32, 76),
(2527, '2015-05-05', '03:00:00', 32, 144),
(2528, '2015-05-05', '02:30:00', 32, 88),
(2529, '2015-05-05', '02:30:00', 32, 75),
(2530, '2015-05-04', '03:00:00', 35, 180),
(2531, '2015-05-06', '01:30:00', 35, 86),
(2532, '2015-05-06', '01:30:00', 35, 180),
(2533, '2015-04-14', '01:30:00', 50, 156),
(2534, '2015-04-14', '01:30:00', 50, 176),
(2535, '2015-04-16', '01:30:00', 50, 187),
(2536, '2015-04-16', '01:30:00', 50, 181),
(2537, '2015-04-21', '01:30:00', 50, 187),
(2538, '2015-04-21', '01:30:00', 50, 155),
(2539, '2015-04-23', '01:30:00', 50, 86),
(2540, '2015-04-23', '01:30:00', 50, 176),
(2541, '2015-04-28', '01:30:00', 50, 187),
(2542, '2015-04-28', '01:30:00', 50, 181),
(2543, '2015-05-05', '01:30:00', 50, 86),
(2544, '2015-05-05', '01:30:00', 50, 187),
(2545, '2015-04-03', '01:00:00', 44, 79),
(2546, '2015-04-03', '01:00:00', 44, 75),
(2547, '2015-04-08', '01:00:00', 44, 86),
(2548, '2015-04-08', '01:00:00', 44, 79),
(2549, '2015-04-15', '01:00:00', 44, 156),
(2550, '2015-04-15', '01:00:00', 44, 155),
(2551, '2015-04-22', '01:00:00', 44, 156),
(2552, '2015-04-22', '01:00:00', 44, 176),
(2553, '2015-04-29', '01:00:00', 44, 187),
(2554, '2015-04-29', '01:00:00', 44, 181),
(2555, '2015-04-01', '01:30:00', 41, 79),
(2556, '2015-04-01', '01:30:00', 41, 155),
(2557, '2015-04-03', '01:30:00', 41, 156),
(2558, '2015-04-06', '02:00:00', 41, 156),
(2559, '2015-04-06', '02:00:00', 41, 79),
(2560, '2015-04-08', '02:00:00', 41, 86),
(2561, '2015-05-05', '08:00:00', 172, 57),
(2562, '2015-05-05', '04:00:00', 172, 59),
(2563, '2015-05-05', '08:00:00', 172, 60),
(2564, '2015-05-06', '05:00:00', 47, 176),
(2565, '2015-05-06', '01:00:00', 47, 95),
(2566, '2015-05-06', '05:00:00', 24, 77),
(2567, '2015-05-06', '05:00:00', 24, 187),
(2568, '2015-05-06', '04:30:00', 24, 180),
(2569, '2015-05-06', '04:00:00', 24, 95),
(2570, '2015-05-06', '00:30:00', 47, 180),
(2571, '2015-05-06', '00:30:00', 47, 155),
(2572, '2015-05-06', '06:00:00', 47, 86),
(2573, '2015-05-06', '02:30:00', 32, 75),
(2574, '2015-05-06', '02:30:00', 32, 88),
(2575, '2015-05-06', '02:30:00', 32, 83),
(2576, '2015-05-06', '05:00:00', 174, 75),
(2577, '2015-05-06', '03:00:00', 175, 176),
(2578, '2015-05-06', '03:00:00', 175, 86),
(2579, '2015-05-06', '08:00:00', 172, 57),
(2580, '2015-05-06', '08:00:00', 172, 60),
(2581, '2015-05-06', '08:00:00', 170, 65),
(2582, '2015-05-06', '08:00:00', 170, 66),
(2583, '2015-05-06', '08:00:00', 170, 138),
(2584, '2015-04-08', '02:00:00', 41, 180),
(2585, '2015-04-10', '02:30:00', 41, 79),
(2586, '2015-04-08', '03:30:00', 41, 176),
(2587, '2015-05-07', '05:00:00', 24, 77),
(2588, '2015-05-07', '05:00:00', 24, 148),
(2589, '2015-05-07', '05:00:00', 24, 144),
(2590, '2015-05-07', '08:00:00', 170, 65),
(2591, '2015-05-07', '08:00:00', 170, 66),
(2592, '2015-05-07', '08:00:00', 170, 68),
(2593, '2015-05-07', '04:00:00', 170, 138),
(2594, '2015-05-07', '05:00:00', 47, 176),
(2595, '2015-05-07', '05:00:00', 47, 181),
(2596, '2015-05-07', '05:00:00', 47, 180),
(2597, '2015-05-07', '05:00:00', 47, 95),
(2598, '2015-05-07', '05:00:00', 47, 86),
(2599, '2015-05-07', '05:00:00', 47, 82),
(2600, '2015-05-07', '05:00:00', 174, 83),
(2601, '2015-05-07', '02:00:00', 32, 83),
(2602, '2015-05-07', '02:30:00', 32, 79),
(2603, '2015-05-07', '02:30:00', 32, 191),
(2604, '2015-05-08', '05:30:00', 32, 76),
(2605, '2015-05-08', '05:30:00', 32, 181),
(2606, '2015-05-09', '05:30:00', 32, 76),
(2607, '2015-05-09', '05:30:00', 32, 181),
(2608, '2015-05-10', '05:30:00', 32, 76),
(2609, '2015-05-10', '05:30:00', 32, 181),
(2610, '2015-04-14', '01:30:00', 53, 83),
(2611, '2015-04-14', '01:30:00', 53, 144),
(2612, '2015-04-17', '01:30:00', 53, 83),
(2613, '2015-04-17', '01:30:00', 53, 144),
(2614, '2015-04-21', '01:30:00', 53, 75),
(2615, '2015-04-21', '01:30:00', 53, 76),
(2616, '2015-04-24', '01:30:00', 53, 75),
(2617, '2015-04-24', '01:30:00', 53, 76),
(2618, '2015-04-28', '01:30:00', 53, 83),
(2619, '2015-04-28', '01:30:00', 53, 144),
(2620, '2015-04-14', '02:00:00', 41, 176),
(2621, '2015-04-14', '02:00:00', 41, 144),
(2622, '2015-04-14', '01:00:00', 41, 79),
(2623, '2015-04-17', '01:30:00', 41, 155),
(2624, '2015-04-17', '01:30:00', 41, 79),
(2625, '2015-04-20', '01:30:00', 41, 176),
(2626, '2015-04-20', '01:30:00', 41, 144),
(2627, '2015-04-21', '02:30:00', 41, 176),
(2628, '2015-04-21', '02:30:00', 41, 79),
(2629, '2015-04-23', '01:30:00', 41, 79),
(2630, '2015-04-23', '01:30:00', 41, 191),
(2631, '2015-04-24', '01:30:00', 41, 176),
(2632, '2015-04-24', '01:30:00', 41, 187),
(2633, '2015-04-28', '02:30:00', 41, 180),
(2634, '2015-04-28', '03:00:00', 41, 79),
(2635, '2015-04-30', '01:30:00', 41, 181),
(2636, '2015-04-30', '01:30:00', 41, 187),
(2637, '2015-05-05', '01:30:00', 41, 180),
(2638, '2015-05-05', '01:30:00', 41, 155),
(2639, '2015-05-07', '01:00:00', 41, 176),
(2640, '2015-05-07', '01:00:00', 41, 82),
(2641, '2015-05-07', '01:00:00', 44, 176),
(2642, '2015-05-07', '01:00:00', 44, 82),
(2643, '2015-05-08', '05:00:00', 24, 77),
(2644, '2015-05-08', '05:00:00', 24, 75),
(2645, '2015-05-08', '05:00:00', 24, 191),
(2646, '2015-05-08', '05:00:00', 24, 156),
(2647, '2015-05-08', '05:00:00', 24, 187),
(2648, '2015-05-09', '05:00:00', 24, 75),
(2649, '2015-05-09', '05:00:00', 24, 156),
(2650, '2015-05-09', '05:00:00', 24, 187),
(2651, '2015-05-09', '05:00:00', 24, 148),
(2652, '2015-05-09', '05:00:00', 24, 191),
(2653, '2015-05-09', '05:00:00', 24, 83),
(2654, '2015-05-10', '05:00:00', 24, 156),
(2655, '2015-05-10', '05:00:00', 24, 75),
(2656, '2015-05-10', '05:00:00', 24, 191),
(2657, '2015-05-10', '05:00:00', 24, 187),
(2658, '2015-05-10', '05:00:00', 24, 83),
(2659, '2015-05-11', '05:00:00', 24, 176),
(2660, '2015-05-11', '05:00:00', 24, 95),
(2661, '2015-05-11', '05:00:00', 24, 191),
(2662, '2015-05-11', '05:00:00', 47, 155),
(2663, '2015-05-11', '04:30:00', 47, 82),
(2664, '2015-05-11', '05:00:00', 47, 86),
(2665, '2015-05-07', '04:00:00', 172, 60),
(2666, '2015-05-07', '08:00:00', 172, 59),
(2667, '2015-05-07', '08:00:00', 172, 149),
(2668, '2015-05-11', '08:00:00', 172, 57),
(2669, '2015-05-11', '08:00:00', 172, 60),
(2670, '2015-05-11', '08:00:00', 172, 59),
(2671, '2015-05-11', '08:00:00', 172, 149),
(2672, '2015-04-10', '03:00:00', 171, 191),
(2673, '2015-04-10', '03:00:00', 171, 190),
(2674, '2015-04-27', '03:00:00', 171, 190),
(2675, '2015-04-27', '03:00:00', 171, 93),
(2676, '2015-05-12', '05:00:00', 24, 77),
(2677, '2015-05-12', '05:00:00', 24, 148),
(2678, '2015-05-12', '05:00:00', 24, 95),
(2679, '2015-05-12', '05:00:00', 47, 156),
(2680, '2015-05-12', '05:00:00', 47, 155),
(2681, '2015-05-12', '05:00:00', 47, 86),
(2682, '2015-05-12', '00:30:00', 47, 95),
(2683, '2015-05-12', '08:00:00', 172, 57),
(2684, '2015-05-12', '08:00:00', 172, 60),
(2685, '2015-05-12', '08:00:00', 172, 59),
(2686, '2015-05-12', '08:00:00', 172, 63),
(2687, '2015-05-04', '08:00:00', 176, 65),
(2688, '2015-05-04', '08:00:00', 176, 149),
(2689, '2015-05-04', '08:00:00', 176, 57),
(2690, '2015-05-04', '08:00:00', 176, 60),
(2691, '2015-05-04', '08:00:00', 176, 59),
(2692, '2015-05-04', '08:00:00', 176, 174),
(2693, '2015-05-13', '08:00:00', 172, 57),
(2694, '2015-05-13', '08:00:00', 172, 60),
(2695, '2015-05-13', '04:00:00', 172, 61),
(2696, '2015-05-13', '04:00:00', 179, 61),
(2697, '2015-05-13', '05:00:00', 24, 77),
(2698, '2015-05-13', '05:00:00', 24, 187),
(2699, '2015-05-13', '05:00:00', 24, 148),
(2700, '2015-05-13', '05:00:00', 24, 156),
(2701, '2015-05-14', '05:00:00', 24, 77),
(2702, '2015-05-14', '05:00:00', 24, 144),
(2703, '2015-05-14', '05:00:00', 24, 180),
(2704, '2015-05-14', '05:00:00', 24, 176),
(2705, '2015-05-14', '05:00:00', 24, 95),
(2706, '2015-05-14', '05:00:00', 24, 148),
(2707, '2015-05-15', '05:00:00', 24, 75),
(2708, '2015-05-15', '05:00:00', 24, 176),
(2709, '2015-05-15', '03:30:00', 24, 156),
(2710, '2015-05-15', '05:00:00', 24, 148),
(2711, '2015-05-15', '05:00:00', 24, 83),
(2712, '2015-05-15', '05:00:00', 24, 180),
(2713, '2015-05-11', '04:00:00', 170, 66),
(2714, '2015-05-11', '04:00:00', 170, 63),
(2715, '2015-05-11', '04:00:00', 170, 65),
(2716, '2015-05-05', '02:00:00', 157, 163),
(2717, '2015-05-05', '02:00:00', 157, 152),
(2718, '2015-05-05', '02:00:00', 157, 157),
(2719, '2015-05-05', '03:00:00', 159, 171),
(2720, '2015-05-05', '03:00:00', 159, 163),
(2721, '2015-05-05', '03:00:00', 159, 168),
(2722, '2015-05-05', '03:00:00', 159, 152),
(2723, '2015-05-05', '03:00:00', 159, 157),
(2724, '2015-05-05', '03:00:00', 159, 150),
(2725, '2015-05-06', '02:00:00', 159, 171),
(2726, '2015-05-06', '02:00:00', 159, 163),
(2727, '2015-05-06', '02:00:00', 159, 151),
(2728, '2015-05-06', '02:00:00', 159, 166),
(2729, '2015-05-06', '02:00:00', 159, 159),
(2730, '2015-05-06', '02:00:00', 159, 169),
(2731, '2015-05-06', '03:00:00', 158, 171),
(2732, '2015-05-06', '03:00:00', 158, 151),
(2733, '2015-05-06', '03:00:00', 158, 169),
(2734, '2015-05-06', '03:00:00', 158, 166),
(2735, '2015-05-06', '03:00:00', 158, 159),
(2736, '2015-05-07', '05:00:00', 160, 166),
(2737, '2015-05-07', '05:00:00', 160, 150),
(2738, '2015-05-07', '05:00:00', 160, 168),
(2739, '2015-05-07', '05:00:00', 160, 161),
(2740, '2015-05-07', '05:00:00', 160, 159),
(2741, '2015-05-07', '05:00:00', 160, 152),
(2742, '2015-05-15', '08:00:00', 179, 61),
(2743, '2015-05-18', '04:00:00', 180, 155),
(2744, '2015-05-18', '04:00:00', 180, 176),
(2745, '2015-05-17', '05:00:00', 24, 176),
(2746, '2015-05-17', '05:00:00', 24, 187),
(2747, '2015-05-16', '05:00:00', 24, 144),
(2748, '2015-05-16', '05:00:00', 24, 83),
(2749, '2015-05-16', '05:00:00', 24, 77),
(2750, '2015-05-16', '05:00:00', 24, 187),
(2751, '2015-05-17', '05:00:00', 24, 144),
(2752, '2015-05-17', '05:00:00', 24, 191),
(2753, '2015-05-13', '05:00:00', 47, 73),
(2754, '2015-05-13', '05:00:00', 47, 187),
(2755, '2015-05-13', '06:30:00', 47, 86),
(2756, '2015-05-13', '05:00:00', 47, 155),
(2757, '2015-05-13', '05:00:00', 47, 95),
(2758, '2015-05-15', '02:00:00', 47, 86),
(2759, '2015-05-15', '05:00:00', 47, 155),
(2760, '2015-05-15', '05:00:00', 47, 88),
(2761, '2015-05-15', '05:00:00', 47, 82),
(2762, '2015-05-18', '05:00:00', 47, 155),
(2763, '2015-05-18', '04:30:00', 47, 86),
(2764, '2015-05-19', '01:00:00', 47, 156),
(2765, '2015-05-19', '02:30:00', 47, 181),
(2766, '2015-05-19', '05:00:00', 47, 191),
(2767, '2015-05-19', '05:00:00', 47, 193),
(2768, '2015-05-19', '01:00:00', 47, 180),
(2769, '2015-05-12', '02:30:00', 47, 187),
(2770, '2015-05-18', '05:00:00', 24, 156),
(2771, '2015-05-18', '05:00:00', 24, 181),
(2772, '2015-05-19', '04:00:00', 24, 156),
(2773, '2015-05-19', '05:00:00', 24, 77),
(2774, '2015-05-19', '02:30:00', 24, 181),
(2775, '2015-05-19', '02:30:00', 24, 187),
(2776, '2015-05-19', '05:00:00', 24, 148),
(2777, '2015-05-19', '04:00:00', 24, 180),
(2778, '2015-05-11', '04:00:00', 32, 144),
(2779, '2015-05-11', '04:00:00', 32, 180),
(2780, '2015-05-11', '02:30:00', 32, 88),
(2781, '2015-05-11', '02:30:00', 32, 181),
(2782, '2015-05-12', '03:00:00', 32, 76),
(2783, '2015-05-12', '03:00:00', 32, 144),
(2784, '2015-05-12', '02:30:00', 32, 82),
(2785, '2015-05-12', '02:30:00', 32, 88),
(2786, '2015-05-13', '04:00:00', 32, 76),
(2787, '2015-05-13', '02:30:00', 32, 83),
(2788, '2015-05-13', '02:30:00', 32, 88),
(2789, '2015-05-14', '05:30:00', 32, 75),
(2790, '2015-05-14', '05:30:00', 32, 181),
(2791, '2015-05-15', '03:00:00', 32, 76),
(2792, '2015-05-15', '03:00:00', 32, 181),
(2793, '2015-05-15', '02:30:00', 32, 86),
(2794, '2015-05-15', '02:30:00', 32, 144),
(2795, '2015-05-16', '05:30:00', 32, 75),
(2796, '2015-05-16', '05:30:00', 32, 82),
(2797, '2015-05-17', '05:30:00', 32, 75),
(2798, '2015-05-17', '05:30:00', 32, 82),
(2799, '2015-05-18', '04:00:00', 32, 88),
(2800, '2015-05-18', '04:00:00', 32, 76),
(2801, '2015-05-18', '02:30:00', 32, 191),
(2802, '2015-05-18', '02:30:00', 32, 75),
(2803, '2015-05-19', '02:30:00', 32, 76),
(2804, '2015-05-19', '02:30:00', 32, 144),
(2805, '2015-05-19', '03:00:00', 32, 75),
(2806, '2015-05-19', '03:00:00', 32, 83),
(2807, '2015-05-05', '01:00:00', 53, 76),
(2808, '2015-05-05', '01:00:00', 53, 144),
(2809, '2015-05-12', '01:00:00', 53, 76),
(2810, '2015-05-12', '01:00:00', 53, 144),
(2811, '2015-05-15', '01:00:00', 53, 76),
(2812, '2015-05-15', '01:00:00', 53, 181),
(2813, '2015-05-19', '01:00:00', 53, 75),
(2814, '2015-05-19', '01:00:00', 53, 83),
(2815, '2015-05-22', '01:00:00', 53, 76),
(2816, '2015-05-22', '01:00:00', 53, 144),
(2817, '2015-05-19', '02:30:00', 185, 181),
(2818, '2015-05-19', '02:30:00', 185, 193),
(2819, '2015-05-19', '02:30:00', 185, 191),
(2820, '2015-05-19', '02:30:00', 185, 187),
(2821, '2015-05-20', '05:00:00', 24, 77),
(2822, '2015-05-20', '05:00:00', 24, 176),
(2823, '2015-05-20', '05:00:00', 24, 191),
(2824, '2015-05-20', '05:00:00', 24, 181),
(2825, '2015-05-20', '05:00:00', 24, 148),
(2826, '2015-05-20', '05:00:00', 24, 187),
(2827, '2015-05-20', '05:00:00', 47, 193),
(2828, '2015-05-20', '05:00:00', 47, 180),
(2829, '2015-05-20', '05:00:00', 47, 86),
(2830, '2015-05-20', '05:00:00', 47, 82),
(2831, '2015-05-20', '05:00:00', 47, 155),
(2832, '2015-05-20', '04:00:00', 186, 193),
(2833, '2015-05-20', '04:00:00', 186, 82),
(2834, '2015-05-20', '02:00:00', 187, 86),
(2835, '2015-05-20', '02:00:00', 187, 155),
(2836, '2015-05-19', '04:00:00', 132, 57),
(2837, '2015-05-19', '04:00:00', 132, 63),
(2838, '2015-05-20', '08:00:00', 132, 63),
(2839, '2015-05-20', '06:00:00', 132, 57),
(2840, '2015-05-18', '04:00:00', 188, 63),
(2841, '2015-05-18', '04:00:00', 188, 57),
(2842, '2015-05-18', '04:00:00', 188, 60),
(2843, '2015-05-18', '04:00:00', 188, 59),
(2844, '2015-05-19', '04:00:00', 188, 57),
(2845, '2015-05-19', '04:00:00', 188, 60),
(2846, '2015-05-19', '04:00:00', 188, 59),
(2847, '2015-05-21', '05:00:00', 24, 77),
(2848, '2015-05-21', '05:00:00', 24, 191),
(2849, '2015-05-21', '05:00:00', 24, 181),
(2850, '2015-05-21', '05:00:00', 24, 180),
(2851, '2015-05-21', '05:00:00', 47, 193),
(2852, '2015-05-21', '05:00:00', 47, 144),
(2853, '2015-05-21', '05:00:00', 47, 187),
(2854, '2015-05-21', '05:00:00', 47, 95),
(2855, '2015-05-21', '05:00:00', 47, 82),
(2856, '2015-05-21', '05:00:00', 47, 176),
(2857, '2015-05-21', '02:00:00', 189, 176),
(2858, '2015-05-21', '02:00:00', 189, 187),
(2859, '2015-05-21', '02:00:00', 189, 144),
(2860, '2015-05-21', '02:00:00', 189, 95),
(2861, '2015-05-21', '02:30:00', 190, 193),
(2862, '2015-05-21', '02:30:00', 190, 82),
(2863, '2015-05-11', '04:00:00', 178, 63),
(2864, '2015-05-11', '04:00:00', 178, 65),
(2865, '2015-05-11', '04:00:00', 178, 66),
(2866, '2015-05-13', '08:00:00', 178, 138),
(2867, '2015-05-13', '08:00:00', 178, 63),
(2868, '2015-05-13', '08:00:00', 178, 65),
(2869, '2015-05-13', '08:00:00', 178, 66),
(2870, '2015-05-15', '08:00:00', 178, 66),
(2871, '2015-05-15', '08:00:00', 178, 68),
(2872, '2015-05-15', '08:00:00', 178, 138),
(2873, '2015-05-15', '08:00:00', 178, 149),
(2874, '2015-05-18', '08:00:00', 178, 66),
(2875, '2015-05-18', '08:00:00', 178, 63),
(2876, '2015-05-18', '08:00:00', 178, 65),
(2877, '2015-05-21', '08:00:00', 178, 65),
(2878, '2015-05-21', '08:00:00', 178, 138),
(2879, '2015-05-21', '08:00:00', 178, 149),
(2880, '2015-05-21', '08:00:00', 178, 68),
(2881, '2015-05-22', '08:00:00', 178, 149),
(2882, '2015-05-22', '08:00:00', 178, 138),
(2883, '2015-05-22', '08:00:00', 178, 68),
(2884, '2015-05-18', '04:00:00', 192, 57),
(2885, '2015-05-18', '04:00:00', 192, 60),
(2886, '2015-05-18', '04:00:00', 192, 59),
(2887, '2015-05-26', '06:00:00', 195, 193),
(2888, '2015-05-26', '06:00:00', 195, 82),
(2889, '2015-05-11', '01:30:00', 35, 86),
(2890, '2015-05-11', '01:30:00', 35, 82),
(2891, '2015-05-13', '01:30:00', 35, 82),
(2892, '2015-05-13', '01:30:00', 35, 86),
(2893, '2015-05-15', '01:30:00', 35, 82),
(2894, '2015-05-15', '01:30:00', 35, 86),
(2895, '2015-05-22', '05:00:00', 47, 82),
(2896, '2015-05-22', '05:00:00', 47, 193),
(2897, '2015-05-22', '05:00:00', 47, 155),
(2898, '2015-05-26', '05:00:00', 47, 82),
(2899, '2015-05-27', '05:00:00', 47, 82),
(2900, '2015-05-27', '08:00:00', 197, 63),
(2901, '2015-05-27', '08:00:00', 197, 65),
(2902, '2015-05-27', '08:00:00', 197, 66),
(2903, '2015-05-27', '08:00:00', 197, 138),
(2904, '2015-05-19', '04:00:00', 191, 60),
(2905, '2015-05-22', '05:00:00', 24, 176),
(2906, '2015-05-22', '05:00:00', 24, 148),
(2907, '2015-05-22', '05:00:00', 24, 83),
(2908, '2015-05-26', '08:00:00', 196, 63),
(2909, '2015-05-26', '08:00:00', 196, 65),
(2910, '2015-05-26', '08:00:00', 196, 68),
(2911, '2015-05-26', '08:00:00', 196, 66),
(2912, '2015-05-23', '05:00:00', 24, 83),
(2913, '2015-05-23', '05:00:00', 24, 176),
(2914, '2015-05-23', '05:00:00', 24, 181),
(2915, '2015-05-23', '05:00:00', 24, 187),
(2916, '2015-05-23', '05:00:00', 24, 95),
(2917, '2015-05-23', '05:00:00', 24, 148),
(2918, '2015-05-24', '05:00:00', 24, 77),
(2919, '2015-05-24', '05:00:00', 24, 148),
(2920, '2015-05-24', '05:00:00', 24, 83),
(2921, '2015-05-24', '05:00:00', 24, 191),
(2922, '2015-05-24', '05:00:00', 24, 187),
(2923, '2015-05-24', '05:00:00', 24, 75),
(2924, '2015-05-25', '05:00:00', 24, 77),
(2925, '2015-05-26', '05:00:00', 24, 77),
(2926, '2015-05-26', '05:00:00', 24, 193),
(2927, '2015-05-26', '05:00:00', 24, 181),
(2928, '2015-05-26', '03:00:00', 24, 191),
(2929, '2015-05-27', '05:00:00', 24, 193),
(2930, '2015-05-27', '05:00:00', 24, 191),
(2931, '2015-05-27', '05:00:00', 24, 181),
(2932, '2015-05-27', '05:00:00', 24, 187),
(2933, '2015-05-27', '05:00:00', 24, 180),
(2934, '2015-05-13', '01:00:00', 44, 82),
(2935, '2015-05-13', '01:00:00', 44, 86),
(2936, '2015-05-20', '01:00:00', 44, 191),
(2937, '2015-05-20', '01:00:00', 44, 82),
(2938, '2015-05-19', '04:00:00', 191, 60),
(2939, '2015-05-20', '04:00:00', 191, 60),
(2940, '2015-05-20', '08:00:00', 191, 61),
(2941, '2015-05-21', '02:00:00', 191, 61),
(2942, '2015-05-21', '02:00:00', 191, 59),
(2943, '2015-05-20', '04:00:00', 32, 76),
(2944, '2015-05-20', '04:00:00', 32, 88),
(2945, '2015-05-20', '02:30:00', 32, 191),
(2946, '2015-05-20', '02:30:00', 32, 75),
(2947, '2015-05-21', '03:00:00', 32, 75),
(2948, '2015-05-21', '03:00:00', 32, 83),
(2949, '2015-05-20', '04:00:00', 192, 60),
(2950, '2015-05-20', '02:00:00', 192, 57),
(2951, '2015-05-21', '06:00:00', 192, 59),
(2952, '2015-05-21', '06:00:00', 192, 61),
(2953, '2015-05-22', '08:00:00', 192, 59),
(2954, '2015-05-22', '08:00:00', 192, 61),
(2955, '2015-05-21', '02:30:00', 32, 75),
(2956, '2015-05-21', '02:30:00', 32, 88),
(2957, '2015-05-22', '02:30:00', 32, 75),
(2958, '2015-05-22', '02:30:00', 32, 88),
(2959, '2015-05-22', '03:00:00', 32, 76),
(2960, '2015-05-22', '03:00:00', 32, 144),
(2961, '2015-05-23', '05:30:00', 32, 86),
(2962, '2015-05-23', '05:30:00', 32, 88),
(2963, '2015-05-24', '05:30:00', 32, 86),
(2964, '2015-05-24', '05:30:00', 32, 88),
(2965, '2015-05-26', '08:00:00', 192, 57),
(2966, '2015-05-26', '08:00:00', 192, 149),
(2967, '2015-05-26', '08:00:00', 192, 60),
(2968, '2015-05-26', '08:00:00', 192, 59),
(2969, '2015-05-27', '08:00:00', 192, 57),
(2970, '2015-05-27', '08:00:00', 192, 149),
(2971, '2015-05-27', '08:00:00', 192, 60),
(2972, '2015-05-27', '04:00:00', 192, 61),
(2973, '2015-05-25', '05:30:00', 32, 83),
(2974, '2015-05-25', '05:30:00', 32, 76),
(2975, '2015-05-26', '02:30:00', 32, 79),
(2976, '2015-05-26', '02:30:00', 32, 144),
(2977, '2015-05-26', '03:00:00', 32, 76),
(2978, '2015-05-26', '03:00:00', 32, 75),
(2979, '2015-05-27', '04:00:00', 32, 83),
(2980, '2015-05-27', '02:30:00', 32, 144),
(2981, '2015-05-27', '02:30:00', 32, 86),
(2982, '2015-05-28', '04:00:00', 32, 76),
(2983, '2015-05-28', '02:30:00', 32, 83),
(2984, '2015-05-28', '02:30:00', 32, 88),
(2985, '2015-05-28', '04:00:00', 196, 65),
(2986, '2015-05-28', '04:00:00', 196, 68),
(2987, '2015-05-28', '04:00:00', 196, 138),
(2988, '2015-05-28', '03:00:00', 198, 82),
(2989, '2015-05-28', '03:00:00', 198, 82),
(2990, '2015-05-28', '03:00:00', 198, 82),
(2991, '2015-05-28', '04:00:00', 192, 59),
(2992, '2015-05-28', '04:00:00', 192, 149),
(2993, '2015-05-12', '03:00:00', 184, 171),
(2994, '2015-05-12', '03:00:00', 184, 163),
(2995, '2015-05-12', '03:00:00', 184, 150),
(2996, '2015-05-12', '03:00:00', 184, 168),
(2997, '2015-05-12', '02:00:00', 182, 150),
(2998, '2015-05-12', '02:00:00', 182, 163),
(2999, '2015-05-12', '02:00:00', 182, 168),
(3000, '2015-05-12', '02:00:00', 182, 171),
(3001, '2015-05-11', '02:00:00', 181, 179),
(3002, '2015-05-11', '02:00:00', 181, 151),
(3003, '2015-05-11', '02:00:00', 181, 166),
(3004, '2015-05-11', '02:00:00', 182, 171),
(3005, '2015-05-11', '02:00:00', 182, 179),
(3006, '2015-05-11', '02:00:00', 182, 151),
(3007, '2015-05-11', '02:00:00', 182, 166),
(3008, '2015-05-11', '02:00:00', 182, 172),
(3009, '2015-05-11', '02:00:00', 183, 172),
(3010, '2015-05-11', '02:00:00', 183, 171),
(3011, '2015-05-11', '02:00:00', 183, 179),
(3012, '2015-05-11', '02:00:00', 183, 151),
(3013, '2015-05-11', '02:00:00', 183, 166),
(3014, '2015-06-01', '08:00:00', 194, 63),
(3015, '2015-06-01', '08:00:00', 194, 65),
(3016, '2015-06-01', '08:00:00', 194, 68),
(3017, '2015-06-01', '08:00:00', 194, 194),
(3018, '2015-06-02', '08:00:00', 194, 63),
(3019, '2015-06-02', '08:00:00', 194, 65),
(3020, '2015-06-02', '04:00:00', 194, 68),
(3021, '2015-06-02', '04:00:00', 194, 138),
(3022, '2015-06-01', '08:00:00', 193, 57),
(3023, '2015-06-01', '08:00:00', 193, 60),
(3024, '2015-06-02', '08:00:00', 193, 60),
(3025, '2015-06-02', '08:00:00', 193, 57),
(3026, '2015-06-01', '08:00:00', 192, 149),
(3027, '2015-06-01', '08:00:00', 192, 59),
(3028, '2015-06-02', '08:00:00', 192, 195),
(3029, '2015-06-02', '08:00:00', 192, 59),
(3030, '2015-04-28', '07:00:00', 177, 190),
(3031, '2015-04-28', '07:00:00', 177, 173),
(3032, '2015-04-28', '07:00:00', 177, 93),
(3033, '2015-04-28', '07:00:00', 177, 174),
(3034, '2015-06-03', '08:00:00', 194, 63),
(3035, '2015-06-03', '08:00:00', 194, 138),
(3036, '2015-06-03', '08:00:00', 194, 65),
(3037, '2015-06-04', '04:00:00', 194, 65),
(3038, '2015-06-04', '04:00:00', 194, 194),
(3039, '2015-06-04', '04:00:00', 194, 68),
(3040, '2015-06-04', '04:00:00', 194, 138),
(3041, '2015-06-04', '04:00:00', 196, 65),
(3042, '2015-06-04', '04:00:00', 196, 68),
(3043, '2015-06-04', '04:00:00', 196, 138),
(3044, '2015-06-04', '04:00:00', 196, 194),
(3045, '2015-06-03', '04:00:00', 192, 57),
(3046, '2015-06-03', '04:00:00', 192, 60),
(3047, '2015-06-03', '08:00:00', 192, 149),
(3048, '2015-06-03', '08:00:00', 192, 61),
(3049, '2015-06-03', '04:00:00', 193, 57),
(3050, '2015-06-03', '04:00:00', 193, 60),
(3051, '2015-06-04', '04:00:00', 193, 195),
(3052, '2015-06-04', '04:00:00', 193, 59),
(3053, '2015-06-05', '08:00:00', 194, 138),
(3054, '2015-06-05', '08:00:00', 194, 194),
(3055, '2015-06-05', '08:00:00', 194, 68),
(3056, '2015-06-04', '04:00:00', 192, 195),
(3057, '2015-06-04', '04:00:00', 192, 59),
(3058, '2015-06-04', '08:00:00', 192, 61),
(3059, '2015-06-04', '08:00:00', 192, 149),
(3060, '2015-06-05', '08:00:00', 192, 61),
(3061, '2015-06-08', '04:00:00', 194, 63),
(3062, '2015-06-08', '04:00:00', 194, 68),
(3063, '2015-06-08', '04:00:00', 194, 194),
(3092, '2015-06-08', '04:00:00', 196, 63),
(3093, '2015-06-08', '04:00:00', 196, 68),
(3094, '2015-06-08', '04:00:00', 196, 194),
(3114, '2015-06-09', '08:00:00', 196, 63),
(3115, '2015-06-09', '08:00:00', 196, 68),
(3116, '2015-06-09', '08:00:00', 196, 138),
(3117, '2015-06-05', '08:00:00', 193, 149),
(3118, '2015-06-05', '08:00:00', 193, 195),
(3119, '2015-06-08', '08:00:00', 193, 59),
(3120, '2015-06-09', '04:00:00', 193, 57),
(3121, '2015-06-09', '04:00:00', 193, 59),
(3122, '2015-06-09', '04:00:00', 199, 79),
(3123, '2015-06-09', '04:00:00', 199, 86),
(3124, '2015-06-09', '04:00:00', 199, 144),
(3125, '2015-06-01', '02:30:00', 200, 79),
(3126, '2015-06-01', '02:30:00', 200, 191),
(3127, '2015-06-01', '02:30:00', 200, 193),
(3128, '2015-06-01', '02:30:00', 200, 144),
(3129, '2015-06-02', '02:00:00', 201, 79),
(3130, '2015-06-02', '02:00:00', 201, 191),
(3131, '2015-06-02', '02:00:00', 201, 86),
(3132, '2015-06-02', '02:00:00', 201, 144),
(3133, '2015-06-03', '05:00:00', 202, 79),
(3134, '2015-06-03', '05:00:00', 202, 191),
(3135, '2015-06-03', '05:00:00', 202, 144),
(3136, '2015-06-03', '05:00:00', 202, 193),
(3137, '2015-05-28', '05:00:00', 47, 156),
(3138, '2015-05-28', '05:00:00', 47, 181),
(3139, '2015-05-28', '05:00:00', 47, 187),
(3140, '2015-05-28', '05:00:00', 47, 82),
(3141, '2015-05-28', '05:00:00', 47, 180),
(3142, '2015-05-28', '05:00:00', 47, 86),
(3143, '2015-05-29', '05:00:00', 47, 181),
(3144, '2015-05-29', '05:00:00', 47, 82),
(3145, '2015-05-29', '05:00:00', 47, 180),
(3146, '2015-05-29', '05:00:00', 47, 86),
(3147, '2015-06-08', '08:00:00', 192, 57),
(3148, '2015-06-08', '04:00:00', 192, 60),
(3149, '2015-06-09', '08:00:00', 192, 195),
(3150, '2015-06-09', '04:00:00', 192, 57),
(3151, '2015-06-09', '04:00:00', 192, 59),
(3152, '2015-06-10', '08:00:00', 197, 68),
(3153, '2015-06-10', '08:00:00', 197, 63),
(3154, '2015-06-10', '08:00:00', 197, 138),
(3155, '2015-06-11', '08:00:00', 196, 138),
(3156, '2015-06-11', '08:00:00', 196, 68),
(3157, '2015-06-11', '08:00:00', 196, 194),
(3158, '2015-06-04', '03:00:00', 203, 82),
(3159, '2015-06-04', '03:00:00', 203, 193),
(3160, '2015-06-01', '06:00:00', 25, 77),
(3161, '2015-06-01', '06:00:00', 25, 148),
(3162, '2015-06-01', '06:00:00', 25, 75),
(3163, '2015-06-01', '06:00:00', 25, 83),
(3164, '2015-06-02', '06:00:00', 25, 75),
(3165, '2015-06-02', '06:00:00', 25, 77),
(3166, '2015-06-02', '06:00:00', 25, 148),
(3167, '2015-06-02', '06:00:00', 25, 176),
(3168, '2015-06-02', '06:00:00', 25, 83),
(3169, '2015-06-02', '06:00:00', 25, 181),
(3170, '2015-06-03', '06:00:00', 25, 77),
(3171, '2015-06-03', '06:00:00', 25, 148),
(3172, '2015-06-03', '06:00:00', 25, 176),
(3173, '2015-06-03', '06:00:00', 25, 87),
(3174, '2015-06-03', '06:00:00', 25, 75),
(3175, '2015-06-03', '06:00:00', 25, 181),
(3176, '2015-06-04', '06:00:00', 25, 77),
(3177, '2015-06-04', '06:00:00', 25, 148),
(3178, '2015-06-04', '06:00:00', 25, 176),
(3179, '2015-06-04', '06:00:00', 25, 87),
(3180, '2015-06-04', '06:00:00', 25, 187),
(3181, '2015-06-04', '06:00:00', 25, 181),
(3182, '2015-06-05', '06:00:00', 25, 77),
(3183, '2015-06-05', '06:00:00', 25, 176),
(3184, '2015-06-05', '06:00:00', 25, 187),
(3185, '2015-06-05', '06:00:00', 25, 144),
(3186, '2015-06-05', '06:00:00', 25, 191),
(3187, '2015-06-05', '06:00:00', 25, 83),
(3188, '2015-06-06', '06:00:00', 25, 83),
(3189, '2015-06-06', '06:00:00', 25, 144),
(3190, '2015-06-06', '06:00:00', 25, 181),
(3191, '2015-06-06', '06:00:00', 25, 191),
(3192, '2015-06-07', '06:00:00', 25, 148),
(3193, '2015-06-07', '06:00:00', 25, 187),
(3194, '2015-06-07', '06:00:00', 25, 83),
(3195, '2015-06-08', '06:00:00', 25, 77),
(3196, '2015-06-08', '06:00:00', 25, 148),
(3197, '2015-06-08', '06:00:00', 25, 176),
(3198, '2015-06-09', '06:00:00', 25, 77),
(3199, '2015-06-09', '06:00:00', 25, 148),
(3200, '2015-06-09', '06:00:00', 25, 176),
(3201, '2015-06-09', '06:00:00', 25, 191),
(3202, '2015-06-09', '06:00:00', 25, 181),
(3203, '2015-06-10', '06:00:00', 25, 77),
(3204, '2015-06-10', '06:00:00', 25, 148),
(3205, '2015-06-10', '06:00:00', 25, 176),
(3206, '2015-06-10', '06:00:00', 25, 87),
(3207, '2015-06-10', '06:00:00', 25, 181),
(3208, '2015-06-11', '06:00:00', 25, 77),
(3209, '2015-06-11', '06:00:00', 25, 181),
(3210, '2015-06-11', '06:00:00', 25, 87),
(3211, '2015-06-11', '06:00:00', 25, 187),
(3212, '2015-06-11', '06:00:00', 25, 191),
(3213, '2015-06-12', '06:00:00', 25, 148),
(3214, '2015-06-12', '06:00:00', 25, 87),
(3215, '2015-06-12', '06:00:00', 25, 187),
(3216, '2015-06-12', '06:00:00', 25, 144),
(3217, '2015-06-12', '06:00:00', 25, 191),
(3218, '2015-06-12', '06:00:00', 25, 83),
(3219, '2015-06-13', '06:00:00', 25, 176),
(3220, '2015-06-13', '06:00:00', 25, 87),
(3221, '2015-06-13', '06:00:00', 25, 144),
(3222, '2015-06-13', '06:00:00', 25, 75),
(3223, '2015-06-13', '06:00:00', 25, 83),
(3224, '2015-06-13', '06:00:00', 25, 181),
(3225, '2015-06-13', '06:00:00', 25, 181),
(3226, '2015-06-13', '06:00:00', 25, 176),
(3227, '2015-06-13', '06:00:00', 25, 75),
(3228, '2015-06-13', '06:00:00', 25, 144),
(3229, '2015-06-13', '06:00:00', 25, 87),
(3230, '2015-06-14', '06:00:00', 25, 77),
(3231, '2015-06-14', '06:00:00', 25, 75),
(3232, '2015-06-14', '06:00:00', 25, 181),
(3233, '2015-06-14', '06:00:00', 25, 176),
(3234, '2015-06-14', '06:00:00', 25, 144),
(3235, '2015-06-15', '02:00:00', 25, 74),
(3236, '2015-06-15', '03:30:00', 25, 77),
(3237, '2015-06-15', '06:00:00', 25, 187),
(3238, '2015-06-15', '06:00:00', 25, 148),
(3239, '2015-06-15', '06:00:00', 25, 83),
(3240, '2015-06-15', '08:00:00', 204, 65),
(3241, '2015-06-15', '08:00:00', 204, 194),
(3242, '2015-06-15', '04:00:00', 164, 63),
(3243, '2015-06-15', '04:00:00', 164, 68),
(3244, '2015-06-15', '02:00:00', 206, 82),
(3245, '2015-06-15', '03:00:00', 206, 197),
(3246, '2015-06-15', '03:00:00', 206, 86),
(3247, '2015-05-28', '05:00:00', 24, 148),
(3248, '2015-05-28', '05:00:00', 24, 77),
(3249, '2015-05-28', '05:00:00', 24, 181),
(3250, '2015-05-29', '05:00:00', 24, 156),
(3251, '2015-05-29', '05:00:00', 24, 77),
(3252, '2015-05-29', '05:00:00', 24, 187),
(3253, '2015-05-30', '05:00:00', 24, 144),
(3254, '2015-05-30', '05:00:00', 24, 87),
(3255, '2015-05-30', '05:00:00', 24, 176),
(3256, '2015-05-31', '05:00:00', 24, 176),
(3257, '2015-05-31', '05:00:00', 24, 148),
(3258, '2015-05-31', '05:00:00', 24, 87),
(3259, '2015-06-15', '04:00:00', 196, 63),
(3260, '2015-06-15', '04:00:00', 196, 68),
(3261, '2015-06-15', '05:00:00', 207, 76),
(3262, '2015-06-10', '02:30:00', 208, 82),
(3263, '2015-06-10', '02:30:00', 208, 79),
(3264, '2015-06-10', '02:30:00', 208, 197),
(3265, '2015-06-10', '02:30:00', 208, 86),
(3266, '2015-05-29', '04:00:00', 32, 76),
(3267, '2015-05-29', '04:00:00', 32, 75),
(3268, '2015-05-29', '02:30:00', 32, 88),
(3269, '2015-05-29', '02:30:00', 32, 86),
(3270, '2015-05-30', '05:30:00', 32, 79),
(3271, '2015-05-30', '05:30:00', 32, 191),
(3272, '2015-05-31', '05:30:00', 32, 79),
(3273, '2015-05-31', '05:30:00', 32, 79),
(3274, '2015-06-01', '05:00:00', 32, 76),
(3275, '2015-06-01', '05:00:00', 32, 88),
(3276, '2015-06-02', '05:00:00', 32, 76),
(3277, '2015-06-02', '05:00:00', 32, 88),
(3278, '2015-06-03', '05:00:00', 32, 76),
(3279, '2015-06-03', '05:00:00', 32, 88),
(3280, '2015-06-04', '05:00:00', 32, 76),
(3281, '2015-06-04', '05:00:00', 32, 88),
(3282, '2015-06-05', '05:00:00', 32, 75),
(3283, '2015-06-05', '05:00:00', 32, 191),
(3284, '2015-06-06', '05:00:00', 32, 87),
(3285, '2015-06-06', '05:00:00', 32, 79),
(3286, '2015-06-07', '05:00:00', 32, 79),
(3287, '2015-06-07', '05:00:00', 32, 87),
(3288, '2015-06-08', '05:00:00', 32, 75),
(3289, '2015-06-08', '05:00:00', 32, 79),
(3290, '2015-06-09', '05:00:00', 32, 75),
(3291, '2015-06-09', '05:00:00', 32, 193),
(3292, '2015-06-10', '05:00:00', 32, 193),
(3293, '2015-06-10', '05:00:00', 32, 75),
(3294, '2015-06-11', '05:00:00', 32, 193),
(3295, '2015-06-11', '05:00:00', 32, 75),
(3296, '2015-06-12', '05:00:00', 32, 76),
(3297, '2015-06-12', '05:00:00', 32, 193),
(3298, '2015-06-13', '05:00:00', 32, 191),
(3299, '2015-06-13', '05:00:00', 32, 79),
(3300, '2015-06-14', '05:00:00', 32, 79),
(3301, '2015-06-14', '05:00:00', 32, 191),
(3302, '2015-06-15', '05:00:00', 32, 193),
(3303, '2015-06-15', '05:00:00', 32, 144),
(3304, '2015-06-16', '08:00:00', 204, 138),
(3305, '2015-06-16', '04:00:00', 204, 68),
(3306, '2015-06-16', '04:00:00', 164, 68),
(3307, '2015-06-17', '08:00:00', 204, 138),
(3308, '2015-06-10', '07:00:00', 192, 57),
(3309, '2015-06-10', '07:00:00', 192, 149),
(3310, '2015-06-10', '07:00:00', 192, 61),
(3311, '2015-06-11', '08:00:00', 192, 149),
(3312, '2015-06-11', '08:00:00', 192, 61),
(3313, '2015-06-11', '06:30:00', 209, 191),
(3314, '2015-06-11', '06:30:00', 209, 75),
(3315, '2015-06-11', '06:00:00', 209, 86),
(3316, '2015-06-11', '06:00:00', 209, 197),
(3317, '2015-06-15', '06:00:00', 25, 77),
(3318, '2015-06-15', '06:00:00', 25, 187),
(3319, '2015-06-15', '06:00:00', 25, 148),
(3320, '2015-06-15', '06:00:00', 25, 83),
(3321, '2015-06-16', '06:00:00', 25, 77),
(3322, '2015-06-16', '06:00:00', 25, 148),
(3323, '2015-06-16', '06:00:00', 25, 181),
(3324, '2015-06-16', '06:00:00', 25, 87),
(3325, '2015-06-16', '06:00:00', 25, 187),
(3326, '2015-06-01', '05:00:00', 47, 191),
(3327, '2015-06-01', '05:00:00', 47, 79),
(3328, '2015-06-01', '05:00:00', 47, 82),
(3329, '2015-06-01', '05:00:00', 47, 86),
(3330, '2015-06-02', '05:00:00', 47, 191),
(3331, '2015-06-02', '05:00:00', 47, 79),
(3332, '2015-06-02', '05:00:00', 47, 82),
(3333, '2015-06-02', '05:00:00', 47, 86),
(3334, '2015-06-02', '05:00:00', 47, 193),
(3335, '2015-06-02', '05:00:00', 47, 144),
(3336, '2015-06-03', '05:00:00', 47, 79),
(3337, '2015-06-03', '05:00:00', 47, 191),
(3338, '2015-06-03', '06:30:00', 47, 82),
(3339, '2015-06-03', '06:30:00', 47, 86),
(3340, '2015-06-03', '05:00:00', 47, 144),
(3341, '2015-06-03', '05:00:00', 47, 193),
(3342, '2015-06-04', '05:00:00', 47, 86),
(3343, '2015-06-04', '05:00:00', 47, 193),
(3344, '2015-06-04', '05:00:00', 47, 82),
(3345, '2015-06-05', '06:30:00', 47, 82),
(3346, '2015-06-05', '06:30:00', 47, 86),
(3347, '2015-06-05', '05:00:00', 47, 193),
(3348, '2015-06-08', '05:00:00', 47, 82),
(3349, '2015-06-08', '05:00:00', 47, 86),
(3350, '2015-06-08', '05:00:00', 47, 193),
(3351, '2015-06-09', '05:00:00', 47, 79),
(3352, '2015-06-09', '05:00:00', 47, 82),
(3353, '2015-06-09', '05:00:00', 47, 86),
(3354, '2015-06-10', '05:00:00', 47, 191),
(3355, '2015-06-10', '05:00:00', 47, 79),
(3356, '2015-06-10', '05:00:00', 47, 187),
(3357, '2015-06-10', '06:30:00', 47, 82),
(3358, '2015-06-10', '06:30:00', 47, 86),
(3359, '2015-06-11', '05:00:00', 47, 82),
(3360, '2015-06-11', '05:00:00', 47, 86),
(3361, '2015-06-12', '05:00:00', 47, 82),
(3362, '2015-06-12', '05:00:00', 47, 86),
(3363, '2015-06-15', '05:30:00', 47, 82),
(3364, '2015-06-15', '03:30:00', 47, 86),
(3365, '2015-06-15', '05:00:00', 47, 197),
(3366, '2015-06-16', '05:00:00', 47, 197),
(3367, '2015-06-16', '05:00:00', 47, 180),
(3368, '2015-06-16', '03:15:00', 47, 82),
(3369, '2015-06-16', '03:30:00', 47, 86),
(3370, '2015-06-16', '05:00:00', 47, 176),
(3371, '2015-06-17', '05:00:00', 47, 191),
(3372, '2015-06-17', '06:00:00', 47, 82),
(3373, '2015-06-17', '05:00:00', 47, 197),
(3374, '2015-06-17', '06:30:00', 47, 86),
(3375, '2015-06-17', '05:00:00', 47, 180),
(3376, '2015-06-17', '05:00:00', 47, 198),
(3377, '2015-06-15', '08:00:00', 210, 57),
(3378, '2015-06-15', '08:00:00', 210, 60),
(3379, '2015-06-15', '08:00:00', 210, 59),
(3382, '2015-06-16', '08:00:00', 210, 60),
(3383, '2015-06-16', '08:00:00', 210, 59),
(3385, '2015-06-17', '08:00:00', 210, 57),
(3386, '2015-06-17', '08:00:00', 210, 60),
(3387, '2015-06-17', '04:00:00', 210, 149),
(3388, '2015-06-10', '01:00:00', 188, 57),
(3389, '2015-06-10', '01:00:00', 188, 149),
(3390, '2015-06-10', '01:00:00', 188, 61),
(3391, '2015-06-18', '05:00:00', 47, 191),
(3392, '2015-06-18', '05:00:00', 47, 180),
(3393, '2015-06-18', '05:00:00', 47, 197),
(3394, '2015-06-18', '05:00:00', 47, 198),
(3395, '2015-06-18', '05:00:00', 47, 82),
(3396, '2015-06-18', '05:00:00', 47, 86),
(3397, '2015-06-17', '06:00:00', 25, 77),
(3398, '2015-06-17', '06:00:00', 25, 176),
(3399, '2015-06-17', '06:00:00', 25, 87),
(3400, '2015-06-17', '06:00:00', 25, 187),
(3401, '2015-06-17', '06:00:00', 25, 181),
(3402, '2015-06-18', '08:00:00', 204, 138),
(3403, '2015-06-18', '08:00:00', 204, 68),
(3404, '2015-06-18', '08:00:00', 204, 194),
(3406, '2015-06-19', '08:00:00', 204, 138),
(3407, '2015-06-19', '08:00:00', 204, 68),
(3408, '2015-06-19', '08:00:00', 204, 194),
(3409, '2015-06-16', '05:00:00', 32, 144),
(3410, '2015-06-16', '05:00:00', 32, 193),
(3411, '2015-06-17', '05:00:00', 32, 83),
(3412, '2015-06-17', '05:00:00', 32, 193),
(3413, '2015-06-19', '05:00:00', 32, 83),
(3414, '2015-06-19', '05:00:00', 32, 193),
(3415, '2015-06-20', '05:00:00', 32, 191),
(3416, '2015-06-20', '05:00:00', 32, 75),
(3417, '2015-06-21', '05:00:00', 32, 75),
(3418, '2015-06-21', '05:00:00', 32, 191),
(3419, '2015-05-26', '01:30:00', 53, 75),
(3420, '2015-05-26', '01:30:00', 53, 76),
(3421, '2015-05-29', '01:30:00', 53, 75),
(3422, '2015-05-29', '01:30:00', 53, 76),
(3423, '2015-06-02', '01:00:00', 53, 76),
(3424, '2015-06-02', '01:00:00', 53, 75),
(3425, '2015-06-05', '01:00:00', 53, 191),
(3426, '2015-06-05', '01:00:00', 53, 191),
(3427, '2015-06-09', '01:00:00', 53, 75),
(3428, '2015-06-09', '01:00:00', 53, 193),
(3429, '2015-06-12', '01:00:00', 53, 193),
(3430, '2015-06-12', '01:00:00', 53, 76),
(3431, '2015-06-16', '01:00:00', 53, 76),
(3432, '2015-06-16', '01:00:00', 53, 144),
(3433, '2015-06-19', '01:00:00', 53, 193),
(3434, '2015-06-19', '01:00:00', 53, 83),
(3435, '2015-06-23', '01:00:00', 53, 75),
(3436, '2015-06-23', '01:00:00', 53, 191),
(3437, '2015-06-26', '01:00:00', 53, 76),
(3438, '2015-06-26', '01:00:00', 53, 193),
(3439, '2015-06-30', '01:00:00', 53, 75),
(3440, '2015-06-30', '01:00:00', 53, 144),
(3441, '2015-05-18', '01:30:00', 35, 82),
(3442, '2015-05-18', '01:30:00', 35, 86),
(3443, '2015-05-20', '01:30:00', 35, 82),
(3444, '2015-05-20', '01:30:00', 35, 86),
(3445, '2015-05-22', '01:30:00', 35, 82),
(3446, '2015-05-22', '01:30:00', 35, 86),
(3447, '2015-05-25', '01:30:00', 35, 82),
(3448, '2015-05-25', '01:30:00', 35, 86),
(3449, '2015-05-27', '01:30:00', 35, 82),
(3450, '2015-05-27', '01:30:00', 35, 86),
(3451, '2015-05-29', '01:30:00', 35, 82),
(3452, '2015-05-29', '01:30:00', 35, 86),
(3453, '2015-06-01', '01:30:00', 35, 82),
(3454, '2015-06-01', '01:30:00', 35, 86),
(3455, '2015-06-03', '01:30:00', 35, 82),
(3456, '2015-06-03', '01:30:00', 35, 86),
(3457, '2015-06-05', '01:30:00', 35, 82),
(3458, '2015-06-05', '01:30:00', 35, 86),
(3459, '2015-06-08', '01:30:00', 35, 82),
(3460, '2015-06-08', '01:30:00', 35, 86),
(3461, '2015-06-10', '01:30:00', 35, 82),
(3462, '2015-06-10', '01:30:00', 35, 86),
(3463, '2015-06-12', '01:30:00', 35, 86),
(3464, '2015-06-12', '01:30:00', 35, 82),
(3465, '2015-06-15', '01:30:00', 35, 82),
(3466, '2015-06-15', '01:30:00', 35, 86),
(3467, '2015-06-17', '01:30:00', 35, 82),
(3468, '2015-06-17', '01:30:00', 35, 86),
(3469, '2015-06-19', '01:30:00', 35, 82),
(3470, '2015-06-19', '01:30:00', 35, 86),
(3471, '2015-06-22', '01:30:00', 35, 82),
(3472, '2015-06-22', '01:30:00', 35, 86),
(3473, '2015-06-24', '01:30:00', 35, 82),
(3474, '2015-06-24', '01:30:00', 35, 86),
(3475, '2015-06-26', '01:30:00', 35, 82),
(3476, '2015-06-26', '01:30:00', 35, 86),
(3477, '2015-06-29', '01:30:00', 35, 82),
(3478, '2015-06-29', '01:30:00', 35, 86),
(3479, '2015-04-08', '01:00:00', 38, 79),
(3480, '2015-04-08', '01:00:00', 38, 86),
(3481, '2015-04-29', '01:00:00', 38, 176),
(3482, '2015-04-29', '01:00:00', 38, 181),
(3483, '2015-05-13', '01:00:00', 38, 187),
(3484, '2015-05-13', '01:00:00', 38, 86),
(3485, '2015-05-27', '01:00:00', 38, 79),
(3486, '2015-05-27', '01:00:00', 38, 176),
(3487, '2015-06-03', '01:00:00', 38, 86),
(3488, '2015-06-03', '01:00:00', 38, 75),
(3489, '2015-06-17', '01:00:00', 38, 197),
(3490, '2015-06-17', '01:00:00', 38, 86),
(3491, '2015-05-08', '01:30:00', 50, 79),
(3492, '2015-05-08', '01:30:00', 50, 86),
(3493, '2015-05-12', '01:30:00', 50, 181),
(3494, '2015-05-12', '01:30:00', 50, 187),
(3495, '2015-05-15', '01:30:00', 50, 82),
(3496, '2015-05-15', '01:30:00', 50, 86),
(3497, '2015-05-19', '01:30:00', 50, 187),
(3498, '2015-05-19', '01:30:00', 50, 176),
(3499, '2015-05-22', '01:30:00', 50, 82),
(3500, '2015-05-22', '01:30:00', 50, 86),
(3501, '2015-05-26', '01:30:00', 50, 82),
(3502, '2015-05-26', '01:30:00', 50, 180),
(3503, '2015-05-29', '01:30:00', 50, 82),
(3504, '2015-05-29', '01:30:00', 50, 180),
(3505, '2015-06-02', '01:30:00', 50, 181),
(3506, '2015-06-02', '01:30:00', 50, 176),
(3507, '2015-06-05', '01:30:00', 50, 176),
(3508, '2015-06-05', '01:30:00', 50, 82),
(3509, '2015-06-09', '01:30:00', 50, 86),
(3510, '2015-06-09', '01:30:00', 50, 180),
(3511, '2015-06-12', '01:30:00', 50, 82),
(3512, '2015-06-12', '01:30:00', 50, 86),
(3513, '2015-06-16', '01:30:00', 50, 82),
(3514, '2015-06-16', '01:30:00', 50, 86),
(3515, '2015-06-19', '01:30:00', 50, 82),
(3516, '2015-06-19', '01:30:00', 50, 180),
(3517, '2015-06-23', '01:30:00', 50, 82),
(3518, '2015-06-23', '01:30:00', 50, 86),
(3519, '2015-06-26', '01:30:00', 50, 82),
(3520, '2015-06-26', '01:30:00', 50, 180),
(3521, '2015-06-30', '01:30:00', 50, 180),
(3522, '2015-06-30', '01:30:00', 50, 86),
(3523, '2015-06-18', '06:00:00', 25, 77),
(3524, '2015-06-18', '06:00:00', 25, 176),
(3525, '2015-06-18', '06:00:00', 25, 87),
(3526, '2015-06-18', '06:00:00', 25, 83),
(3527, '2015-06-18', '06:00:00', 25, 181),
(3528, '2015-06-18', '06:00:00', 25, 187),
(3529, '2015-06-19', '06:00:00', 25, 77),
(3530, '2015-06-19', '06:00:00', 25, 176),
(3531, '2015-06-19', '06:00:00', 25, 187),
(3532, '2015-06-19', '03:00:00', 25, 197),
(3533, '2015-06-19', '03:00:00', 25, 198),
(3534, '2015-06-20', '06:00:00', 25, 148),
(3535, '2015-06-20', '06:00:00', 25, 87),
(3536, '2015-06-21', '03:30:00', 25, 148),
(3537, '2015-06-21', '03:30:00', 25, 144),
(3538, '2015-06-22', '03:30:00', 25, 87),
(3539, '2015-06-23', '06:00:00', 25, 198),
(3540, '2015-06-22', '05:00:00', 25, 181),
(3541, '2015-06-22', '05:00:00', 25, 197),
(3542, '2015-06-22', '05:00:00', 25, 198),
(3543, '2015-06-22', '03:30:00', 25, 193),
(3544, '2015-06-22', '03:30:00', 25, 180),
(3545, '2015-06-22', '08:00:00', 212, 194),
(3546, '2015-06-22', '08:00:00', 212, 63),
(3547, '2015-06-22', '08:00:00', 212, 63),
(3548, '2015-06-17', '02:30:00', 217, 82),
(3549, '2015-06-17', '03:00:00', 217, 191),
(3550, '2015-06-17', '02:30:00', 217, 86),
(3551, '2015-06-18', '04:00:00', 210, 149),
(3552, '2015-06-18', '04:00:00', 210, 195),
(3553, '2015-06-18', '04:00:00', 210, 61),
(3554, '2015-06-19', '08:00:00', 214, 61),
(3555, '2015-06-22', '08:00:00', 213, 57),
(3556, '2015-06-22', '08:00:00', 213, 59),
(3557, '2015-06-22', '08:00:00', 213, 149),
(3558, '2015-06-22', '08:00:00', 213, 60),
(3559, '2015-06-23', '08:00:00', 212, 63),
(3560, '2015-06-23', '08:00:00', 212, 138),
(3561, '2015-06-23', '08:00:00', 212, 68),
(3562, '2015-06-23', '04:00:00', 212, 66),
(3563, '2015-06-22', '08:00:00', 212, 66),
(3564, '2015-06-19', '03:30:00', 47, 82),
(3565, '2015-06-19', '05:00:00', 47, 86),
(3566, '2015-06-19', '05:00:00', 47, 180),
(3567, '2015-06-22', '03:30:00', 47, 82),
(3568, '2015-06-22', '03:30:00', 47, 86),
(3569, '2015-06-22', '05:00:00', 47, 180),
(3570, '2015-06-23', '03:30:00', 47, 82),
(3571, '2015-06-23', '05:00:00', 47, 193),
(3572, '2015-06-23', '05:00:00', 47, 187),
(3573, '2015-06-23', '05:00:00', 25, 181),
(3574, '2015-06-23', '01:00:00', 25, 82),
(3575, '2015-06-23', '05:00:00', 25, 148),
(3576, '2015-06-23', '05:00:00', 25, 197),
(3577, '2015-06-23', '05:00:00', 25, 198),
(3578, '2015-06-23', '04:30:00', 25, 87),
(3579, '2015-06-22', '05:00:00', 32, 191),
(3580, '2015-06-22', '05:00:00', 32, 83),
(3581, '2015-06-23', '06:00:00', 32, 191),
(3582, '2015-06-23', '06:00:00', 32, 83),
(3583, '2015-06-23', '05:00:00', 32, 75),
(3584, '2015-06-24', '04:00:00', 212, 66),
(3585, '2015-06-24', '08:00:00', 212, 63),
(3586, '2015-06-24', '08:00:00', 212, 138),
(3587, '2015-06-24', '05:00:00', 47, 193),
(3588, '2015-06-24', '05:00:00', 47, 187),
(3589, '2015-06-24', '05:00:00', 47, 180),
(3590, '2015-06-24', '03:45:00', 47, 82),
(3591, '2015-06-24', '04:00:00', 25, 181),
(3592, '2015-06-24', '01:00:00', 25, 82),
(3593, '2015-06-24', '04:00:00', 25, 198),
(3594, '2015-06-24', '04:00:00', 25, 197),
(3595, '2015-06-24', '05:30:00', 25, 87),
(3596, '2015-06-24', '04:00:00', 25, 148),
(3597, '2015-06-25', '08:00:00', 212, 138),
(3598, '2015-06-25', '08:00:00', 212, 194),
(3599, '2015-06-11', '08:00:00', 188, 195),
(3600, '2015-06-11', '08:00:00', 188, 59),
(3601, '2015-06-12', '08:00:00', 188, 149),
(3602, '2015-06-12', '08:00:00', 188, 195),
(3606, '2015-06-15', '08:00:00', 210, 149),
(3607, '2015-06-16', '08:00:00', 210, 57),
(3610, '2015-06-16', '08:00:00', 210, 195),
(3611, '2015-06-25', '05:30:00', 25, 198),
(3612, '2015-06-25', '05:30:00', 25, 197),
(3613, '2015-06-25', '05:00:00', 25, 187),
(3614, '2015-06-25', '05:00:00', 25, 148),
(3615, '2015-06-25', '06:30:00', 25, 87),
(3616, '2015-06-25', '01:00:00', 25, 82),
(3617, '2015-06-25', '03:45:00', 47, 82),
(3618, '2015-06-25', '05:00:00', 47, 180),
(3619, '2015-06-25', '05:00:00', 47, 86),
(3620, '2015-06-16', '05:00:00', 207, 76),
(3621, '2015-06-17', '05:00:00', 207, 76),
(3622, '2015-06-18', '05:00:00', 207, 76),
(3623, '2015-06-19', '05:00:00', 207, 76),
(3624, '2015-06-22', '05:00:00', 207, 76),
(3625, '2015-06-23', '05:00:00', 207, 76),
(3626, '2015-06-24', '05:00:00', 207, 76),
(3627, '2015-06-17', '08:00:00', 218, 61),
(3628, '2015-06-17', '04:00:00', 218, 149),
(3629, '2015-06-18', '04:00:00', 218, 195),
(3630, '2015-06-18', '04:00:00', 218, 149),
(3631, '2015-06-18', '04:00:00', 218, 61),
(3632, '2015-06-19', '08:00:00', 213, 195),
(3633, '2015-06-19', '08:00:00', 213, 149),
(3635, '2015-06-26', '08:00:00', 212, 138),
(3636, '2015-06-26', '08:00:00', 212, 194),
(3637, '2015-06-26', '08:00:00', 212, 68),
(3638, '2015-06-26', '08:00:00', 212, 66),
(3639, '2015-06-26', '01:00:00', 25, 82),
(3640, '2015-06-26', '04:00:00', 25, 197),
(3641, '2015-06-26', '04:00:00', 25, 198),
(3642, '2015-06-26', '04:00:00', 25, 187),
(3643, '2015-06-26', '04:00:00', 25, 148),
(3644, '2015-06-26', '05:00:00', 25, 87),
(3645, '2015-06-27', '05:00:00', 25, 181),
(3646, '2015-06-27', '04:00:00', 25, 87),
(3647, '2015-06-27', '04:00:00', 25, 181),
(3648, '2015-06-28', '05:00:00', 25, 187),
(3649, '2015-06-28', '05:00:00', 25, 181),
(3650, '2015-06-26', '03:45:00', 47, 82),
(3651, '2015-06-26', '05:00:00', 47, 180),
(3652, '2015-06-26', '05:00:00', 47, 86),
(3653, '2015-05-11', '02:30:00', 41, 155),
(3654, '2015-05-11', '02:30:00', 41, 86),
(3655, '2015-05-14', '02:30:00', 41, 82),
(3656, '2015-05-14', '02:30:00', 41, 180),
(3657, '2015-05-19', '01:30:00', 41, 191),
(3658, '2015-05-19', '01:30:00', 41, 155),
(3659, '2015-05-27', '02:00:00', 41, 193),
(3660, '2015-05-27', '02:00:00', 41, 82),
(3661, '2015-06-01', '01:30:00', 41, 79),
(3662, '2015-06-01', '01:30:00', 41, 191),
(3663, '2015-06-04', '01:30:00', 41, 82),
(3664, '2015-06-08', '01:30:00', 41, 187),
(3665, '2015-06-08', '01:30:00', 41, 144),
(3666, '2015-06-11', '03:00:00', 41, 86),
(3667, '2015-06-11', '03:00:00', 41, 197),
(3668, '2015-06-16', '01:30:00', 41, 82),
(3669, '2015-06-16', '01:30:00', 41, 180),
(3670, '2015-06-19', '01:30:00', 41, 82),
(3671, '2015-06-19', '01:30:00', 41, 86),
(3672, '2015-06-23', '01:30:00', 41, 193),
(3673, '2015-06-23', '01:30:00', 41, 187),
(3674, '2015-06-23', '01:30:00', 41, 180),
(3675, '2015-06-25', '01:30:00', 41, 82),
(3676, '2015-06-25', '01:30:00', 41, 180),
(3677, '2015-06-25', '01:30:00', 41, 86),
(3678, '2015-06-24', '04:00:00', 219, 57),
(3679, '2015-06-24', '04:00:00', 219, 60),
(3680, '2015-06-24', '04:00:00', 219, 149),
(3681, '2015-06-24', '04:00:00', 219, 61),
(3682, '2015-06-29', '05:30:00', 47, 82),
(3683, '2015-06-29', '05:00:00', 47, 193),
(3684, '2015-06-29', '05:00:00', 47, 180),
(3685, '2015-06-29', '05:30:00', 47, 86),
(3686, '2015-06-29', '03:30:00', 25, 191),
(3687, '2015-06-29', '03:30:00', 25, 198),
(3688, '2015-06-29', '03:30:00', 25, 197),
(3689, '2015-06-29', '03:30:00', 25, 148),
(3690, '2015-06-24', '05:00:00', 32, 191),
(3691, '2015-06-24', '05:00:00', 32, 75),
(3692, '2015-06-25', '05:00:00', 32, 193),
(3693, '2015-06-25', '05:00:00', 32, 191),
(3694, '2015-06-26', '05:00:00', 32, 193),
(3695, '2015-06-26', '05:00:00', 32, 191),
(3696, '2015-06-27', '05:00:00', 32, 75),
(3697, '2015-06-27', '05:00:00', 32, 75),
(3698, '2015-06-27', '05:00:00', 32, 76),
(3699, '2015-06-28', '05:00:00', 32, 75),
(3700, '2015-06-28', '05:00:00', 32, 76),
(3701, '2015-06-29', '04:30:00', 32, 75),
(3702, '2015-06-29', '05:00:00', 32, 144),
(3703, '2015-06-30', '05:00:00', 32, 75),
(3704, '2015-06-30', '05:00:00', 32, 144),
(3705, '2015-06-29', '01:30:00', 221, 193),
(3706, '2015-06-29', '01:30:00', 221, 82),
(3707, '2015-06-29', '01:30:00', 221, 180),
(3708, '2015-06-29', '01:30:00', 221, 86),
(3709, '2015-06-25', '05:00:00', 25, 193),
(3710, '2015-06-26', '06:00:00', 25, 193),
(3711, '2015-06-30', '05:00:00', 47, 193),
(3712, '2015-06-30', '03:45:00', 47, 82),
(3713, '2015-06-30', '05:00:00', 47, 180),
(3714, '2015-06-30', '05:00:00', 47, 191),
(3715, '2015-06-30', '04:00:00', 47, 86),
(3716, '2015-06-30', '04:00:00', 25, 198),
(3717, '2015-06-30', '04:00:00', 25, 148),
(3718, '2015-06-30', '04:00:00', 25, 197),
(3719, '2015-06-30', '04:00:00', 25, 87),
(3720, '2015-06-23', '08:00:00', 214, 59),
(3721, '2015-06-23', '08:00:00', 213, 57),
(3722, '2015-06-23', '08:00:00', 213, 195),
(3723, '2015-06-23', '08:00:00', 213, 60),
(3724, '2015-06-30', '01:30:00', 223, 193),
(3725, '2015-06-30', '01:30:00', 223, 191),
(3726, '2015-06-30', '01:30:00', 223, 180),
(3727, '2015-06-30', '01:30:00', 223, 82),
(3728, '2015-06-24', '04:00:00', 222, 57),
(3729, '2015-06-24', '04:00:00', 222, 60),
(3730, '2015-06-24', '04:00:00', 222, 149),
(3731, '2015-06-24', '04:00:00', 222, 61),
(3732, '2015-06-25', '08:00:00', 222, 149),
(3733, '2015-06-25', '04:00:00', 222, 195),
(3734, '2015-06-25', '08:00:00', 222, 61),
(3735, '2015-06-25', '08:00:00', 222, 59),
(3736, '2015-06-26', '08:00:00', 222, 61),
(3737, '2015-06-26', '08:00:00', 222, 195),
(3738, '2015-06-26', '08:00:00', 222, 149),
(3739, '2015-06-30', '04:00:00', 212, 138),
(3740, '2015-06-30', '08:00:00', 212, 68),
(3741, '2015-06-30', '08:00:00', 212, 63),
(3742, '2015-06-29', '08:00:00', 222, 57),
(3743, '2015-06-29', '08:00:00', 222, 60),
(3744, '2015-06-29', '08:00:00', 222, 59),
(3745, '2015-06-30', '08:00:00', 222, 57),
(3746, '2015-06-30', '08:00:00', 222, 60),
(3747, '2015-06-30', '08:00:00', 222, 195),
(3748, '2015-06-30', '08:00:00', 222, 59),
(3749, '2015-07-01', '08:00:00', 212, 138),
(3750, '2015-07-01', '08:00:00', 212, 63),
(3751, '2015-07-01', '08:00:00', 212, 203),
(3752, '2015-07-01', '00:00:00', 212, 63),
(3753, '2015-07-01', '05:00:00', 26, 187),
(3754, '2015-07-01', '05:00:00', 26, 197),
(3755, '2015-07-01', '05:00:00', 26, 148),
(3756, '2015-07-01', '04:00:00', 26, 191),
(3757, '2015-07-01', '04:50:00', 26, 193),
(3758, '2015-07-01', '01:15:00', 26, 82),
(3759, '2015-07-01', '04:30:00', 26, 87),
(3760, '2015-07-01', '02:00:00', 36, 86),
(3761, '2015-07-01', '02:00:00', 36, 82),
(3764, '2015-07-01', '02:00:00', 33, 79),
(3765, '2015-07-01', '01:30:00', 33, 76),
(3766, '2015-07-01', '05:00:00', 33, 180),
(3767, '2015-07-01', '05:00:00', 48, 181),
(3768, '2015-07-01', '05:30:00', 48, 86),
(3769, '2015-07-01', '03:45:00', 48, 82),
(3770, '2015-07-01', '05:00:00', 48, 204),
(3771, '2015-07-01', '03:30:00', 48, 79),
(3772, '2015-07-01', '01:00:00', 42, 79),
(3773, '2015-07-01', '01:30:00', 42, 181),
(3774, '2015-06-30', '02:00:00', 41, 193),
(3775, '2015-06-30', '02:00:00', 41, 191),
(3776, '2015-07-01', '01:30:00', 51, 204),
(3777, '2015-07-01', '01:30:00', 51, 86),
(3778, '2015-07-01', '05:00:00', 224, 76),
(3779, '2015-07-01', '08:00:00', 222, 57),
(3780, '2015-07-01', '08:00:00', 222, 60),
(3781, '2015-07-01', '08:00:00', 222, 61),
(3782, '2015-07-01', '08:00:00', 222, 149),
(3783, '2015-07-02', '08:00:00', 215, 138),
(3784, '2015-07-02', '08:00:00', 215, 194),
(3785, '2015-07-02', '08:00:00', 215, 68),
(3786, '2015-07-02', '08:00:00', 215, 203),
(3787, '2015-07-02', '04:00:00', 26, 193),
(3788, '2015-07-02', '04:30:00', 26, 191),
(3789, '2015-07-02', '04:00:00', 26, 187),
(3790, '2015-07-02', '04:00:00', 26, 197),
(3791, '2015-07-02', '04:00:00', 26, 144),
(3792, '2015-07-02', '01:00:00', 26, 82),
(3793, '2015-07-02', '05:00:00', 48, 181),
(3794, '2015-07-02', '05:00:00', 48, 79),
(3795, '2015-07-02', '05:00:00', 48, 204),
(3796, '2015-07-02', '05:00:00', 48, 180),
(3797, '2015-07-02', '03:45:00', 48, 82),
(3802, '2015-07-03', '05:00:00', 26, 193),
(3803, '2015-07-03', '05:00:00', 26, 191),
(3804, '2015-07-03', '05:00:00', 26, 187),
(3805, '2015-07-03', '05:00:00', 26, 144),
(3806, '2015-07-03', '05:00:00', 26, 198);
INSERT INTO `tempstravail` (`TRA_NumTravail`, `TRA_Date`, `TRA_Duree`, `CHA_NumDevis`, `SAL_NumSalarie`) VALUES
(3807, '2015-07-03', '05:00:00', 26, 197),
(3808, '2015-07-03', '05:00:00', 48, 180),
(3809, '2015-07-03', '05:00:00', 48, 181),
(3810, '2015-07-03', '05:00:00', 48, 204),
(3811, '2015-07-03', '05:00:00', 48, 86),
(3812, '2015-07-03', '05:30:00', 48, 82),
(3813, '2015-07-03', '01:15:00', 26, 82),
(3814, '2015-07-03', '08:00:00', 215, 68),
(3815, '2015-07-03', '08:00:00', 215, 138),
(3816, '2015-07-03', '08:00:00', 215, 194),
(3817, '2015-07-06', '04:00:00', 215, 63),
(3818, '2015-07-06', '04:00:00', 215, 66),
(3819, '2015-07-06', '04:00:00', 215, 194),
(3820, '2015-07-06', '04:00:00', 215, 68),
(3821, '2015-07-04', '04:00:00', 26, 144),
(3822, '2015-07-04', '04:00:00', 26, 198),
(3823, '2015-07-04', '04:00:00', 26, 181),
(3824, '2015-07-04', '04:00:00', 26, 148),
(3825, '2015-07-05', '06:00:00', 26, 181),
(3826, '2015-07-05', '06:00:00', 26, 204),
(3827, '2015-07-05', '06:00:00', 26, 148),
(3828, '2015-07-05', '06:00:00', 26, 198),
(3829, '2015-07-05', '06:00:00', 26, 144),
(3830, '2015-07-07', '02:30:00', 225, 79),
(3831, '2015-07-07', '02:30:00', 225, 204),
(3832, '2015-07-07', '08:00:00', 215, 68),
(3833, '2015-07-06', '04:00:00', 26, 148),
(3834, '2015-07-06', '04:00:00', 26, 197),
(3835, '2015-07-06', '04:00:00', 26, 87),
(3836, '2015-07-06', '04:00:00', 26, 198),
(3837, '2015-07-06', '04:00:00', 26, 187),
(3838, '2015-07-06', '04:00:00', 26, 191),
(3839, '2015-07-07', '03:00:00', 26, 197),
(3840, '2015-07-07', '03:00:00', 26, 87),
(3841, '2015-07-07', '03:00:00', 26, 198),
(3842, '2015-07-07', '03:00:00', 26, 187),
(3843, '2015-07-07', '03:00:00', 26, 191),
(3844, '2015-07-06', '06:30:00', 48, 180),
(3845, '2015-07-06', '06:30:00', 48, 86),
(3846, '2015-07-06', '05:00:00', 48, 204),
(3847, '2015-07-07', '05:00:00', 48, 86),
(3848, '2015-07-07', '05:00:00', 48, 204),
(3849, '2015-07-07', '05:00:00', 48, 79),
(3850, '2015-07-07', '05:00:00', 48, 180),
(3851, '2015-07-08', '02:00:00', 226, 180),
(3852, '2015-07-08', '02:00:00', 226, 79),
(3853, '2015-07-08', '02:00:00', 226, 204),
(3854, '2015-07-08', '02:00:00', 226, 202),
(3855, '2015-07-08', '08:00:00', 215, 63),
(3856, '2015-07-08', '08:00:00', 215, 138),
(3857, '2015-07-08', '08:00:00', 215, 203),
(3858, '2015-07-08', '08:00:00', 215, 66),
(3859, '2015-07-08', '04:00:00', 26, 176),
(3860, '2015-07-08', '04:00:00', 26, 191),
(3861, '2015-07-08', '04:00:00', 26, 148),
(3862, '2015-07-08', '04:00:00', 26, 144),
(3863, '2015-07-08', '08:00:00', 227, 63),
(3864, '2015-07-08', '08:00:00', 227, 66),
(3865, '2015-07-08', '08:00:00', 227, 138),
(3866, '2015-07-08', '08:00:00', 227, 203),
(3867, '2015-07-08', '08:00:00', 227, 68),
(3868, '2015-07-08', '08:00:00', 227, 63),
(3869, '2015-07-08', '08:00:00', 227, 66),
(3870, '2015-07-06', '08:00:00', 228, 59),
(3871, '2015-07-03', '06:00:00', 228, 195),
(3872, '2015-07-03', '04:00:00', 228, 61),
(3873, '2015-07-06', '08:00:00', 228, 57),
(3874, '2015-07-06', '08:00:00', 228, 60),
(3875, '2015-07-07', '08:00:00', 228, 59),
(3876, '2015-07-07', '08:00:00', 228, 57),
(3877, '2015-07-07', '08:00:00', 228, 60),
(3878, '2015-07-07', '08:00:00', 228, 195),
(3879, '2015-07-08', '08:00:00', 228, 57),
(3880, '2015-07-08', '08:00:00', 228, 60),
(3881, '2015-07-08', '08:00:00', 228, 61),
(3882, '2015-07-08', '04:00:00', 228, 149),
(3883, '2015-07-09', '08:00:00', 215, 203),
(3884, '2015-07-09', '08:00:00', 215, 138),
(3885, '2015-07-09', '08:00:00', 215, 68),
(3886, '2015-07-09', '08:00:00', 215, 194),
(3887, '2015-07-02', '08:00:00', 215, 61),
(3888, '2015-07-02', '08:00:00', 215, 59),
(3889, '2015-07-02', '08:00:00', 215, 149),
(3890, '2015-07-02', '08:00:00', 215, 195),
(3891, '2015-07-09', '08:00:00', 188, 61),
(3892, '2015-07-09', '08:00:00', 188, 59),
(3893, '2015-07-09', '08:00:00', 188, 149),
(3894, '2015-07-09', '08:00:00', 188, 195),
(3895, '2015-07-10', '08:00:00', 227, 194),
(3896, '2015-07-10', '08:00:00', 227, 68),
(3897, '2015-07-10', '08:00:00', 227, 138),
(3898, '2015-07-10', '08:00:00', 220, 195),
(3899, '2015-07-10', '08:00:00', 220, 61),
(3901, '2015-07-08', '05:00:00', 48, 204),
(3902, '2015-07-08', '05:30:00', 48, 86),
(3903, '2015-07-08', '05:00:00', 48, 180),
(3904, '2015-07-08', '05:00:00', 48, 202),
(3905, '2015-07-08', '05:00:00', 48, 79),
(3906, '2015-07-09', '05:00:00', 48, 79),
(3907, '2015-07-09', '05:00:00', 48, 180),
(3908, '2015-07-10', '06:30:00', 48, 180),
(3909, '2015-07-10', '06:30:00', 48, 79),
(3910, '2015-07-13', '05:00:00', 48, 79),
(3911, '2015-07-13', '05:45:00', 48, 82),
(3912, '2015-07-13', '05:00:00', 48, 180),
(3913, '2015-07-13', '06:00:00', 48, 86),
(3914, '2015-04-21', '03:00:00', 18, 171),
(3915, '2015-04-21', '03:00:00', 18, 163),
(3916, '2015-04-21', '03:00:00', 18, 168),
(3917, '2015-04-21', '03:00:00', 18, 152),
(3918, '2015-05-13', '03:00:00', 18, 169),
(3919, '2015-05-13', '03:00:00', 18, 151),
(3920, '2015-05-13', '03:00:00', 18, 166),
(3921, '2015-05-13', '03:00:00', 18, 157),
(3922, '2015-06-01', '03:00:00', 18, 150),
(3923, '2015-06-01', '03:00:00', 18, 151),
(3924, '2015-06-01', '03:00:00', 18, 160),
(3925, '2015-04-14', '02:00:00', 19, 163),
(3926, '2015-04-14', '02:00:00', 19, 172),
(3927, '2015-04-15', '02:00:00', 19, 150),
(3928, '2015-04-16', '01:00:00', 19, 150),
(3929, '2015-04-24', '03:00:00', 19, 163),
(3930, '2015-05-13', '02:00:00', 19, 171),
(3931, '2015-05-13', '02:00:00', 19, 163),
(3932, '2015-05-13', '02:00:00', 19, 157),
(3933, '2015-05-13', '02:00:00', 19, 166),
(3934, '2015-06-05', '03:00:00', 19, 171),
(3935, '2015-06-05', '03:00:00', 19, 150),
(3936, '2015-06-18', '02:00:00', 19, 163),
(3937, '2015-06-23', '05:00:00', 19, 171),
(3938, '2015-06-23', '05:00:00', 19, 163),
(3939, '2015-06-23', '03:00:00', 19, 150),
(3940, '2015-06-23', '05:00:00', 19, 152),
(3941, '2015-06-25', '02:00:00', 19, 150),
(3942, '2015-06-30', '02:00:00', 19, 171),
(3943, '2015-06-30', '02:00:00', 19, 150),
(3944, '2015-07-01', '03:00:00', 19, 172),
(3945, '2015-07-08', '02:00:00', 19, 151),
(3946, '2015-07-08', '02:00:00', 19, 150),
(3947, '2015-06-29', '04:00:00', 18, 162),
(3948, '2015-06-29', '03:00:00', 18, 179),
(3949, '2015-06-29', '04:00:00', 18, 151),
(3950, '2015-06-29', '04:00:00', 18, 172),
(3951, '2015-04-20', '02:00:00', 138, 151),
(3952, '2015-04-20', '02:00:00', 138, 172),
(3953, '2015-04-20', '02:00:00', 138, 160),
(3954, '2015-04-20', '02:00:00', 138, 163),
(3955, '2015-04-20', '02:00:00', 138, 162),
(3956, '2015-07-13', '08:00:00', 227, 63),
(3957, '2015-07-13', '08:00:00', 220, 57),
(3958, '2015-07-13', '08:00:00', 220, 59),
(3959, '2015-05-20', '02:00:00', 138, 163),
(3960, '2015-05-20', '02:00:00', 138, 171),
(3961, '2015-05-20', '02:00:00', 138, 151),
(3962, '2015-05-20', '02:00:00', 138, 169),
(3963, '2015-05-20', '02:00:00', 138, 172),
(3964, '2015-06-25', '02:00:00', 138, 150),
(3965, '2015-06-25', '02:00:00', 138, 168),
(3966, '2015-06-25', '02:00:00', 138, 161),
(3967, '2015-07-09', '06:00:00', 26, 202),
(3968, '2015-07-10', '06:00:00', 26, 202),
(3969, '2015-07-11', '05:00:00', 26, 198),
(3970, '2015-07-12', '05:00:00', 26, 198),
(3971, '2015-07-09', '06:00:00', 26, 204),
(3972, '2015-07-10', '06:00:00', 26, 204),
(3973, '2015-07-12', '05:00:00', 26, 204),
(3974, '2015-07-09', '06:00:00', 26, 197),
(3975, '2015-07-10', '06:00:00', 26, 197),
(3976, '2015-07-11', '05:00:00', 26, 197),
(3977, '2015-07-11', '05:00:00', 26, 87),
(3978, '2015-07-12', '05:00:00', 26, 87),
(3979, '2015-07-12', '05:00:00', 26, 187),
(3980, '2015-07-10', '03:30:00', 26, 180),
(3981, '2015-07-11', '05:00:00', 26, 191),
(3982, '2015-07-12', '05:00:00', 26, 191),
(3983, '2015-07-06', '01:00:00', 26, 79),
(3984, '2015-07-07', '01:00:00', 26, 191),
(3985, '2015-07-08', '01:00:00', 26, 79),
(3986, '2015-07-09', '01:00:00', 26, 79),
(3987, '2015-07-10', '01:00:00', 26, 79),
(3988, '2015-07-13', '03:00:00', 248, 180),
(3989, '2015-07-13', '03:00:00', 248, 202),
(3990, '2015-07-13', '03:00:00', 248, 79),
(3991, '2015-07-09', '04:00:00', 251, 79),
(3992, '2015-07-09', '03:30:00', 251, 180),
(3993, '2015-07-09', '03:30:00', 251, 204),
(3994, '2015-07-02', '05:00:00', 33, 76),
(3995, '2015-07-02', '05:00:00', 33, 75),
(3996, '2015-07-03', '05:00:00', 33, 76),
(3997, '2015-07-03', '05:00:00', 33, 75),
(3998, '2015-07-04', '05:00:00', 33, 76),
(3999, '2015-07-04', '05:00:00', 33, 79),
(4000, '2015-07-05', '05:00:00', 33, 79),
(4001, '2015-07-05', '05:00:00', 33, 76),
(4002, '2015-07-06', '05:00:00', 33, 75),
(4003, '2015-07-06', '05:00:00', 33, 193),
(4004, '2015-07-07', '05:00:00', 33, 193),
(4005, '2015-07-07', '05:00:00', 33, 75),
(4006, '2015-07-08', '05:00:00', 33, 193),
(4007, '2015-07-08', '05:00:00', 33, 75),
(4008, '2015-07-09', '05:00:00', 33, 193),
(4009, '2015-07-09', '05:00:00', 33, 144),
(4010, '2015-07-10', '05:00:00', 33, 193),
(4011, '2015-07-10', '05:00:00', 33, 144),
(4012, '2015-07-11', '05:00:00', 33, 75),
(4013, '2015-07-11', '05:00:00', 33, 86),
(4014, '2015-07-12', '05:00:00', 33, 75),
(4015, '2015-07-12', '05:00:00', 33, 86),
(4016, '2015-07-13', '05:00:00', 33, 75),
(4017, '2015-07-13', '05:00:00', 33, 144),
(4018, '2015-07-14', '05:00:00', 33, 75),
(4019, '2015-07-14', '05:00:00', 33, 193),
(4020, '2015-07-03', '02:00:00', 36, 86),
(4021, '2015-07-03', '02:00:00', 36, 82),
(4022, '2015-07-06', '02:00:00', 36, 180),
(4023, '2015-07-06', '02:00:00', 36, 86),
(4024, '2015-07-08', '02:00:00', 36, 180),
(4025, '2015-07-08', '02:00:00', 36, 86),
(4026, '2015-07-10', '02:00:00', 36, 180),
(4027, '2015-07-10', '02:00:00', 36, 79),
(4028, '2015-07-13', '02:00:00', 36, 82),
(4029, '2015-07-13', '02:00:00', 36, 86),
(4030, '2015-07-15', '02:00:00', 36, 82),
(4031, '2015-07-15', '02:00:00', 36, 86),
(4032, '2015-07-17', '02:00:00', 36, 82),
(4033, '2015-07-17', '02:00:00', 36, 86),
(4034, '2015-07-03', '01:00:00', 54, 75),
(4035, '2015-07-03', '01:00:00', 54, 76),
(4036, '2015-07-07', '01:00:00', 54, 75),
(4037, '2015-07-07', '01:00:00', 54, 193),
(4038, '2015-07-10', '01:00:00', 54, 193),
(4039, '2015-07-10', '01:00:00', 54, 144),
(4040, '2015-07-17', '01:00:00', 54, 144),
(4041, '2015-07-17', '01:00:00', 54, 193),
(4042, '2015-07-21', '01:00:00', 54, 193),
(4043, '2015-07-21', '01:00:00', 54, 144),
(4044, '2015-07-24', '01:00:00', 54, 144),
(4045, '2015-07-24', '01:00:00', 54, 193),
(4046, '2015-07-28', '01:00:00', 54, 76),
(4047, '2015-07-28', '01:00:00', 54, 193),
(4048, '2015-07-31', '01:00:00', 54, 144),
(4049, '2015-07-31', '01:00:00', 54, 197),
(4050, '2015-07-03', '01:30:00', 51, 79),
(4051, '2015-07-03', '01:30:00', 51, 86),
(4052, '2015-07-07', '01:30:00', 51, 180),
(4053, '2015-07-07', '01:30:00', 51, 86),
(4054, '2015-07-10', '01:30:00', 51, 79),
(4055, '2015-07-10', '01:30:00', 51, 180),
(4056, '2015-07-07', '01:30:00', 42, 180),
(4057, '2015-07-07', '01:30:00', 42, 86),
(4058, '2015-07-02', '01:00:00', 45, 86),
(4059, '2015-07-02', '01:00:00', 45, 86),
(4060, '2015-07-08', '01:00:00', 45, 180),
(4061, '2015-07-08', '01:00:00', 45, 79),
(4062, '2015-07-08', '02:00:00', 39, 86),
(4063, '2015-06-09', '02:00:00', 250, 157),
(4064, '2015-06-09', '02:00:00', 250, 150),
(4065, '2015-06-09', '02:00:00', 250, 168),
(4066, '2015-06-08', '03:00:00', 246, 151),
(4067, '2015-06-08', '03:00:00', 246, 150),
(4068, '2015-06-08', '03:00:00', 246, 172),
(4069, '2015-06-08', '03:00:00', 246, 162),
(4070, '2015-06-08', '03:00:00', 246, 166),
(4071, '2015-06-08', '02:00:00', 237, 172),
(4072, '2015-06-08', '02:00:00', 237, 150),
(4073, '2015-06-08', '02:00:00', 237, 151),
(4074, '2015-06-08', '02:00:00', 237, 162),
(4075, '2015-06-09', '03:00:00', 246, 150),
(4076, '2015-06-09', '03:00:00', 246, 168),
(4077, '2015-06-09', '03:00:00', 246, 157),
(4078, '2015-06-09', '03:00:00', 246, 171),
(4079, '2015-06-08', '02:00:00', 240, 172),
(4080, '2015-06-08', '02:00:00', 240, 150),
(4081, '2015-06-08', '02:00:00', 240, 151),
(4082, '2015-06-08', '02:00:00', 240, 166),
(4083, '2015-06-08', '02:00:00', 240, 162),
(4084, '2015-06-08', '00:00:00', 240, 192),
(4085, '2015-06-09', '02:00:00', 240, 157),
(4086, '2015-06-09', '02:00:00', 240, 171),
(4087, '2015-06-09', '02:00:00', 240, 150),
(4088, '2015-06-09', '02:00:00', 240, 168),
(4089, '2015-07-15', '08:00:00', 227, 63),
(4090, '2015-07-15', '08:00:00', 227, 138),
(4091, '2015-07-15', '08:00:00', 227, 203),
(4092, '2015-07-15', '05:00:00', 220, 57),
(4093, '2015-07-15', '05:00:00', 220, 149),
(4094, '2015-07-15', '05:00:00', 220, 61),
(4095, '2015-07-13', '05:00:00', 26, 174),
(4096, '2015-07-13', '05:00:00', 26, 198),
(4097, '2015-07-13', '05:00:00', 26, 197),
(4098, '2015-07-13', '05:00:00', 26, 187),
(4099, '2015-07-13', '05:00:00', 26, 87),
(4100, '2015-07-13', '01:00:00', 26, 82),
(4101, '2015-07-14', '06:00:00', 26, 198),
(4102, '2015-07-14', '06:00:00', 26, 191),
(4103, '2015-07-14', '06:00:00', 26, 187),
(4104, '2015-07-14', '06:00:00', 26, 144),
(4105, '2015-07-15', '01:15:00', 26, 82),
(4106, '2015-07-15', '05:00:00', 26, 174),
(4107, '2015-07-15', '05:00:00', 26, 198),
(4108, '2015-07-15', '05:00:00', 26, 204),
(4109, '2015-07-15', '04:00:00', 252, 79),
(4110, '2015-07-15', '04:00:00', 252, 180),
(4111, '2015-07-16', '08:00:00', 227, 138),
(4112, '2015-07-16', '08:00:00', 227, 68),
(4113, '2015-07-16', '04:00:00', 227, 203),
(4114, '2015-07-16', '04:00:00', 227, 194),
(4115, '2015-07-15', '03:00:00', 228, 61),
(4116, '2015-07-15', '03:00:00', 228, 149),
(4117, '2015-07-15', '03:00:00', 228, 57),
(4118, '2015-07-16', '04:00:00', 253, 191),
(4119, '2015-07-16', '04:00:00', 253, 82),
(4120, '2015-07-15', '03:45:00', 48, 82),
(4121, '2015-07-15', '05:00:00', 48, 79),
(4122, '2015-07-15', '05:00:00', 48, 180),
(4123, '2015-07-15', '05:00:00', 48, 86),
(4124, '2015-07-16', '05:00:00', 48, 79),
(4125, '2015-07-16', '03:45:00', 48, 82),
(4126, '2015-07-16', '06:30:00', 48, 86),
(4127, '2015-07-16', '08:00:00', 220, 61),
(4128, '2015-07-16', '08:00:00', 220, 59),
(4129, '2015-07-17', '04:00:00', 220, 61),
(4130, '2015-07-17', '04:00:00', 220, 149),
(4131, '2015-07-17', '08:00:00', 227, 138),
(4132, '2015-07-17', '08:00:00', 227, 194),
(4133, '2015-07-17', '08:00:00', 227, 68),
(4134, '2015-07-17', '05:00:00', 48, 79),
(4135, '2015-07-17', '03:45:00', 48, 82),
(4136, '2015-07-17', '05:00:00', 48, 86),
(4137, '2015-07-20', '05:30:00', 48, 79),
(4138, '2015-07-20', '03:45:00', 48, 82),
(4139, '2015-07-20', '05:00:00', 48, 204),
(4140, '2015-07-20', '05:00:00', 48, 198),
(4141, '2015-07-20', '04:00:00', 227, 63),
(4142, '2015-07-20', '08:00:00', 227, 194),
(4143, '2015-07-20', '08:00:00', 227, 66),
(4144, '2015-07-20', '02:30:00', 259, 198),
(4145, '2015-07-20', '02:30:00', 259, 79),
(4146, '2015-07-20', '02:30:00', 259, 204),
(4147, '2015-07-20', '02:30:00', 259, 82),
(4148, '2015-07-16', '01:00:00', 26, 82),
(4149, '2015-07-16', '06:00:00', 26, 197),
(4150, '2015-07-17', '06:00:00', 26, 197),
(4151, '2015-07-18', '03:30:00', 26, 197),
(4152, '2015-07-19', '05:30:00', 26, 197),
(4153, '2015-07-17', '06:00:00', 26, 204),
(4154, '2015-07-18', '03:30:00', 26, 204),
(4155, '2015-07-19', '05:30:00', 26, 204),
(4156, '2015-07-17', '06:00:00', 26, 202),
(4157, '2015-07-18', '03:30:00', 26, 202),
(4158, '2015-07-19', '05:30:00', 26, 202),
(4159, '2015-07-18', '03:30:00', 26, 198),
(4160, '2015-07-19', '05:30:00', 26, 198),
(4161, '2015-07-16', '06:00:00', 26, 87),
(4162, '2015-07-17', '05:00:00', 26, 87),
(4163, '2015-07-18', '03:30:00', 26, 87),
(4164, '2015-07-16', '06:00:00', 26, 187),
(4165, '2015-07-18', '03:30:00', 26, 191),
(4166, '2015-07-19', '05:30:00', 26, 191),
(4167, '2015-07-15', '05:00:00', 33, 144),
(4168, '2015-07-16', '05:00:00', 33, 144),
(4169, '2015-07-17', '05:00:00', 33, 144),
(4170, '2015-07-15', '05:00:00', 33, 193),
(4171, '2015-07-16', '05:00:00', 33, 193),
(4172, '2015-07-17', '05:00:00', 33, 193),
(4173, '2015-07-18', '05:00:00', 33, 193),
(4174, '2015-07-18', '05:00:00', 33, 180),
(4175, '2015-07-19', '05:00:00', 33, 180),
(4176, '2015-07-19', '05:00:00', 33, 79),
(4177, '2015-07-20', '05:00:00', 33, 197),
(4178, '2015-07-20', '05:00:00', 33, 144),
(4179, '2015-07-21', '05:00:00', 33, 193),
(4180, '2015-07-21', '05:00:00', 33, 144),
(4181, '2015-07-22', '05:00:00', 33, 193),
(4182, '2015-07-23', '05:00:00', 33, 193),
(4183, '2015-07-24', '05:00:00', 33, 193),
(4184, '2015-07-21', '05:00:00', 33, 144),
(4185, '2015-07-22', '05:00:00', 33, 144),
(4186, '2015-07-23', '05:00:00', 33, 144),
(4187, '2015-07-24', '05:00:00', 33, 144),
(4188, '2015-07-25', '05:00:00', 33, 193),
(4189, '2015-07-25', '05:00:00', 33, 79),
(4190, '2015-07-26', '05:00:00', 33, 193),
(4191, '2015-07-26', '05:00:00', 33, 180),
(4192, '2015-07-20', '02:00:00', 36, 82),
(4193, '2015-07-20', '02:00:00', 36, 79),
(4194, '2015-07-16', '08:00:00', 228, 149),
(4195, '2015-07-17', '08:00:00', 228, 195),
(4196, '2015-07-17', '04:00:00', 228, 149),
(4197, '2015-07-17', '04:00:00', 228, 61),
(4198, '2015-07-20', '04:00:00', 228, 195),
(4199, '2015-07-20', '04:00:00', 228, 59),
(4200, '2015-07-20', '04:00:00', 228, 57),
(4201, '2015-07-20', '04:00:00', 260, 57),
(4202, '2015-07-20', '04:00:00', 260, 59),
(4203, '2015-07-16', '08:00:00', 255, 93),
(4204, '2015-07-20', '07:00:00', 254, 93),
(4205, '2015-07-20', '03:00:00', 254, 190),
(4206, '2015-06-25', '08:00:00', 258, 186),
(4207, '2015-06-25', '08:00:00', 258, 185),
(4208, '2015-06-25', '08:00:00', 258, 190),
(4209, '2015-06-25', '08:00:00', 258, 93),
(4210, '2015-07-21', '04:00:00', 260, 195),
(4211, '2015-07-21', '04:00:00', 260, 59),
(4212, '2015-07-21', '04:00:00', 260, 57),
(4213, '2015-07-21', '08:00:00', 227, 66),
(4214, '2015-07-21', '08:00:00', 227, 63),
(4215, '2015-07-21', '08:00:00', 227, 68),
(4216, '2015-07-21', '03:00:00', 222, 195),
(4217, '2015-07-21', '03:00:00', 222, 59),
(4218, '2015-07-21', '03:00:00', 222, 57),
(4219, '2015-07-22', '08:00:00', 227, 63),
(4220, '2015-07-22', '08:00:00', 227, 66),
(4221, '2015-07-22', '05:00:00', 261, 79),
(4222, '2015-07-22', '05:00:00', 261, 180),
(4223, '2015-04-27', '01:00:00', 232, 151),
(4224, '2015-04-27', '01:00:00', 232, 179),
(4225, '2015-04-28', '03:00:00', 232, 168),
(4226, '2015-04-28', '03:00:00', 232, 150),
(4227, '2015-04-28', '03:00:00', 232, 157),
(4228, '2015-04-29', '05:00:00', 232, 172),
(4229, '2015-04-29', '05:00:00', 232, 151),
(4230, '2015-04-29', '05:00:00', 232, 169),
(4231, '2015-04-29', '05:00:00', 232, 150),
(4232, '2015-05-19', '02:00:00', 232, 168),
(4233, '2015-05-19', '02:00:00', 232, 150),
(4234, '2015-05-19', '02:00:00', 232, 171),
(4235, '2015-05-19', '02:00:00', 232, 152),
(4236, '2015-05-19', '02:00:00', 232, 157),
(4237, '2015-05-19', '02:00:00', 232, 163),
(4238, '2015-05-22', '05:00:00', 232, 162),
(4239, '2015-05-22', '05:00:00', 232, 171),
(4240, '2015-05-22', '05:00:00', 232, 150),
(4241, '2015-05-22', '05:00:00', 232, 163),
(4242, '2015-05-27', '04:00:00', 232, 172),
(4243, '2015-05-27', '04:00:00', 232, 171),
(4244, '2015-05-27', '04:00:00', 232, 163),
(4245, '2015-05-27', '04:00:00', 232, 150),
(4246, '2015-05-28', '02:00:00', 232, 150),
(4247, '2015-05-28', '02:00:00', 232, 163),
(4248, '2015-05-28', '02:00:00', 232, 150),
(4249, '2015-05-28', '02:00:00', 232, 161),
(4250, '2015-07-21', '03:45:00', 48, 82),
(4251, '2015-07-21', '05:00:00', 48, 204),
(4252, '2015-07-22', '03:45:00', 48, 82),
(4253, '2015-07-22', '05:00:00', 48, 79),
(4254, '2015-07-22', '05:00:00', 48, 180),
(4255, '2015-07-23', '03:45:00', 48, 82),
(4256, '2015-07-23', '05:00:00', 48, 79),
(4257, '2015-07-23', '05:00:00', 48, 187),
(4258, '2015-07-20', '05:00:00', 26, 174),
(4259, '2015-07-21', '04:30:00', 26, 191),
(4260, '2015-07-22', '05:00:00', 26, 191),
(4261, '2015-07-20', '05:00:00', 26, 202),
(4262, '2015-07-21', '04:30:00', 26, 202),
(4263, '2015-07-20', '05:00:00', 26, 198),
(4264, '2015-07-22', '06:00:00', 26, 198),
(4266, '2015-07-21', '04:30:00', 26, 87),
(4267, '2015-07-22', '06:00:00', 26, 87),
(4268, '2015-07-21', '03:00:00', 26, 204),
(4269, '2015-07-21', '03:00:00', 26, 198),
(4270, '2015-07-22', '08:00:00', 222, 57),
(4271, '2015-07-22', '08:00:00', 222, 149),
(4272, '2015-07-22', '08:00:00', 222, 61),
(4273, '2015-07-23', '08:00:00', 260, 68),
(4274, '2015-07-23', '08:00:00', 260, 194),
(4275, '2015-07-23', '04:00:00', 229, 195),
(4276, '2015-07-23', '04:00:00', 229, 149),
(4277, '2015-07-23', '04:00:00', 229, 59),
(4278, '2015-07-23', '04:00:00', 229, 61),
(4279, '2015-07-23', '02:00:00', 48, 204),
(4280, '2015-07-23', '02:00:00', 48, 198),
(4281, '2015-07-23', '02:00:00', 48, 202),
(4282, '2015-07-23', '04:00:00', 26, 191),
(4283, '2015-07-23', '04:00:00', 26, 181),
(4284, '2015-07-23', '04:00:00', 26, 197),
(4285, '2015-07-23', '03:00:00', 26, 204),
(4286, '2015-07-23', '03:00:00', 26, 198),
(4287, '2015-07-23', '03:00:00', 26, 202),
(4288, '2015-07-23', '01:00:00', 26, 82),
(4289, '2015-07-23', '04:00:00', 222, 195),
(4290, '2015-07-23', '04:00:00', 222, 59),
(4291, '2015-07-23', '04:00:00', 222, 149),
(4292, '2015-07-23', '04:00:00', 222, 61),
(4293, '2015-07-02', '04:00:00', 262, 150),
(4294, '2015-07-02', '04:00:00', 262, 163),
(4295, '2015-07-02', '04:00:00', 262, 152),
(4296, '2015-07-24', '02:00:00', 265, 82),
(4297, '2015-07-24', '02:00:00', 265, 180),
(4298, '2015-07-24', '04:00:00', 188, 195),
(4299, '2015-07-24', '04:00:00', 188, 149),
(4300, '2015-07-24', '04:00:00', 188, 61),
(4301, '2015-07-24', '08:00:00', 260, 66),
(4302, '2015-07-24', '08:00:00', 260, 194),
(4303, '2015-07-24', '08:00:00', 260, 68),
(4304, '2015-07-20', '01:30:00', 231, 66),
(4305, '2015-07-20', '01:30:00', 231, 68),
(4306, '2015-07-27', '08:00:00', 266, 57),
(4307, '2015-07-27', '08:00:00', 266, 59),
(4308, '2015-07-24', '04:00:00', 267, 195),
(4309, '2015-07-24', '04:00:00', 267, 149),
(4310, '2015-07-24', '04:00:00', 267, 61),
(4311, '2015-07-24', '01:00:00', 26, 82),
(4312, '2015-07-24', '03:00:00', 26, 181),
(4313, '2015-07-24', '04:00:00', 26, 202),
(4314, '2015-07-26', '06:00:00', 26, 202),
(4315, '2015-07-25', '03:30:00', 26, 87),
(4316, '2015-07-24', '04:00:00', 26, 204),
(4317, '2015-07-25', '03:00:00', 26, 204),
(4318, '2015-07-24', '04:00:00', 26, 197),
(4319, '2015-07-25', '03:30:00', 26, 197),
(4320, '2015-07-26', '06:00:00', 26, 197),
(4321, '2015-07-24', '04:30:00', 26, 187),
(4322, '2015-07-25', '03:30:00', 26, 187),
(4323, '2015-07-26', '06:00:00', 26, 187),
(4324, '2015-07-26', '06:00:00', 26, 191),
(4325, '2015-07-24', '03:45:00', 48, 82),
(4326, '2015-07-24', '07:00:00', 48, 180),
(4327, '2015-07-24', '01:30:00', 48, 181),
(4328, '2015-07-27', '03:30:00', 48, 79),
(4329, '2015-07-27', '05:00:00', 48, 202),
(4330, '2015-07-27', '03:45:00', 48, 82),
(4331, '2015-07-27', '04:00:00', 48, 180),
(4332, '2015-07-28', '04:00:00', 230, 63),
(4333, '2015-07-28', '04:00:00', 230, 68),
(4334, '2015-07-28', '04:00:00', 230, 66),
(4335, '2015-07-27', '08:00:00', 260, 63),
(4336, '2015-07-27', '08:00:00', 260, 68),
(4337, '2015-07-27', '08:00:00', 260, 66),
(4338, '2015-07-27', '08:00:00', 260, 194),
(4339, '2015-07-27', '05:30:00', 256, 190),
(4340, '2015-07-27', '05:30:00', 256, 186),
(4341, '2015-07-23', '04:00:00', 263, 182),
(4342, '2015-07-23', '04:00:00', 263, 190),
(4343, '2015-07-23', '04:00:00', 263, 205),
(4344, '2015-06-22', '02:00:00', 264, 190),
(4345, '2015-06-22', '02:00:00', 264, 186),
(4346, '2015-06-22', '02:00:00', 264, 93),
(4347, '2015-07-28', '02:30:00', 260, 66),
(4348, '2015-07-28', '02:30:00', 260, 68),
(4349, '2015-07-28', '04:00:00', 260, 63),
(4350, '2015-07-28', '07:00:00', 266, 195),
(4351, '2015-07-28', '07:00:00', 266, 149),
(4352, '2015-07-28', '07:00:00', 266, 59),
(4353, '2015-07-28', '07:00:00', 266, 61),
(4354, '2015-07-28', '07:00:00', 266, 57),
(4355, '2015-07-28', '07:00:00', 266, 60),
(4356, '2015-07-28', '04:00:00', 268, 79),
(4357, '2015-07-28', '04:00:00', 268, 202),
(4358, '2015-07-28', '04:00:00', 268, 180),
(4359, '2015-07-27', '04:30:00', 26, 198),
(4360, '2015-07-27', '04:30:00', 26, 174),
(4361, '2015-07-27', '04:30:00', 26, 148),
(4362, '2015-07-27', '04:30:00', 26, 181),
(4363, '2015-06-11', '03:00:00', 243, 161),
(4364, '2015-06-11', '03:00:00', 243, 168),
(4365, '2015-06-11', '03:00:00', 243, 150),
(4366, '2015-06-15', '05:00:00', 243, 150),
(4367, '2015-06-15', '03:00:00', 243, 179),
(4368, '2015-06-15', '05:00:00', 243, 151),
(4369, '2015-06-15', '05:00:00', 243, 172),
(4370, '2015-06-10', '03:00:00', 250, 206),
(4371, '2015-06-10', '03:00:00', 250, 150),
(4372, '2015-06-10', '03:00:00', 250, 151),
(4373, '2015-06-10', '03:00:00', 250, 169),
(4374, '2015-07-06', '03:00:00', 247, 150),
(4375, '2015-07-06', '03:00:00', 247, 179),
(4376, '2015-07-06', '03:00:00', 247, 151),
(4377, '2015-07-06', '03:00:00', 247, 172),
(4378, '2015-07-06', '03:00:00', 247, 162),
(4379, '2015-07-06', '02:00:00', 241, 150),
(4380, '2015-07-06', '02:00:00', 241, 162),
(4381, '2015-07-06', '02:00:00', 241, 151),
(4382, '2015-07-06', '02:00:00', 241, 172),
(4383, '2015-07-16', '04:00:00', 244, 150),
(4384, '2015-07-16', '04:00:00', 244, 163),
(4385, '2015-07-16', '02:00:00', 244, 164),
(4386, '2015-07-16', '02:00:00', 244, 171),
(4387, '2015-07-27', '03:00:00', 245, 150),
(4388, '2015-07-27', '03:00:00', 245, 151),
(4389, '2015-07-27', '03:00:00', 245, 179),
(4390, '2015-07-27', '03:00:00', 245, 172),
(4391, '2015-07-27', '02:00:00', 242, 150),
(4392, '2015-07-27', '02:00:00', 242, 151),
(4393, '2015-07-27', '02:00:00', 242, 172),
(4394, '2015-07-28', '02:00:00', 238, 157),
(4395, '2015-07-28', '02:00:00', 238, 150),
(4396, '2015-07-28', '02:00:00', 238, 163),
(4397, '2015-07-28', '02:00:00', 238, 171),
(4398, '2015-07-28', '02:00:00', 238, 152),
(4399, '2015-07-29', '08:00:00', 260, 63),
(4400, '2015-07-29', '08:00:00', 260, 138),
(4401, '2015-07-29', '08:00:00', 260, 66),
(4402, '2015-07-27', '05:30:00', 33, 79),
(4403, '2015-07-28', '05:00:00', 33, 79),
(4404, '2015-07-27', '06:15:00', 33, 82),
(4405, '2015-07-28', '04:15:00', 33, 82),
(4406, '2015-07-29', '07:00:00', 33, 82),
(4407, '2015-07-30', '04:15:00', 33, 82),
(4408, '2015-07-31', '06:30:00', 33, 82),
(4409, '2015-07-27', '06:30:00', 33, 180),
(4410, '2015-07-28', '04:30:00', 33, 180),
(4411, '2015-07-29', '06:30:00', 33, 180),
(4412, '2015-07-30', '05:00:00', 33, 180),
(4413, '2015-07-31', '05:30:00', 33, 180),
(4414, '2015-07-28', '04:30:00', 26, 191),
(4415, '2015-07-28', '04:30:00', 26, 181),
(4416, '2015-07-28', '04:30:00', 26, 198),
(4417, '2015-07-28', '04:30:00', 26, 204),
(4418, '2015-07-28', '04:30:00', 26, 87),
(4419, '2015-07-28', '01:00:00', 26, 82),
(4420, '2015-07-29', '01:00:00', 39, 180),
(4421, '2015-07-29', '01:00:00', 39, 82),
(4422, '2015-07-22', '02:00:00', 36, 82),
(4423, '2015-07-22', '02:00:00', 36, 180),
(4424, '2015-07-24', '02:00:00', 36, 180),
(4425, '2015-07-24', '02:00:00', 36, 82),
(4426, '2015-07-27', '02:00:00', 36, 79),
(4427, '2015-07-27', '02:00:00', 36, 82),
(4428, '2015-07-29', '02:00:00', 36, 82),
(4429, '2015-07-29', '02:00:00', 36, 180),
(4430, '2015-07-29', '08:00:00', 266, 57),
(4431, '2015-07-29', '08:00:00', 266, 61),
(4432, '2015-07-29', '08:00:00', 266, 60),
(4433, '2015-07-29', '08:00:00', 266, 149),
(4434, '2015-07-28', '04:00:00', 269, 205),
(4435, '2015-07-28', '04:00:00', 269, 190),
(4436, '2015-07-28', '04:00:00', 269, 186),
(4437, '2015-07-29', '06:30:00', 269, 205),
(4438, '2015-07-29', '02:30:00', 269, 190),
(4439, '2015-07-29', '06:30:00', 269, 186),
(4440, '2015-07-29', '06:30:00', 269, 173),
(4441, '2015-07-30', '03:00:00', 267, 61),
(4442, '2015-07-30', '03:00:00', 267, 195),
(4443, '2015-07-30', '03:00:00', 188, 149),
(4444, '2015-07-30', '03:00:00', 188, 59),
(4445, '2015-07-30', '08:00:00', 260, 138),
(4446, '2015-07-30', '08:00:00', 260, 194),
(4447, '2015-07-30', '08:00:00', 260, 68),
(4448, '2015-07-29', '04:30:00', 26, 191),
(4449, '2015-07-29', '01:00:00', 26, 82),
(4450, '2015-07-29', '04:30:00', 26, 197),
(4451, '2015-07-29', '04:30:00', 26, 148),
(4452, '2015-07-29', '04:30:00', 26, 193),
(4453, '2015-07-29', '04:30:00', 26, 187),
(4454, '2015-07-29', '02:00:00', 26, 181),
(4455, '2015-07-29', '04:30:00', 26, 198),
(4456, '2015-07-28', '05:00:00', 48, 180),
(4457, '2015-07-28', '03:15:00', 48, 82),
(4458, '2015-07-28', '05:00:00', 48, 79),
(4459, '2015-07-29', '03:15:00', 48, 82),
(4460, '2015-07-29', '05:00:00', 48, 180),
(4461, '2015-07-29', '01:30:00', 48, 181),
(4462, '2015-07-30', '03:15:00', 48, 82),
(4463, '2015-07-30', '02:00:00', 48, 204),
(4464, '2015-07-30', '02:00:00', 48, 198),
(4465, '2015-07-30', '03:00:00', 270, 82),
(4466, '2015-07-30', '03:00:00', 270, 204),
(4467, '2015-07-31', '05:00:00', 48, 79),
(4468, '2015-07-31', '03:15:00', 48, 82),
(4469, '2015-07-31', '05:00:00', 48, 180),
(4470, '2015-07-31', '08:00:00', 260, 66),
(4471, '2015-07-31', '08:00:00', 260, 194),
(4472, '2015-07-31', '08:00:00', 260, 68),
(4473, '2015-07-30', '01:00:00', 26, 82),
(4474, '2015-07-30', '04:00:00', 26, 87),
(4475, '2015-07-30', '04:00:00', 26, 181),
(4476, '2015-07-30', '04:00:00', 26, 187),
(4477, '2015-07-30', '04:00:00', 26, 198),
(4478, '2015-07-30', '02:00:00', 26, 204),
(4479, '2015-07-30', '04:30:00', 26, 193),
(4480, '2015-07-31', '04:00:00', 229, 195),
(4481, '2015-07-31', '04:00:00', 229, 61),
(4482, '2015-07-31', '04:00:00', 229, 149),
(4483, '2015-07-31', '03:30:00', 271, 79),
(4484, '2015-07-31', '03:00:00', 271, 82),
(4485, '2015-07-31', '03:30:00', 271, 180),
(4486, '2015-07-31', '05:00:00', 26, 204),
(4487, '2015-07-31', '05:00:00', 26, 181),
(4488, '2015-07-31', '01:15:00', 26, 82),
(4489, '2015-07-31', '05:00:00', 26, 187),
(4490, '2015-07-31', '05:00:00', 26, 202),
(4491, '2015-07-31', '05:00:00', 26, 198),
(4492, '2015-08-01', '05:00:00', 27, 87),
(4493, '2015-08-01', '05:00:00', 27, 202),
(4494, '2015-08-02', '05:30:00', 27, 202),
(4495, '2015-08-01', '03:30:00', 27, 148),
(4496, '2015-08-02', '05:30:00', 27, 148),
(4497, '2015-08-01', '05:00:00', 27, 197),
(4498, '2015-08-02', '05:30:00', 27, 197),
(4499, '2015-08-01', '05:00:00', 27, 204),
(4500, '2015-08-02', '05:30:00', 27, 204),
(4501, '2015-08-03', '03:00:00', 272, 82),
(4502, '2015-08-03', '03:00:00', 272, 180),
(4503, '2015-08-04', '02:00:00', 273, 79),
(4504, '2015-08-04', '02:00:00', 273, 181),
(4505, '2015-08-04', '02:00:00', 273, 180),
(4506, '2015-08-04', '02:00:00', 273, 82),
(4507, '2015-08-03', '05:00:00', 27, 193),
(4508, '2015-08-03', '05:00:00', 27, 191),
(4509, '2015-08-03', '05:00:00', 27, 187),
(4510, '2015-08-03', '05:00:00', 27, 197),
(4511, '2015-08-03', '05:00:00', 27, 204),
(4512, '2015-08-03', '01:00:00', 27, 82),
(4513, '2015-08-04', '03:30:00', 27, 193),
(4514, '2015-08-04', '03:30:00', 27, 187),
(4515, '2015-08-04', '03:30:00', 27, 202),
(4516, '2015-08-04', '03:30:00', 27, 198),
(4517, '2015-08-04', '03:30:00', 27, 148),
(4518, '2015-08-04', '03:30:00', 27, 191),
(4519, '2015-08-05', '03:00:00', 274, 180),
(4520, '2015-08-05', '03:00:00', 274, 79),
(4521, '2015-08-03', '03:15:00', 48, 82),
(4522, '2015-08-04', '03:15:00', 48, 82),
(4523, '2015-08-05', '03:15:00', 48, 82),
(4524, '2015-08-03', '03:30:00', 48, 79),
(4525, '2015-08-04', '03:30:00', 48, 79),
(4526, '2015-08-05', '03:30:00', 48, 79),
(4527, '2015-08-03', '03:30:00', 48, 180),
(4528, '2015-08-04', '03:30:00', 48, 180),
(4529, '2015-08-05', '03:30:00', 48, 180),
(4530, '2015-08-06', '03:30:00', 48, 180),
(4531, '2015-08-07', '03:30:00', 48, 180),
(4532, '2015-07-31', '02:00:00', 36, 82),
(4533, '2015-07-31', '02:00:00', 36, 86),
(4534, '2015-08-03', '02:00:00', 36, 82),
(4535, '2015-08-03', '02:00:00', 36, 180),
(4536, '2015-08-05', '01:30:00', 36, 82),
(4537, '2015-08-05', '01:30:00', 36, 180),
(4538, '2015-08-07', '02:00:00', 36, 82),
(4539, '2015-08-07', '02:00:00', 36, 180),
(4540, '2015-08-10', '02:00:00', 36, 79),
(4541, '2015-08-10', '02:00:00', 36, 180),
(4542, '2015-08-01', '05:00:00', 33, 79),
(4543, '2015-08-02', '05:00:00', 33, 76),
(4544, '2015-08-01', '05:00:00', 33, 76),
(4545, '2015-08-02', '05:00:00', 33, 79),
(4546, '2015-08-03', '05:00:00', 33, 75),
(4547, '2015-08-03', '05:00:00', 33, 181),
(4548, '2015-08-04', '05:00:00', 33, 76),
(4549, '2015-08-04', '05:00:00', 33, 75),
(4550, '2015-08-05', '05:00:00', 33, 76),
(4551, '2015-08-05', '05:00:00', 33, 75),
(4552, '2015-08-05', '01:00:00', 27, 82),
(4553, '2015-08-06', '01:00:00', 27, 82),
(4554, '2015-08-05', '04:30:00', 27, 202),
(4555, '2015-08-05', '04:30:00', 27, 191),
(4556, '2015-08-05', '04:30:00', 27, 187),
(4557, '2015-08-05', '04:30:00', 27, 193),
(4558, '2015-08-05', '04:30:00', 27, 204),
(4559, '2015-08-05', '04:30:00', 27, 148),
(4560, '2015-08-06', '03:30:00', 27, 204),
(4561, '2015-08-06', '03:30:00', 27, 148),
(4562, '2015-08-06', '03:30:00', 27, 197),
(4563, '2015-08-06', '03:30:00', 27, 202),
(4564, '2015-08-06', '03:30:00', 27, 187),
(4565, '2015-08-06', '03:30:00', 27, 198),
(4566, '2015-08-06', '03:30:00', 48, 79),
(4567, '2015-08-06', '03:15:00', 48, 82),
(4568, '2015-08-07', '03:30:00', 48, 79),
(4569, '2015-08-07', '03:15:00', 48, 82),
(4570, '2015-08-06', '05:00:00', 33, 76),
(4571, '2015-08-06', '05:00:00', 33, 75),
(4572, '2015-08-07', '05:00:00', 33, 181),
(4573, '2015-08-07', '05:00:00', 33, 76),
(4574, '2015-08-08', '05:00:00', 33, 181),
(4575, '2015-08-09', '05:00:00', 33, 181),
(4576, '2015-08-08', '05:00:00', 33, 75),
(4577, '2015-08-09', '05:00:00', 33, 75),
(4578, '2015-08-10', '03:30:00', 48, 79),
(4579, '2015-08-10', '03:30:00', 48, 180),
(4580, '2015-08-11', '03:30:00', 48, 202),
(4581, '2015-08-11', '03:30:00', 48, 79),
(4582, '2015-08-11', '03:15:00', 48, 82),
(4583, '2015-08-11', '03:30:00', 48, 180),
(4584, '2015-08-07', '01:00:00', 276, 79),
(4585, '2015-08-10', '03:00:00', 276, 79),
(4586, '2015-08-11', '03:00:00', 276, 79),
(4587, '2015-08-17', '05:00:00', 277, 76),
(4588, '2015-08-18', '05:00:00', 277, 76),
(4589, '2015-08-19', '05:00:00', 277, 76),
(4590, '2015-08-20', '05:00:00', 277, 76),
(4591, '2015-08-21', '05:00:00', 277, 76),
(4592, '2015-08-11', '02:00:00', 278, 82),
(4593, '2015-08-11', '02:00:00', 278, 180),
(4594, '2015-08-12', '05:30:00', 279, 79),
(4595, '2015-08-12', '05:30:00', 279, 82),
(4596, '2015-08-12', '05:00:00', 279, 180),
(4597, '2015-08-07', '06:00:00', 27, 202),
(4598, '2015-08-09', '05:00:00', 27, 187),
(4599, '2015-08-07', '01:15:00', 27, 82),
(4600, '2015-08-07', '06:00:00', 27, 204),
(4601, '2015-08-07', '06:00:00', 27, 198),
(4602, '2015-08-08', '05:00:00', 27, 198),
(4603, '2015-08-09', '05:00:00', 27, 198),
(4604, '2015-08-08', '05:00:00', 27, 191),
(4605, '2015-08-09', '05:00:00', 27, 191),
(4606, '2015-08-13', '03:30:00', 48, 180),
(4607, '2015-08-13', '03:15:00', 48, 82),
(4608, '2015-08-08', '05:00:00', 27, 193),
(4609, '2015-08-09', '05:00:00', 27, 193),
(4610, '2015-08-07', '05:00:00', 27, 197),
(4611, '2015-08-08', '05:00:00', 27, 148),
(4612, '2015-08-10', '05:00:00', 33, 76),
(4613, '2015-08-10', '05:00:00', 33, 75),
(4614, '2015-08-11', '05:00:00', 33, 76),
(4615, '2015-08-11', '05:00:00', 33, 75),
(4616, '2015-08-12', '05:00:00', 33, 75),
(4617, '2015-08-12', '05:00:00', 33, 76),
(4618, '2015-08-13', '05:00:00', 33, 75),
(4619, '2015-08-13', '05:00:00', 33, 76),
(4620, '2015-08-14', '05:00:00', 33, 76),
(4621, '2015-08-14', '05:00:00', 33, 202),
(4622, '2015-08-15', '05:00:00', 33, 79),
(4623, '2015-08-16', '05:00:00', 33, 79),
(4624, '2015-08-15', '05:00:00', 33, 202),
(4625, '2015-08-16', '05:00:00', 33, 202),
(4626, '2015-08-04', '01:00:00', 54, 75),
(4627, '2015-08-04', '01:00:00', 54, 76),
(4628, '2015-08-07', '01:00:00', 54, 181),
(4629, '2015-08-07', '01:00:00', 54, 76),
(4630, '2015-08-11', '01:00:00', 54, 75),
(4631, '2015-08-11', '01:00:00', 54, 76),
(4632, '2015-08-14', '01:00:00', 54, 202),
(4633, '2015-08-14', '01:00:00', 54, 76),
(4634, '2015-08-10', '04:00:00', 27, 197),
(4635, '2015-08-11', '05:30:00', 27, 197),
(4636, '2015-08-12', '05:00:00', 27, 197),
(4637, '2015-08-15', '04:30:00', 27, 197),
(4638, '2015-08-16', '04:30:00', 27, 197),
(4639, '2015-08-10', '04:00:00', 27, 148),
(4640, '2015-08-11', '05:30:00', 27, 148),
(4641, '2015-08-12', '05:00:00', 27, 148),
(4642, '2015-08-15', '04:30:00', 27, 148),
(4643, '2015-08-16', '04:30:00', 27, 148),
(4644, '2015-08-10', '04:00:00', 27, 187),
(4645, '2015-08-11', '05:30:00', 27, 187),
(4646, '2015-08-12', '05:00:00', 27, 187),
(4647, '2015-08-13', '05:30:00', 27, 187),
(4648, '2015-08-14', '04:30:00', 27, 187),
(4649, '2015-08-10', '04:00:00', 27, 202),
(4650, '2015-08-10', '01:00:00', 27, 82),
(4651, '2015-08-11', '01:00:00', 27, 82),
(4652, '2015-08-12', '01:00:00', 27, 82),
(4653, '2015-08-13', '01:15:00', 27, 82),
(4654, '2015-08-14', '01:15:00', 27, 82),
(4655, '2015-08-13', '05:00:00', 27, 204),
(4656, '2015-08-14', '04:30:00', 27, 204),
(4657, '2015-08-15', '04:30:00', 27, 204),
(4658, '2015-08-16', '04:30:00', 27, 204),
(4659, '2015-08-10', '04:00:00', 27, 193),
(4660, '2015-08-11', '05:30:00', 27, 193),
(4661, '2015-08-14', '04:30:00', 27, 193),
(4662, '2015-08-15', '04:30:00', 27, 193),
(4663, '2015-08-16', '05:30:00', 27, 193),
(4664, '2015-08-11', '05:30:00', 27, 198),
(4665, '2015-08-12', '05:00:00', 27, 198),
(4666, '2015-08-13', '05:00:00', 27, 198),
(4667, '2015-08-14', '04:30:00', 27, 198),
(4668, '2015-08-10', '05:00:00', 27, 77),
(4669, '2015-08-11', '06:00:00', 27, 77),
(4670, '2015-08-12', '05:30:00', 27, 77),
(4671, '2015-08-13', '05:30:00', 27, 77),
(4672, '2015-08-16', '06:00:00', 27, 77),
(4673, '2015-08-12', '05:00:00', 27, 191),
(4674, '2015-08-13', '05:00:00', 27, 191),
(4675, '2015-08-14', '04:30:00', 27, 174),
(4676, '2015-08-15', '04:30:00', 27, 191),
(4677, '2015-08-16', '05:30:00', 27, 174),
(4678, '2015-08-18', '04:30:00', 280, 82),
(4679, '2015-08-18', '04:30:00', 280, 180),
(4680, '2015-08-14', '03:30:00', 48, 180),
(4681, '2015-08-14', '03:15:00', 48, 82),
(4682, '2015-08-17', '03:15:00', 48, 82),
(4683, '2015-08-17', '03:30:00', 48, 180),
(4684, '2015-08-18', '03:15:00', 48, 82),
(4685, '2015-08-18', '03:30:00', 48, 180),
(4686, '2015-08-19', '03:15:00', 48, 82),
(4687, '2015-08-19', '03:30:00', 48, 180),
(4688, '2015-08-20', '03:15:00', 48, 82),
(4689, '2015-08-20', '04:30:00', 48, 180),
(4690, '2015-08-21', '03:15:00', 48, 82),
(4691, '2015-08-21', '03:30:00', 48, 180),
(4692, '2015-08-19', '02:00:00', 39, 82),
(4693, '2015-08-12', '01:30:00', 36, 180),
(4694, '2015-08-12', '01:30:00', 36, 82),
(4695, '2015-08-14', '02:00:00', 36, 82),
(4696, '2015-08-14', '02:00:00', 36, 180),
(4697, '2015-08-17', '02:00:00', 36, 82),
(4698, '2015-08-17', '02:00:00', 36, 180),
(4699, '2015-08-19', '01:30:00', 36, 82),
(4700, '2015-08-19', '01:30:00', 36, 180),
(4701, '2015-08-21', '02:00:00', 36, 82),
(4702, '2015-08-21', '02:00:00', 36, 180),
(4703, '2015-08-18', '01:00:00', 54, 75),
(4704, '2015-08-18', '01:00:00', 54, 202),
(4705, '2015-08-21', '01:00:00', 54, 202),
(4706, '2015-08-21', '01:00:00', 54, 79),
(4707, '2015-08-25', '01:00:00', 54, 79),
(4708, '2015-08-25', '01:00:00', 54, 202),
(4709, '2015-08-28', '01:00:00', 54, 202),
(4710, '2015-08-28', '01:00:00', 54, 75),
(4711, '2015-07-14', '01:30:00', 42, 82),
(4712, '2015-07-14', '01:30:00', 42, 86),
(4713, '2015-07-21', '01:00:00', 42, 79),
(4714, '2015-07-21', '01:00:00', 42, 82),
(4715, '2015-07-24', '01:00:00', 42, 82),
(4716, '2015-07-24', '01:00:00', 42, 86),
(4717, '2015-07-28', '02:00:00', 42, 180),
(4718, '2015-07-28', '02:00:00', 42, 82),
(4719, '2015-07-31', '01:00:00', 42, 82),
(4720, '2015-07-31', '01:00:00', 42, 180),
(4721, '2015-08-04', '02:00:00', 42, 82),
(4722, '2015-08-04', '02:00:00', 42, 180),
(4723, '2015-08-07', '01:00:00', 42, 82),
(4724, '2015-08-07', '01:00:00', 42, 180),
(4725, '2015-08-12', '01:30:00', 42, 82),
(4726, '2015-08-12', '01:30:00', 42, 180),
(4727, '2015-08-20', '02:00:00', 42, 180),
(4728, '2015-08-20', '02:00:00', 42, 82),
(4729, '2015-08-21', '04:30:00', 281, 180),
(4730, '2015-08-21', '04:30:00', 281, 82);

-- --------------------------------------------------------

--
-- Structure de la table `type`
--

CREATE TABLE IF NOT EXISTS `type` (
  `TYP_Id` int(11) NOT NULL AUTO_INCREMENT,
  `TYP_Nom` varchar(45) NOT NULL,
  PRIMARY KEY (`TYP_Id`)
) ENGINE=InnoDB  DEFAULT CHARSET=utf8 AUTO_INCREMENT=10 ;

--
-- Contenu de la table `type`
--

INSERT INTO `type` (`TYP_Id`, `TYP_Nom`) VALUES
(2, 'Salarié'),
(5, 'Bénévole'),
(7, 'Stagiaire'),
(8, 'Salarié en Insertion'),
(9, 'Atelier Occupationnel');

-- --------------------------------------------------------

--
-- Structure de la table `typeachat`
--

CREATE TABLE IF NOT EXISTS `typeachat` (
  `TAC_Id` int(11) NOT NULL AUTO_INCREMENT,
  `TAC_Type` varchar(45) NOT NULL,
  PRIMARY KEY (`TAC_Id`)
) ENGINE=InnoDB  DEFAULT CHARSET=utf8 AUTO_INCREMENT=16 ;

--
-- Contenu de la table `typeachat`
--

INSERT INTO `typeachat` (`TAC_Id`, `TAC_Type`) VALUES
(1, 'EPI'),
(2, 'MATIERE'),
(3, 'CONSOMMABLE'),
(4, 'LOCATION'),
(5, 'CABURANT'),
(6, 'INTERIM'),
(7, 'REPAS'),
(8, 'PEAGE'),
(9, 'PARCMETRE'),
(10, 'Produit'),
(11, 'Arbre'),
(12, 'Tuteur'),
(13, 'Tuteur'),
(14, 'Collier Souple'),
(15, 'Location Tondeuse Debroussailleuse');

-- --------------------------------------------------------

--
-- Structure de la table `typeetat`
--

CREATE TABLE IF NOT EXISTS `typeetat` (
  `TYE_Id` int(11) NOT NULL,
  `TYE_Nom` varchar(45) DEFAULT NULL,
  PRIMARY KEY (`TYE_Id`)
) ENGINE=InnoDB DEFAULT CHARSET=utf8;

--
-- Contenu de la table `typeetat`
--

INSERT INTO `typeetat` (`TYE_Id`, `TYE_Nom`) VALUES
(1, 'En Attente'),
(2, 'Valide'),
(3, 'En Cours'),
(4, 'Terminé'),
(5, 'Refusé');

-- --------------------------------------------------------

--
-- Structure de la table `typeplanning`
--

CREATE TABLE IF NOT EXISTS `typeplanning` (
  `PL_id` int(11) NOT NULL AUTO_INCREMENT,
  `PL_Libelle` varchar(25) CHARACTER SET utf8 NOT NULL,
  PRIMARY KEY (`PL_id`)
) ENGINE=InnoDB  DEFAULT CHARSET=latin1 AUTO_INCREMENT=4 ;

--
-- Contenu de la table `typeplanning`
--

INSERT INTO `typeplanning` (`PL_id`, `PL_Libelle`) VALUES
(1, 'Planning ACI'),
(2, 'Planning Stagiaire'),
(3, 'Planning Occupationnel');

-- --------------------------------------------------------

--
-- Structure de la table `typesortie`
--

CREATE TABLE IF NOT EXISTS `typesortie` (
  `TYS_ID` int(11) NOT NULL,
  `TYS_Libelle` text,
  PRIMARY KEY (`TYS_ID`)
) ENGINE=InnoDB DEFAULT CHARSET=utf8;

--
-- Contenu de la table `typesortie`
--

INSERT INTO `typesortie` (`TYS_ID`, `TYS_Libelle`) VALUES
(0, 'Non sorti'),
(1, 'CDD < 6 mois (Intérim + CDD courts renouvelés)'),
(2, 'CDD >= 6 mois'),
(3, 'CDI'),
(4, 'Qualification'),
(5, 'Suivi de parcours en CDDI au CAP'),
(6, 'Bis CDDI hors CAP'),
(7, 'Formation non qualifiante (Pré-qualification)'),
(8, 'Positionnement sur l''emploi (employabilité immédiate)'),
(9, 'Orientation milieu protégé'),
(10, 'Soins'),
(11, 'Réorientation action sociale'),
(12, 'A quitté la région pour regroupement familial'),
(13, 'Suite de parcours sur une autre convention'),
(14, 'Retraite'),
(15, 'Incapacité à reprendre une activité professionnelle'),
(16, 'Incarcération'),
(17, 'Décision commune d''arrêter (en lien avec le référent)'),
(18, 'Interruption à l''initiative de la structure'),
(19, 'Interruption à l''initiative du stagiaire : passage éclair'),
(20, 'Interruption à l''initiative du stagiaire : abandon'),
(21, 'Refus de nos propositions'),
(22, 'Décès'),
(23, 'Période d''essai non validée');

-- --------------------------------------------------------

--
-- Structure de la table `vehicules`
--

CREATE TABLE IF NOT EXISTS `vehicules` (
  `VEH_Immatriculation` varchar(7) CHARACTER SET utf8 NOT NULL,
  `VEH_Marque` varchar(10) CHARACTER SET utf8 NOT NULL,
  `VEH_Model` varchar(15) CHARACTER SET utf8 NOT NULL,
  `VEH_Annee` int(11) NOT NULL,
  `VEH_Couleur` varchar(10) CHARACTER SET utf8 NOT NULL,
  PRIMARY KEY (`VEH_Immatriculation`)
) ENGINE=InnoDB DEFAULT CHARSET=utf8mb4;

-- --------------------------------------------------------

--
-- Structure de la vue `chantierachat`
--
DROP TABLE IF EXISTS `chantierachat`;

CREATE ALGORITHM=UNDEFINED DEFINER=`Kepha`@`localhost` SQL SECURITY DEFINER VIEW `chantierachat` AS select `chantiers`.`CHA_NumDevis` AS `CHA_NumDevis`,`chantiers`.`CHA_AchatsPrev` AS `CHA_AchatsPrev`,sum(`acheter`.`ACH_Montant`) AS `AchatTot`,round((`chantiers`.`CHA_AchatsPrev` - sum(`acheter`.`ACH_Montant`)),2) AS `EcartAch` from (`chantiers` join `acheter` on((`chantiers`.`CHA_NumDevis` = `acheter`.`CHA_NumDevis`))) group by `chantiers`.`CHA_NumDevis`;

-- --------------------------------------------------------

--
-- Structure de la vue `chantierclient`
--
DROP TABLE IF EXISTS `chantierclient`;

CREATE ALGORITHM=UNDEFINED DEFINER=`Kepha`@`localhost` SQL SECURITY DEFINER VIEW `chantierclient` AS select `co`.`CHA_NumDevis` AS `CNumDevis`,`cl`.`CLI_Nom` AS `Client`,'none' AS `ClientP`,`cl`.`CLI_Telephone` AS `ClientTel`,`cl`.`CLI_Email` AS `ClientEmail`,`cl`.`CLI_Adresse` AS `ClientAd`,`cl`.`CLI_Ville` AS `ClienV`,`cl`.`CLI_CodePostal` AS `ClientCP`,`cl`.`CLI_NumClient` AS `NumClient`,'structure' AS `Structure` from (`commanditer` `co` join `clients` `cl` on((`co`.`CLI_NumClient` = `cl`.`CLI_NumClient`)));

-- --------------------------------------------------------

--
-- Structure de la vue `chantieretat`
--
DROP TABLE IF EXISTS `chantieretat`;

CREATE ALGORITHM=UNDEFINED DEFINER=`Kepha`@`localhost` SQL SECURITY DEFINER VIEW `chantieretat` AS select `chantiers`.`CHA_NumDevis` AS `NumDevis`,`typeetat`.`TYE_Nom` AS `Etat`,`etat`.`TYE_Id` AS `Id` from ((`chantiers` join `etat` on((`chantiers`.`CHA_NumDevis` = `etat`.`CHA_NumDevis`))) join `typeetat` on((`etat`.`TYE_Id` = `typeetat`.`TYE_Id`))) order by `etat`.`TYE_Id` desc;

-- --------------------------------------------------------

--
-- Structure de la vue `chantierheure`
--
DROP TABLE IF EXISTS `chantierheure`;

CREATE ALGORITHM=UNDEFINED DEFINER=`Kepha`@`localhost` SQL SECURITY DEFINER VIEW `chantierheure` AS select `chantiers`.`CHA_NumDevis` AS `CHA_NumDevis`,`chantiers`.`CHA_HeuresPrev` AS `CHA_HeuresPrev`,time_format(sec_to_time(sum(time_to_sec(`tempstravail`.`TRA_Duree`))),'%H:%i') AS `HeureTot`,time_format(sec_to_time((time_to_sec(cast((`chantiers`.`CHA_HeuresPrev` * 10000) as time)) - sum(time_to_sec(`tempstravail`.`TRA_Duree`)))),'%H:%i') AS `EcartHeure`,count(distinct `tempstravail`.`SAL_NumSalarie`) AS `NbSalarie`,((sum(time_to_sec(`tempstravail`.`TRA_Duree`)) * 100) / time_to_sec(cast((`chantiers`.`CHA_HeuresPrev` * 10000) as time))) AS `ProgHeure` from (`chantiers` join `tempstravail` on((`chantiers`.`CHA_NumDevis` = `tempstravail`.`CHA_NumDevis`))) group by `chantiers`.`CHA_NumDevis`;

-- --------------------------------------------------------

--
-- Structure de la vue `chantiermax`
--
DROP TABLE IF EXISTS `chantiermax`;

CREATE ALGORITHM=UNDEFINED DEFINER=`Kepha`@`localhost` SQL SECURITY DEFINER VIEW `chantiermax` AS select `ch`.`CHA_NumDevis` AS `CHA_NumDevis`,`ch`.`CHA_DateDebut` AS `CHA_DateDebut`,`ch`.`CHA_Intitule` AS `CHA_Intitule`,`ch`.`CHA_Echeance` AS `CHA_Echeance`,`ch`.`CHA_DateFinReel` AS `CHA_DateFinReel`,`ch`.`CHA_MontantPrev` AS `CHA_MontantPrev`,`ch`.`CHA_AchatsPrev` AS `CHA_AchatsPrev`,`ch`.`CHA_HeuresPrev` AS `CHA_HeuresPrev`,`ch`.`CHA_Adresse` AS `CHA_Adresse`,`ch`.`CHA_TVA` AS `CHA_TVA`,`ch`.`CHA_TxHoraire` AS `CHA_TxHoraire`,`cl`.`CNumDevis` AS `CNumDevis`,`cl`.`Client` AS `Client`,`cl`.`ClientP` AS `ClientP`,`cl`.`ClientTel` AS `ClientTel`,`cl`.`ClientEmail` AS `ClientEmail`,`cl`.`ClientAd` AS `ClientAd`,`cl`.`ClienV` AS `ClienV`,`cl`.`ClientCP` AS `ClientCP`,`cl`.`NumClient` AS `NumClient`,`cl`.`Structure` AS `Structure`,`chantierresp`.`Resp` AS `Resp`,`chantierresp`.`RespP` AS `RespP`,max(`chantieretat`.`Id`) AS `IdMax` from (((`chantiers` `ch` join `chantierclient` `cl` on((`cl`.`CNumDevis` = `ch`.`CHA_NumDevis`))) left join `chantierresp` on((`chantierresp`.`RNumDevis` = `ch`.`CHA_NumDevis`))) join `chantieretat` on((`chantieretat`.`NumDevis` = `ch`.`CHA_NumDevis`))) group by `ch`.`CHA_NumDevis` order by `ch`.`CHA_NumDevis`;

-- --------------------------------------------------------

--
-- Structure de la vue `chantierresp`
--
DROP TABLE IF EXISTS `chantierresp`;

CREATE ALGORITHM=UNDEFINED DEFINER=`Kepha`@`localhost` SQL SECURITY DEFINER VIEW `chantierresp` AS select `en`.`CHA_NumDevis` AS `RNumDevis`,`pe`.`PER_Nom` AS `Resp`,`pe`.`PER_Prenom` AS `RespP`,`sa`.`SAL_NumSalarie` AS `NumSal` from ((`encadrer` `en` join `salaries` `sa` on((`en`.`SAL_NumSalarie` = `sa`.`SAL_NumSalarie`))) join `personnes` `pe` on((`sa`.`PER_Num` = `pe`.`PER_Num`)));

--
-- Contraintes pour les tables exportées
--

--
-- Contraintes pour la table `acheter`
--
ALTER TABLE `acheter`
  ADD CONSTRAINT `fk_Acheter_Fournisseurs1` FOREIGN KEY (`FOU_NumFournisseur`) REFERENCES `fournisseurs` (`FOU_NumFournisseur`) ON DELETE NO ACTION ON UPDATE NO ACTION,
  ADD CONSTRAINT `fk_Acheter_TypeAchat1` FOREIGN KEY (`TAC_Id`) REFERENCES `typeachat` (`TAC_Id`) ON DELETE NO ACTION ON UPDATE NO ACTION,
  ADD CONSTRAINT `fk_Chantiers_has_Fournisseurs_Chantiers1` FOREIGN KEY (`CHA_NumDevis`) REFERENCES `chantiers` (`CHA_NumDevis`) ON DELETE CASCADE ON UPDATE CASCADE;

--
-- Contraintes pour la table `carburant`
--
ALTER TABLE `carburant`
  ADD CONSTRAINT `fk_Salaries_has_Vehicules_Salaries1` FOREIGN KEY (`SAL_NumSalarie`) REFERENCES `salaries` (`SAL_NumSalarie`) ON DELETE NO ACTION ON UPDATE NO ACTION,
  ADD CONSTRAINT `fk_Salaries_has_Vehicules_Vehicules1` FOREIGN KEY (`VEH_Immatriculation`) REFERENCES `vehicules` (`VEH_Immatriculation`) ON DELETE NO ACTION ON UPDATE NO ACTION;

--
-- Contraintes pour la table `commanditer`
--
ALTER TABLE `commanditer`
  ADD CONSTRAINT `fk_Chantiers_has_Clients_Chantiers1` FOREIGN KEY (`CHA_NumDevis`) REFERENCES `chantiers` (`CHA_NumDevis`) ON DELETE CASCADE ON UPDATE CASCADE,
  ADD CONSTRAINT `fk_Chantiers_has_Clients_Clients1` FOREIGN KEY (`CLI_NumClient`) REFERENCES `clients` (`CLI_NumClient`) ON DELETE CASCADE ON UPDATE CASCADE;

--
-- Contraintes pour la table `controle`
--
ALTER TABLE `controle`
  ADD CONSTRAINT `fk_Controle_Chantiers1` FOREIGN KEY (`CHA_NumDevis`) REFERENCES `chantiers` (`CHA_NumDevis`) ON DELETE NO ACTION ON UPDATE NO ACTION;

--
-- Contraintes pour la table `employerclient`
--
ALTER TABLE `employerclient`
  ADD CONSTRAINT `fk_Clients_has_Personnes_Clients1` FOREIGN KEY (`CLI_NumClient`) REFERENCES `clients` (`CLI_NumClient`) ON DELETE NO ACTION ON UPDATE NO ACTION,
  ADD CONSTRAINT `fk_Clients_has_Personnes_Personnes1` FOREIGN KEY (`PER_Num`) REFERENCES `personnes` (`PER_Num`) ON DELETE NO ACTION ON UPDATE NO ACTION;

--
-- Contraintes pour la table `employerfourn`
--
ALTER TABLE `employerfourn`
  ADD CONSTRAINT `fk_Fournisseurs_has_Personnes_Fournisseurs1` FOREIGN KEY (`FOU_NumFournisseur`) REFERENCES `fournisseurs` (`FOU_NumFournisseur`) ON DELETE NO ACTION ON UPDATE NO ACTION,
  ADD CONSTRAINT `fk_Fournisseurs_has_Personnes_Personnes1` FOREIGN KEY (`PER_Num`) REFERENCES `personnes` (`PER_Num`) ON DELETE NO ACTION ON UPDATE NO ACTION;

--
-- Contraintes pour la table `encadrer`
--
ALTER TABLE `encadrer`
  ADD CONSTRAINT `fk_Chantiers_has_Encadrant_Chantiers1` FOREIGN KEY (`CHA_NumDevis`) REFERENCES `chantiers` (`CHA_NumDevis`) ON DELETE CASCADE ON UPDATE CASCADE,
  ADD CONSTRAINT `fk_Encadrer_Salaries1` FOREIGN KEY (`SAL_NumSalarie`) REFERENCES `salaries` (`SAL_NumSalarie`) ON DELETE NO ACTION ON UPDATE NO ACTION;

--
-- Contraintes pour la table `etat`
--
ALTER TABLE `etat`
  ADD CONSTRAINT `fk_Etat_Chantiers1` FOREIGN KEY (`CHA_NumDevis`) REFERENCES `chantiers` (`CHA_NumDevis`) ON DELETE NO ACTION ON UPDATE NO ACTION,
  ADD CONSTRAINT `fk_Etat_TypeEtat1` FOREIGN KEY (`TYE_Id`) REFERENCES `typeetat` (`TYE_Id`) ON DELETE NO ACTION ON UPDATE NO ACTION;

--
-- Contraintes pour la table `etatoutil`
--
ALTER TABLE `etatoutil`
  ADD CONSTRAINT `fk_Salaries_has_Outil_Outil1` FOREIGN KEY (`OUT_NumOutil`) REFERENCES `outil` (`OUT_NumOutil`) ON DELETE NO ACTION ON UPDATE NO ACTION,
  ADD CONSTRAINT `fk_Salaries_has_Outil_Salaries1` FOREIGN KEY (`SAL_NumSalarie`) REFERENCES `salaries` (`SAL_NumSalarie`) ON DELETE NO ACTION ON UPDATE NO ACTION;

--
-- Contraintes pour la table `facturer`
--
ALTER TABLE `facturer`
  ADD CONSTRAINT `fk_Repas_has_Salaries_Repas1` FOREIGN KEY (`REP_ID`) REFERENCES `repas` (`REP_ID`) ON DELETE NO ACTION ON UPDATE NO ACTION,
  ADD CONSTRAINT `fk_Repas_has_Salaries_Salaries1` FOREIGN KEY (`SAL_NumSalarie`) REFERENCES `salaries` (`SAL_NumSalarie`) ON DELETE NO ACTION ON UPDATE NO ACTION;

--
-- Contraintes pour la table `insertion`
--
ALTER TABLE `insertion`
  ADD CONSTRAINT `fk_Insertion_Contrat1` FOREIGN KEY (`CNT_Id`) REFERENCES `contrat` (`CNT_Id`) ON DELETE NO ACTION ON UPDATE NO ACTION,
  ADD CONSTRAINT `fk_Insertion_Convention1` FOREIGN KEY (`CNV_Id`) REFERENCES `convention` (`CNV_Id`) ON DELETE NO ACTION ON UPDATE NO ACTION,
  ADD CONSTRAINT `fk_Insertion_Referent1` FOREIGN KEY (`REF_NumRef`) REFERENCES `referents` (`REF_NumRef`) ON DELETE NO ACTION ON UPDATE NO ACTION,
  ADD CONSTRAINT `fk_Insertion_Salaries1` FOREIGN KEY (`SAL_NumSalarie`) REFERENCES `salaries` (`SAL_NumSalarie`) ON DELETE NO ACTION ON UPDATE NO ACTION,
  ADD CONSTRAINT `fk_Insertion_TypeSortie` FOREIGN KEY (`TYS_ID`) REFERENCES `typesortie` (`TYS_ID`) ON DELETE NO ACTION ON UPDATE NO ACTION;

--
-- Contraintes pour la table `location`
--
ALTER TABLE `location`
  ADD CONSTRAINT `fk_Location_Kilometrage1` FOREIGN KEY (`KIL_ID`) REFERENCES `kilometrage` (`KIL_ID`) ON DELETE NO ACTION ON UPDATE NO ACTION,
  ADD CONSTRAINT `Immatriculation` FOREIGN KEY (`VEH_Immatriculation`) REFERENCES `vehicules` (`VEH_Immatriculation`) ON DELETE CASCADE ON UPDATE CASCADE,
  ADD CONSTRAINT `NumSalarie` FOREIGN KEY (`SAL_NumSalarie`) REFERENCES `salaries` (`SAL_NumSalarie`) ON DELETE CASCADE ON UPDATE CASCADE;

--
-- Contraintes pour la table `logo_association`
--
ALTER TABLE `logo_association`
  ADD CONSTRAINT `logo_association_ibfk_1` FOREIGN KEY (`LOGO_Id`) REFERENCES `logo` (`LOGO_id`) ON DELETE NO ACTION ON UPDATE NO ACTION,
  ADD CONSTRAINT `logo_association_ibfk_2` FOREIGN KEY (`PL_id`) REFERENCES `typeplanning` (`PL_id`) ON DELETE NO ACTION ON UPDATE NO ACTION;

--
-- Contraintes pour la table `louer`
--
ALTER TABLE `louer`
  ADD CONSTRAINT `fk_Salaries_has_Logement_Logement1` FOREIGN KEY (`LOG_NumLogement`) REFERENCES `logement` (`LOG_NumLogement`) ON DELETE NO ACTION ON UPDATE NO ACTION,
  ADD CONSTRAINT `fk_Salaries_has_Logement_Salaries1` FOREIGN KEY (`SAL_NumSalarie`) REFERENCES `salaries` (`SAL_NumSalarie`) ON DELETE NO ACTION ON UPDATE NO ACTION;

--
-- Contraintes pour la table `outil`
--
ALTER TABLE `outil`
  ADD CONSTRAINT `fk_Outil_Salaries1` FOREIGN KEY (`SAL_NumSalarie`) REFERENCES `salaries` (`SAL_NumSalarie`) ON DELETE NO ACTION ON UPDATE NO ACTION;

--
-- Contraintes pour la table `pl_association`
--
ALTER TABLE `pl_association`
  ADD CONSTRAINT `fk_idCre_planning` FOREIGN KEY (`CRE_id`) REFERENCES `pl_creneau` (`CRE_id`) ON DELETE NO ACTION ON UPDATE NO ACTION,
  ADD CONSTRAINT `fk_numEnc_planning` FOREIGN KEY (`ENC_Num`) REFERENCES `salaries` (`SAL_NumSalarie`) ON DELETE NO ACTION ON UPDATE NO ACTION,
  ADD CONSTRAINT `fk_numSal_planning` FOREIGN KEY (`SAL_NumSalarie`) REFERENCES `salaries` (`SAL_NumSalarie`) ON DELETE NO ACTION ON UPDATE NO ACTION,
  ADD CONSTRAINT `fk_type_planning` FOREIGN KEY (`PL_id`) REFERENCES `typeplanning` (`PL_id`) ON DELETE NO ACTION ON UPDATE NO ACTION;

--
-- Contraintes pour la table `referents`
--
ALTER TABLE `referents`
  ADD CONSTRAINT `fk_Referents_Prescripteurs1` FOREIGN KEY (`PRE_Id`) REFERENCES `prescripteurs` (`PRE_Id`) ON DELETE NO ACTION ON UPDATE NO ACTION,
  ADD CONSTRAINT `fk_Referent_Personnes1` FOREIGN KEY (`PER_Num`) REFERENCES `personnes` (`PER_Num`) ON DELETE NO ACTION ON UPDATE NO ACTION;

--
-- Contraintes pour la table `salaries`
--
ALTER TABLE `salaries`
  ADD CONSTRAINT `fk_Salaries_Fonction1` FOREIGN KEY (`FCT_Id`) REFERENCES `fonction` (`FCT_Id`) ON DELETE NO ACTION ON UPDATE NO ACTION,
  ADD CONSTRAINT `fk_Salaries_Personnes1` FOREIGN KEY (`PER_Num`) REFERENCES `personnes` (`PER_Num`) ON DELETE CASCADE ON UPDATE CASCADE,
  ADD CONSTRAINT `fk_Salaries_Type1` FOREIGN KEY (`TYP_Id`) REFERENCES `type` (`TYP_Id`) ON DELETE NO ACTION ON UPDATE NO ACTION;

--
-- Contraintes pour la table `tempstravail`
--
ALTER TABLE `tempstravail`
  ADD CONSTRAINT `fk_TempsTravail_Salaries1` FOREIGN KEY (`SAL_NumSalarie`) REFERENCES `salaries` (`SAL_NumSalarie`) ON DELETE CASCADE ON UPDATE CASCADE,
  ADD CONSTRAINT `fk_Travail_Chantiers1` FOREIGN KEY (`CHA_NumDevis`) REFERENCES `chantiers` (`CHA_NumDevis`) ON DELETE CASCADE ON UPDATE CASCADE;

/*!40101 SET CHARACTER_SET_CLIENT=@OLD_CHARACTER_SET_CLIENT */;
/*!40101 SET CHARACTER_SET_RESULTS=@OLD_CHARACTER_SET_RESULTS */;
/*!40101 SET COLLATION_CONNECTION=@OLD_COLLATION_CONNECTION */;
